mfcc_0,mfcc_1,mfcc_2,mfcc_3,mfcc_4,mfcc_5,mfcc_6,mfcc_7,mfcc_8,mfcc_9,mfcc_10,mfcc_11,mfcc_12,mfcc_13,mfcc_14,mfcc_15,mfcc_16,mfcc_17,mfcc_18,mfcc_19,mfcc_20,mfcc_21,mfcc_22,mfcc_23,mfcc_24,mfcc_25,mfcc_26,mfcc_27,mfcc_28,mfcc_29,mfcc_30,mfcc_31,mfcc_32,mfcc_33,mfcc_34,mfcc_35,mfcc_36,mfcc_37,mfcc_38,emotion,filename
-542.2605,33.78299,-3.803622,3.0919855,-9.681706,-6.023739,-8.644806,-11.424565,-11.615021,-1.2892501,-7.2457585,-5.9468737,-3.1478207,-0.00028007553,-0.00039089925,-0.00037452878,-0.00034779205,-0.00031140007,-0.0002664645,-0.00021408578,-0.00015584957,-9.327951e-05,-2.8057211e-05,3.8056685e-05,0.000103335406,0.00016616224,-0.00026353012,-0.00036939362,-0.00035864362,-0.00034102603,-0.0003170149,-0.00028723656,-0.00025244578,-0.00021352712,-0.00017145823,-0.00012725557,-8.1989274e-05,-3.670094e-05,7.5819576e-06,angry,03-01-05-01-02-01-16.wav
-550.81915,37.23245,-5.9668603,4.732355,-2.0085783,-9.404682,-14.451254,-14.265596,-8.414462,0.75880015,-12.590664,-7.83936,1.5324706,-2.7743254e-05,-3.938551e-05,-3.8806495e-05,-3.775064e-05,-3.636348e-05,-3.4604753e-05,-3.2449698e-05,-2.9991199e-05,-2.7223066e-05,-2.4207227e-05,-2.0906522e-05,-1.7445776e-05,-1.3818989e-05,5.5709443e-05,7.770588e-05,7.452903e-05,6.932097e-05,6.228298e-05,5.360083e-05,4.3538097e-05,3.2416025e-05,2.0567473e-05,8.347746e-06,-3.867335e-06,-1.5701566e-05,-2.6809028e-05,fearful,03-01-06-01-02-02-16.wav
-390.477,18.890251,-27.031868,0.8723716,-9.466908,-16.579594,-13.888438,-13.2483225,-9.088617,-0.59835094,-14.074069,-2.6092675,9.437297,0.01751927,0.003848911,-0.012840093,0.002714856,0.009607777,-0.0005282645,-0.012254715,-0.013933834,0.004245912,0.009149427,-0.011581006,-0.008262361,0.0133716455,0.00031163232,-0.00050581666,0.0010127296,0.0017996693,-0.002312484,-0.0015884482,0.0019344517,0.00013827685,-0.001175947,4.529946e-05,0.00050626555,0.0013242627,0.0006213803,fearful,03-01-06-02-01-02-16.wav
-440.9078,33.383163,-8.692478,4.5283694,-10.455301,-11.298502,-4.23206,-10.755426,-9.554723,1.8070232,-9.219636,-3.2875636,-0.88363904,-0.0006431757,-0.00090026855,-0.00087090424,-0.000822533,-0.0007562859,-0.000673222,-0.0005749991,-0.00046351898,-0.0003409053,-0.00020945627,-7.168082e-05,6.977347e-05,0.00021233947,-0.00027438652,-0.0003847854,-0.00037502687,-0.00035892532,-0.00033683417,-0.0003091582,-0.0002764401,-0.0002392974,-0.00019843773,-0.00015463663,-0.00010872858,-6.157853e-05,-1.406635e-05,angry,03-01-05-02-01-01-16.wav
-625.4138,50.351124,-0.10346365,9.324964,-5.05266,-1.2022092,-9.441997,-10.114929,-6.7675557,0.7877248,-6.3939376,-5.310206,1.6811866,0.036747843,0.048863247,0.041429766,0.033721432,0.02858988,0.02562249,0.022123044,0.016084349,0.0084085995,0.0024261563,0.0011450469,0.004572494,0.009400339,-0.0039370717,-0.004886631,-0.00316937,-0.0014659262,-0.00075654674,-0.00090082514,-0.0011324867,-0.0007798094,0.00045212646,0.0019311517,0.002625706,0.002331952,0.0015564827,disgust,03-01-07-01-01-01-16.wav
-667.4001,59.642807,3.0316894,10.734395,-3.258639,-9.224376,-13.292101,-9.636475,-4.8399014,-2.5742583,-9.710682,-4.0401535,0.121355824,0.044410463,0.05821432,0.046788696,0.033925876,0.024385342,0.019352643,0.016397972,0.012142236,0.0053106416,-0.002303573,-0.0075542275,-0.008676001,-0.00670057,0.0001696204,0.00022589174,0.0002725147,0.0005296681,0.0010212318,0.0016109251,0.0021102217,0.0023579055,0.0022387775,0.0017438702,0.0010523419,0.00047347115,0.00022272776,sad,03-01-04-01-01-02-16.wav
-595.4007,51.960415,-8.388944,7.897839,-0.44239664,-13.809476,-22.989067,-11.996376,-3.9496813,-1.8608876,-13.484977,-5.7325706,2.2063344,0.08944228,0.07362231,0.022997465,0.037405845,0.035485286,0.014753306,-0.0066783503,-0.015693706,0.0165036,0.02445741,-0.0094151115,-0.00025206618,0.022485858,0.007196468,-0.018419089,-0.022987632,-0.002125515,-0.0014541997,0.0054868646,0.008689833,0.0027798885,-0.0012948158,-0.0051735644,-0.009165697,-0.008524776,-0.0020848706,sad,03-01-04-02-02-02-16.wav
-573.01886,47.702213,8.315763,9.39464,-1.6831181,-8.62671,-12.220373,-11.266495,-10.968115,2.8155622,-12.174966,-5.5607405,-1.4223807,0.15090209,0.19186874,0.13819604,0.07560562,0.021608733,-0.019351352,-0.048520606,-0.06405949,-0.062438015,-0.045677535,-0.022839744,-0.003644565,0.007239419,0.025196204,0.028138347,0.013021575,0.001894887,-0.0038236806,-0.009472215,-0.015035509,-0.015541371,-0.010634779,-0.0053570615,-0.0023323095,8.546041e-05,0.0024313696,disgust,03-01-07-02-02-01-16.wav
-511.74347,39.926937,-10.429711,-0.11581163,-5.946579,-15.16559,-14.706603,-10.991037,-9.101171,-3.9145706,-11.386825,-2.664335,-2.8705885,-0.008224884,-0.011485806,-0.011054324,-0.010350221,-0.0093953265,-0.0082189385,-0.0068572154,-0.0053510293,-0.0037450418,-0.0020859705,-0.00042085524,0.001204534,0.0027472384,0.0012755517,0.0017847272,0.001727485,0.0016336441,0.0015055654,0.0013464371,0.0011601944,0.0009514666,0.0007253885,0.0004875304,0.00024367617,-2.6164116e-07,-0.00023845419,surprised,03-01-08-02-02-01-16.wav
-610.3378,45.777775,-8.518453,4.789655,-5.6445065,-10.512264,-12.236601,-8.404195,-3.2949686,-3.00537,-10.023214,-1.8259988,-5.563401,0.010182499,0.014191871,0.013579524,0.01258521,0.011247024,0.009615717,0.0077510863,0.00571782,0.0035819882,0.0014080098,-0.00074217055,-0.0028104347,-0.004742772,0.0025213372,0.0035004148,0.003307056,0.0029958526,0.002584149,0.0020956837,0.0015574655,0.0009955799,0.00043222329,-0.00011445728,-0.00062826043,-0.0010931274,-0.0014936331,surprised,03-01-08-01-01-01-16.wav
-531.83014,36.177265,-9.514291,5.053874,-3.2367592,-11.967565,-10.899473,-9.773921,-6.809905,1.9978193,-8.246627,-5.596962,-0.6143785,-0.0017424793,-0.0024429646,-0.002377359,-0.0022694191,-0.0021213845,-0.0019358193,-0.0017163928,-0.0014672047,-0.0011929536,-0.00089883513,-0.0005904174,-0.00027335563,4.634479e-05,0.00018623399,0.00025456998,0.00022951423,0.0001909006,0.00014304515,9.1221635e-05,4.103562e-05,-2.230086e-06,-3.4194894e-05,-5.1768813e-05,-5.3449374e-05,-3.9288185e-05,-1.0782625e-05,happy,03-01-03-02-02-02-16.wav
-569.3299,40.16785,-7.3726344,10.3219595,-1.6827226,-6.3863535,-9.667097,-6.645212,-2.8496525,-0.6104061,-8.759113,-2.7755315,-0.2811723,-0.025462408,-0.005024796,0.038393945,0.03526365,0.01938965,0.045614045,0.08345665,0.07256689,0.030664708,0.016841672,0.0282089,0.01780847,-0.014553906,0.025024612,0.011858713,-0.0006799698,0.0095521845,0.008964898,0.0020884934,-0.011961172,-0.007173997,0.0029173484,4.192268e-05,-0.001810401,-0.0007163571,0.004719486,happy,03-01-03-01-01-02-16.wav
-636.2109,44.55713,5.051871,8.732717,-0.100771025,-9.577709,-11.6370535,-7.4877915,-4.772523,-4.031633,-6.136098,-1.5183896,-5.4918475,0.025898129,0.03527842,0.031827852,0.027595917,0.023654055,0.020130554,0.016361013,0.011713907,0.0063464423,0.001221793,-0.002637182,-0.005007787,-0.0066861426,-0.008385045,-0.011376127,-0.009938761,-0.0076275617,-0.004703532,-0.0016324075,0.0010429249,0.0029217883,0.0039013284,0.004151183,0.0039293347,0.003390145,0.0025379055,neutral,03-01-01-01-02-02-16.wav
-537.2507,38.058853,-14.106685,4.726502,-3.861257,-8.480325,-11.076235,-11.166878,-7.087175,0.69051516,-9.937613,-5.417131,-1.9162588,0.005429695,0.007391713,0.006565047,0.0052957125,0.0037287672,0.002035141,0.00038606842,-0.0010719241,-0.0022367348,-0.0030622424,-0.0035592413,-0.0037865082,-0.0038328813,0.0005339523,0.00072641316,0.0006408695,0.0005028833,0.00032031318,0.00010543367,-0.00012494304,-0.00035052194,-0.00054979837,-0.00070342986,-0.00079769484,-0.0008274203,-0.0007971955,happy,03-01-03-02-01-01-16.wav
-579.7299,41.741753,-4.757807,7.5008264,0.16801481,-9.43859,-12.131509,-8.491422,-6.212281,-1.9174926,-9.006648,-5.0211005,-1.9835876,0.011229711,0.015606329,0.014797584,0.013496067,0.011768379,0.009701297,0.0073961057,0.004962329,0.002510367,0.00014514805,-0.0020402232,-0.0039694887,-0.005586864,-0.0012839299,-0.0017692643,-0.0016344748,-0.0014231635,-0.0011542895,-0.00085222645,-0.0005447502,-0.00026046712,-2.5932834e-05,0.00013718435,0.0002147248,0.00020191351,0.000104373474,happy,03-01-03-01-02-01-16.wav
-661.3847,57.8662,5.734875,9.329721,-0.9674277,-7.800698,-8.779259,-5.9853787,-6.4836807,-2.2852418,-8.6384,-2.7096887,-3.3878872,0.07563734,0.100301586,0.08291902,0.060533203,0.038238797,0.01896459,0.0039986973,-0.006503182,-0.013169241,-0.016552985,-0.016639424,-0.013505195,-0.0081062615,0.0039974,0.0052058995,0.004022228,0.0023978837,0.00055650005,-0.001225969,-0.00246132,-0.0026779694,-0.0018274009,-0.00036439393,0.0010649107,0.002010672,0.0024192957,neutral,03-01-01-01-01-01-16.wav
-573.09314,44.544693,-9.090088,7.458847,-3.050852,-9.040843,-10.19501,-12.724417,-8.738255,0.8043763,-11.7098055,-9.104034,4.253734,0.00037326812,0.0011608601,0.0018796485,0.0012756347,0.00025972127,0.00042233468,0.0011773705,0.0008425951,-0.00031186343,-0.0005493403,0.00021345615,0.00028551818,-0.00073488057,-0.0006530791,-0.0010535836,-0.0011740371,-0.00096672773,-0.0006435476,-0.00057259947,-0.00062630326,-0.00042740666,-4.3725966e-05,0.00012311041,4.957393e-05,0.00011815876,0.00041878893,fearful,03-01-06-01-01-01-16.wav
-484.2248,37.301254,-4.630346,4.902927,-6.044148,-8.455348,-4.194773,-8.831252,-11.480978,1.7593307,-7.805763,-5.069661,0.15935603,0.0032685562,0.003481942,0.0017634761,0.0020176165,0.0038077955,0.0043695536,0.0027685,0.0013046478,0.002055383,0.003757146,0.0037115875,0.0018443527,0.00081437174,-0.00018871175,3.779141e-05,0.0004678365,0.0003376722,-0.000154283,-0.00023934193,0.00020461826,0.0004596476,0.00010440606,-0.00031789535,-0.00015854783,0.00030981537,0.00032424583,angry,03-01-05-01-01-02-16.wav
-445.2739,25.886147,-11.649359,2.1753502,-8.994989,-12.142755,-2.6324358,-12.373636,-11.14048,4.907448,-9.6001005,-2.9852684,-1.2572459,6.9358134e-07,-2.7093021e-08,4.3348834e-08,-2.1674417e-08,-2.1674417e-08,0.0,2.7093021e-09,2.1674417e-08,0.0,-5.4186042e-09,0.0,-5.4186042e-09,5.4186042e-09,9.8022545e-05,0.00013836948,0.00013764879,0.0001364567,0.00013479996,0.00013267859,0.00013011762,0.00012712587,0.00012372163,0.000119919125,0.00011574951,0.000111232424,0.00010639463,angry,03-01-05-02-02-02-16.wav
-402.5625,18.201899,-28.710587,-0.29558998,-9.608507,-18.010763,-12.938777,-17.653666,-13.400569,2.059035,-16.326475,-6.7968125,6.9219866,0.0016874425,0.002386548,0.0023861555,0.0023854822,0.0023845597,0.002383363,0.0023819169,0.0023801965,0.002378152,0.0023758707,0.002373365,0.0023705647,0.002367481,0.00021750787,0.0003073761,0.00030708313,0.000306572,0.00030588947,0.0003050106,0.00030392135,0.0003026467,0.00030117563,0.00029951998,0.00029767398,0.00029563592,0.00029342627,fearful,03-01-06-02-02-01-16.wav
-680.8529,46.739292,3.1917138,9.208813,2.0486104,-5.5801735,-12.643098,-8.9864435,-4.683904,-0.8901328,-9.575981,-4.891093,-1.2416002,0.042164706,0.056598637,0.049419604,0.04095908,0.031731475,0.021935131,0.013979036,0.009537937,0.0062075634,0.00076594966,-0.00578482,-0.009853214,-0.01042923,-0.012517592,-0.014237638,-0.006531545,-0.00026550342,0.001115773,-0.00062822446,-0.0012279368,0.00097069005,0.0035249174,0.0034669768,0.0009873197,-0.0014312073,-0.0020927186,sad,03-01-04-01-02-01-16.wav
-584.1529,48.059227,1.9473698,7.9273944,-0.32815036,-6.6997848,-10.767588,-7.61909,-5.699137,-1.051672,-7.4607186,-3.2299469,-1.8900541,0.005552614,0.026480688,0.04728617,0.034113213,0.015532302,0.023192158,0.0364827,0.027871566,0.007866748,0.001200676,0.009071474,0.012009161,0.002417648,-0.017774576,-0.011082005,0.0067681028,0.0021279757,-0.007861855,-0.0013256506,0.010477444,0.008200286,-0.0037011364,-0.006605851,0.0024216445,0.00695567,-0.00029291425,disgust,03-01-07-01-02-02-16.wav
-567.6983,48.268368,-0.8731784,9.672164,-6.231015,-6.1570506,-8.001659,-12.456642,-7.314849,3.737064,-7.3454943,-6.1213775,1.0840099,0.028140709,0.041639984,0.045964975,0.02745089,-0.005896438,0.0031357333,0.026889468,0.010913179,-0.0091324635,-0.009965985,-0.0049633756,0.0067274687,0.0016215036,-0.040199663,-0.038803253,-0.007407123,2.090918e-05,-0.00938159,-0.00055444177,0.015737353,0.009928985,-0.0036528248,-0.004287984,0.0017997345,0.003790297,-0.0032806194,disgust,03-01-07-02-01-02-16.wav
-610.1378,55.019863,-13.821911,11.335617,-0.43844575,-11.673826,-19.71942,-17.082836,-6.0964293,-0.50086755,-13.301464,-3.5479217,3.0074646,0.015568135,0.021097455,0.018878108,0.016526312,0.014865887,0.01371588,0.012100821,0.009150255,0.004916126,0.00040794455,-0.003186537,-0.005431228,-0.0069325664,0.0036411404,0.003937798,0.0021339913,0.0017637585,0.0016071604,0.00035206243,-0.00060042273,-0.00027470262,-0.0002582636,-0.0014062223,-0.0021059357,-0.0015490751,-0.0012087126,sad,03-01-04-02-01-01-16.wav
-538.7351,43.63794,-10.010734,2.2540622,-11.11717,-12.480882,-10.740067,-7.4319277,-7.7844205,-5.412877,-9.358666,-5.468454,-5.256515,0.007248224,0.00997476,0.00917598,0.007935786,0.006376005,0.004640461,0.0028735392,0.0012008318,-0.00028601504,-0.0015372108,-0.0025443002,-0.0033321483,-0.0039449753,0.00046094882,0.0006209074,0.0005323996,0.0003967659,0.00022971709,4.9809227e-05,-0.00012437034,-0.0002767354,-0.00039558316,-0.00047454413,-0.0005124106,-0.00051202805,-0.0004785242,surprised,03-01-08-02-01-02-16.wav
-533.97754,34.28267,-6.8140383,2.452866,-9.102089,-14.345845,-14.975832,-4.984298,-8.458524,-7.266215,-8.1064,-6.171467,-7.114112,0.0026093554,0.0036448536,0.003511288,0.0032942344,0.0030013218,0.0026430476,0.0022312906,0.0017799403,0.0013031672,0.0008151675,0.00032948487,-0.00014166864,-0.0005876938,0.0014619059,0.002034693,0.0019392263,0.0017891526,0.001596294,0.0013743663,0.001136692,0.0008943541,0.00065490784,0.00042197888,0.00019574245,-2.5868816e-05,-0.00024552713,surprised,03-01-08-01-02-02-16.wav
-633.23755,51.870766,3.5300555,8.55316,0.4559997,-10.855191,-14.566893,-6.721715,-6.1690774,0.05038973,-8.522209,-2.52773,-3.2238362,0.05003533,0.06633373,0.055238932,0.042308636,0.031483553,0.023665356,0.017432922,0.011254151,0.004899814,-0.00077876064,-0.0048371586,-0.006918137,-0.007394601,-0.0017288649,-0.0019437227,-0.0007336262,0.00051316235,0.0012103182,0.0012285587,0.00089929043,0.00067414227,0.00074143667,0.00092008786,0.00089168263,0.0005269112,-9.796559e-07,neutral,03-01-01-01-02-01-16.wav
-592.8068,41.242146,-12.0906315,7.786868,-2.8705187,-8.808646,-10.195847,-9.718952,-5.9958086,-0.20398128,-10.322725,-3.7256362,-0.60030013,0.0072336197,0.009978866,0.009243727,0.008072114,0.00654037,0.004745996,0.0028012157,0.00082354544,-0.0010727048,-0.0027847053,-0.0042280196,-0.0053417743,-0.0060916306,9.076297e-05,2.0736456e-05,-0.00022588522,-0.00049669744,-0.0007720113,-0.0010614514,-0.001288066,-0.0013510585,-0.0012502372,-0.0010492473,-0.0007601753,-0.00036198125,9.739325e-05,happy,03-01-03-01-01-01-16.wav
-520.0863,29.789665,-9.49582,5.7967963,-5.9744425,-14.387771,-14.708279,-10.981912,-8.302332,-1.7950737,-12.477537,-5.797523,-4.2266994,-0.007054803,-0.0043332856,0.0057011237,0.008476913,0.0023920434,-0.0034002292,-0.0023232442,0.0013843138,0.00044182618,-0.003908005,-0.003716381,0.0031746472,0.008502024,0.0018549287,0.0012203052,-0.001275848,-0.001972813,-0.0004732287,0.000949924,0.0006644521,-0.0002756916,-6.187182e-05,0.0009972084,0.00092769036,-0.00080562005,-0.0021500099,happy,03-01-03-02-02-01-16.wav
-547.65784,37.61478,0.05248981,5.2102823,-3.7895944,-12.356822,-10.20872,-8.127318,-8.822581,-0.57419515,-9.370645,-4.4532847,-2.0736537,0.0005876765,0.0008162813,0.0007715705,0.00069846254,0.0005990247,0.00047604865,0.00033300815,0.00017395499,3.5056855e-06,-0.00017351811,-0.00035193245,-0.0005264955,-0.0006920213,0.00031707008,0.00033732367,7.181327e-05,-0.0001917578,-0.0003117676,-0.00024898624,-7.800683e-05,7.80015e-05,0.00013492227,9.270487e-05,1.2552272e-05,-4.4714805e-05,-6.3876534e-05,disgust,03-01-07-02-02-02-16.wav
-623.2237,49.779057,-0.06429195,7.7967396,-1.5724231,-13.899129,-17.891651,-13.158686,-10.357682,-2.2310815,-12.010119,-6.9307203,-0.56456983,-0.42265713,-0.52619416,-0.34946522,-0.14698857,0.017736524,0.11566079,0.1406532,0.10650781,0.046343237,-0.0064296494,-0.03629367,-0.039985776,-0.01739484,0.06790064,0.08377861,0.052721936,0.01573417,-0.0132073285,-0.025338475,-0.02318469,-0.014977594,-0.004860995,0.005275938,0.011370591,0.009725244,0.0016684325,sad,03-01-04-02-02-01-16.wav
-672.79675,44.611713,0.18129423,11.717804,-3.714228,-4.868635,-11.4453,-8.68859,-2.2597804,-4.1329827,-8.029988,-3.3266423,-0.55916023,0.0,-4.9541523e-08,0.0,-1.2385381e-08,2.4770761e-08,0.0,4.6445177e-09,6.1926904e-09,-3.0963452e-09,-6.1926904e-09,-6.1926904e-09,-3.0963452e-09,-6.1926904e-09,4.6445177e-09,0.0,-3.0963452e-09,6.1926904e-09,3.8704315e-10,7.740863e-10,-2.3222588e-09,-1.5481726e-09,-3.8704315e-10,1.1611294e-09,0.0,0.0,-1.1611294e-09,sad,03-01-04-01-01-01-16.wav
-605.6168,54.717014,-1.7419748,6.132607,-6.523241,-1.7850977,-10.140293,-12.728808,-5.035169,0.85886973,-8.006942,-5.748035,-0.0878475,0.041866325,0.05713836,0.050317492,0.040528666,0.0346628,0.03722121,0.04154282,0.03530751,0.016287312,-0.0028755057,-0.008745318,-0.0019752905,0.0056610107,0.0018626918,0.0011010851,-0.0012345876,-0.0011049886,0.001282846,0.0035272103,0.004475768,0.004510385,0.0037337719,0.0018254675,-0.00023255512,-0.00049256254,0.0009538876,disgust,03-01-07-01-01-02-16.wav
-425.36642,28.141977,-18.408752,2.342421,-10.613114,-12.770657,-4.541979,-13.798553,-12.1343565,3.6467113,-8.831521,-4.770383,-1.5623281,2.6347474e-05,3.6962283e-05,3.686751e-05,3.6950438e-05,3.6891204e-05,3.6861584e-05,3.6837893e-05,3.682012e-05,3.6760888e-05,3.671646e-05,3.6672034e-05,3.659503e-05,3.6547644e-05,-3.218799e-05,-4.5376535e-05,-4.5361725e-05,-4.534988e-05,-4.5323595e-05,-4.5293607e-05,-4.526103e-05,-4.5216602e-05,-4.516218e-05,-4.5102577e-05,-4.504038e-05,-4.4963374e-05,-4.488785e-05,angry,03-01-05-02-01-02-16.wav
-406.96347,25.980309,-26.406765,1.7620198,-10.926498,-14.454911,-14.665294,-15.438833,-10.513911,-0.9156027,-15.936662,-8.764137,6.4649,3.7910036e-07,0.0,1.1846886e-08,-2.3693772e-08,0.0,0.0,0.0,-1.1846886e-08,0.0,1.1846886e-08,0.0,-1.1846886e-08,-2.9617215e-09,5.923443e-09,-5.923443e-09,-5.923443e-09,1.4808608e-09,-2.9617215e-09,5.923443e-09,2.9617215e-09,1.851076e-09,1.4808608e-09,-3.702152e-10,7.404304e-10,-1.1106456e-09,7.404304e-10,fearful,03-01-06-02-01-01-16.wav
-583.1845,38.399662,-1.5146134,9.677089,-0.6118446,-8.201895,-13.624723,-10.661943,-4.016348,0.1413585,-9.998659,-4.0719843,1.836165,0.39986715,0.20539346,-0.06936624,0.08116394,0.08672759,-0.015435917,-0.13580064,-0.13096859,0.045147065,0.05883836,-0.11672679,-0.077437565,0.10314525,-0.013614694,0.0024182387,0.0038150465,-0.011740041,0.00086534856,0.0014427635,-0.0016300587,0.002969098,0.0035149793,0.0010717971,0.003085273,0.0027342115,-0.0065128263,fearful,03-01-06-01-02-01-16.wav
-497.7165,35.110737,-4.0374994,8.741479,-5.4947977,-8.112447,-7.9099684,-11.858704,-10.675445,0.5143959,-8.35842,-5.9860363,-0.44622853,0.0006513426,0.0009120061,0.0008870413,0.0008475089,0.00079629547,0.00073722977,0.00067440013,0.00061221374,0.0005548127,0.0005057267,0.00046784215,0.00044297043,0.00043194235,-0.0010490079,-0.0014748207,-0.0014489078,-0.0014061674,-0.0013472153,-0.0012729972,-0.0011847513,-0.001083992,-0.000972539,-0.0008525418,-0.0007263542,-0.0005965921,-0.00046600853,angry,03-01-05-01-02-02-16.wav
-564.3452,41.12686,-6.4685535,2.2192507,-10.326286,-12.41428,-13.351357,-6.131392,-6.956504,-6.420754,-5.919492,-5.4367685,-7.507436,0.009801468,0.013689848,0.013179293,0.012351856,0.01124071,0.009889424,0.008349438,0.0066768466,0.0049291523,0.0031622944,0.0014275992,-0.00023018754,-0.001774884,0.0017252832,0.002409529,0.0023195087,0.002173859,0.001978951,0.0017429871,0.0014756414,0.0011873613,0.00088874606,0.00058994675,0.0003000986,2.6899696e-05,-0.00022372263,surprised,03-01-08-01-01-02-16.wav
-536.67645,36.950226,-9.29224,-0.22001906,-6.690408,-15.099825,-14.859607,-9.450258,-8.276844,-6.015509,-10.883523,-4.1920547,-6.3360295,0.0042435285,0.0059408215,0.005760837,0.0054650367,0.005059552,0.0045526926,0.003954974,0.00327872,0.0025378885,0.0017478125,0.00092469255,8.5527245e-05,-0.00075244973,0.0009337462,0.0013076362,0.0012689937,0.0012054343,0.0011182466,0.0010091508,0.0008803289,0.0007343586,0.0005741491,0.0004028949,0.00022403896,4.114733e-05,-0.0001421234,surprised,03-01-08-02-02-02-16.wav
-635.13965,49.866978,-6.909384,8.6399555,-0.9244956,-7.4502487,-15.982485,-11.821674,-6.3137927,2.5080807,-12.21347,-6.009837,3.3427715,0.030670166,0.042208415,0.038915355,0.033995327,0.028050551,0.021652896,0.015309212,0.009414068,0.0041444246,-0.0005794589,-0.00493864,-0.008954828,-0.012379626,0.00073009584,-0.000747733,-0.0021984286,0.00019057204,0.0024279938,0.00092823914,-0.0013141502,-0.0005563817,0.0016350222,0.0015668259,-8.568131e-05,-0.00016335597,0.00028722023,sad,03-01-04-02-01-02-16.wav
-591.3774,51.13715,2.0574613,8.324606,-4.8676763,-7.3198786,-12.829046,-13.708764,-6.166743,2.4399288,-9.691351,-6.857939,-1.0409594,0.020021854,0.027484972,0.025243858,0.022158587,0.018726764,0.0151001355,0.011138864,0.0067300485,0.0020780668,-0.002298013,-0.005868839,-0.0084464215,-0.010284092,0.0047909487,0.0058621387,0.004139176,0.0030455256,0.0024116645,0.0013728401,0.00025546324,-2.4526016e-05,0.0002489958,2.184316e-06,-0.00079645024,-0.0011924065,-0.0009801702,disgust,03-01-07-02-01-01-16.wav
-625.2125,44.119793,0.44855714,9.450167,-4.97693,-10.867088,-12.835262,-6.0664043,-6.245357,-6.137946,-5.955895,-4.545087,-4.4384484,0.023610637,0.032826476,0.031122843,0.028296228,0.0245003,0.020078812,0.015492122,0.011154798,0.007294998,0.003934568,0.000990982,-0.0015946833,-0.0038111496,0.0033061916,0.0045936904,0.0043191244,0.003807408,0.0030785426,0.0022608154,0.0015472157,0.0010888497,0.0009073265,0.00089521246,0.0009027481,0.0008397389,0.00071235496,disgust,03-01-07-01-02-01-16.wav
-685.20044,46.101906,5.398835,11.138909,0.94865954,-6.5416017,-14.709661,-7.681995,-5.788789,-2.5893614,-10.087153,-4.6205993,-2.8750966,0.1510699,0.18882672,0.13310656,0.080351494,0.04555233,0.023446014,0.008218879,-0.0008333724,-0.0060104094,-0.009825675,-0.010798789,-0.009376905,-0.011931792,0.005697465,0.006681354,0.0038907197,0.002169865,0.0025410517,0.003958374,0.0048179296,0.0043842634,0.002942691,0.001213571,-0.00029296117,-0.0016188053,-0.002995419,sad,03-01-04-01-02-02-16.wav
-401.5738,23.687204,-25.90845,-1.5821149,-8.451981,-16.968536,-13.645366,-16.698744,-10.5707445,2.2196164,-13.93841,-5.652062,7.5476565,0.0092747165,0.013085422,0.012993111,0.012841332,0.0126322685,0.0123698255,0.012058131,0.011702758,0.011309428,0.010884771,0.010435667,0.009969263,0.0094929375,-8.031706e-05,-0.00011746615,-0.00012390029,-0.0001265671,-0.00012955484,-0.0001396525,-0.00015359999,-0.00016366882,-0.00017135279,-0.00018410651,-0.0002011787,-0.00021437147,-0.00022244295,fearful,03-01-06-02-02-02-16.wav
-435.68274,22.032663,-14.91726,2.2537584,-8.417856,-13.33416,-1.1918675,-15.193333,-12.142308,4.1888976,-10.586128,-4.800987,-4.369442,-3.2378404e-05,-4.5444907e-05,-4.531116e-05,-4.521812e-05,-4.4985514e-05,-4.465987e-05,-4.43633e-05,-4.4008582e-05,-4.3520115e-05,-4.3008386e-05,-4.2426876e-05,-4.181048e-05,-4.1124298e-05,-9.769346e-07,-1.3839908e-06,-1.3868984e-06,-1.3832639e-06,-1.3738144e-06,-1.3650917e-06,-1.3520078e-06,-1.3396507e-06,-1.331655e-06,-1.3113022e-06,-1.2967645e-06,-1.2764117e-06,-1.2531514e-06,angry,03-01-05-02-02-01-16.wav
-516.3607,39.63817,-3.9544828,8.232258,-6.10125,-7.178852,-5.8920608,-9.803116,-7.1960206,2.0154607,-7.0434313,-2.503003,-0.7439444,0.0063075577,0.008908028,0.008875248,0.008820481,0.008743619,0.008644414,0.008522666,0.008378301,0.008211196,0.008021516,0.007809542,0.007575789,0.007320939,0.0006916814,0.0009798616,0.0009850693,0.0009936981,0.0010056287,0.0010206962,0.0010386962,0.001059336,0.001082265,0.0011070467,0.0011331765,0.0011600575,0.0011869991,angry,03-01-05-01-01-01-16.wav
-608.09076,40.9082,-2.34056,9.386069,-2.1950834,-3.4086921,-8.7898855,-11.312394,-6.024705,0.57092965,-8.627118,-7.1661515,2.5891097,-0.0007146368,-0.0009283609,-0.0007705057,-0.0007153126,-0.00086674467,-0.0011459439,-0.0013402567,-0.0012710836,-0.00093817554,-0.000517542,-0.00021561881,-0.00010514417,-8.251888e-05,-0.0011087948,-0.0014903245,-0.0012924245,-0.0010532669,-0.00083884655,-0.000662045,-0.0004905312,-0.00029264143,-7.807044e-05,0.00010397971,0.00020799179,0.00023844423,0.00025640734,fearful,03-01-06-01-01-02-16.wav
-582.65533,40.38545,-6.5142984,3.8695393,-6.550285,-10.057134,-12.808716,-11.570229,-5.1276927,-3.605539,-10.346637,-2.363971,-5.6161103,0.033525683,0.04667752,0.044432938,0.040630266,0.035360828,0.028950749,0.021911444,0.014771468,0.007914107,0.0015318915,-0.0042831725,-0.009413567,-0.013669879,0.002788727,0.003902069,0.0037510418,0.0034378476,0.0029387253,0.0022968464,0.0016101868,0.0009780923,0.0004493827,1.2291188e-05,-0.00036961352,-0.0007094642,-0.0009797993,surprised,03-01-08-01-02-01-16.wav
-559.802,43.886997,-12.6948395,2.9311492,-7.671615,-9.162406,-13.949363,-11.902747,-2.6967003,-3.665993,-9.781438,-4.2136827,-4.8090906,0.003184599,0.004368651,0.003983192,0.003396003,0.0026789648,0.0019135538,0.0011762575,0.0005260293,-3.9019615e-06,-0.00040877098,-0.0007085582,-0.0009394939,-0.001142639,0.0002046099,0.00027230207,0.00022400127,0.00015170278,6.613077e-05,-2.0653593e-05,-9.735269e-05,-0.00015539282,-0.00019018869,-0.00020153383,-0.00019311438,-0.0001712422,-0.00014314931,surprised,03-01-08-02-01-01-16.wav
-669.83075,57.962574,5.1220007,10.897899,-0.54232144,-8.684328,-8.73612,-5.5816965,-5.047155,-2.0619361,-7.950999,-3.0372438,-2.8989503,0.0949218,0.11810734,0.08205077,0.049710006,0.033233725,0.027625225,0.022541733,0.01282391,-0.00020823271,-0.011258854,-0.015235007,-0.012986109,-0.011266407,-0.0064311326,-0.008291448,-0.0064554005,-0.004643461,-0.003483097,-0.0031463553,-0.0035166785,-0.0040364815,-0.0039536,-0.003002021,-0.0016142848,-0.00053989445,-0.00031752087,neutral,03-01-01-01-01-02-16.wav
-582.2363,37.813168,-8.32832,6.2251415,-1.0587984,-9.504315,-11.931065,-10.289874,-7.953248,0.92679715,-8.28619,-5.801534,-2.4152932,0.12227204,0.04711617,-0.086974174,-0.03669801,0.005663272,-0.0280291,-0.015561686,0.022082983,0.013263847,-0.0043883715,-0.0079223225,-0.011064007,-0.004058142,-0.023687417,-0.012213533,0.010302016,0.0019928555,-0.004076508,0.0021767197,0.00027693162,-0.004240228,-0.0015259254,6.2918516e-05,0.00010264154,0.0021419285,0.0017740941,happy,03-01-03-01-02-02-16.wav
-454.0269,31.44311,-16.395184,6.697245,-4.269051,-12.48555,-8.794032,-7.380772,-6.656951,1.2342858,-9.491821,-4.1652594,-0.045063168,0.0004563765,0.00064423797,0.00064408936,0.00064382615,0.0006434701,0.0006430799,0.00064250093,0.00064188783,0.0006411664,0.0006403211,0.00063941075,0.00063840445,0.0006372898,0.000117109965,0.00016561731,0.00016557396,0.00016551203,0.00016542534,0.00016530922,0.00016517608,0.00016501352,0.0001648258,0.00016461565,0.00016437877,0.00016411835,0.00016382917,happy,03-01-03-02-01-02-16.wav
-700.3051,66.63224,28.183119,24.51742,14.919871,8.103116,5.8325195,1.9335873,-0.7792016,3.366244,6.0509524,0.7333217,-0.3639219,0.44978634,0.46596897,0.2638028,0.1942953,0.13737966,0.09958985,0.075008616,0.055602122,0.04402208,0.03221314,0.03278735,0.036146984,0.0475847,0.05736645,0.04255524,-0.0008571148,-0.007105952,-0.009094268,-0.007967016,-0.0066791275,-0.007608554,-0.008813786,-0.007141011,-0.0030190866,-0.0013701896,-0.001734699,neutral,03-01-01-01-02-02-11.wav
-666.72864,61.362637,16.287018,11.994499,10.763568,6.989389,1.1845111,1.0446217,-2.3440354,0.49650308,4.65109,0.3895644,-0.17692488,0.0024354353,0.0034953132,0.0036668226,0.0039474377,0.0042455643,0.0044294647,0.0044965954,0.004723694,0.0056151585,0.0076117585,0.010745125,0.014503306,0.018029677,0.0017230407,0.0023313295,0.002035243,0.0015901137,0.0010355728,0.00043360156,-9.279061e-05,-0.00039287927,-0.0004060329,-0.00024503988,-0.00012318294,-0.00016695066,-0.0003090989,happy,03-01-03-01-01-02-11.wav
-514.74664,43.191605,5.7722054,4.2436013,-0.7620973,-0.54304665,-4.018765,-3.25851,-5.7625585,-7.5700636,-0.52813923,-1.9546636,-2.9782267,0.018535892,0.026176933,0.026068434,0.02588843,0.025638606,0.025320875,0.024937863,0.024492655,0.023988724,0.023430249,0.022821464,0.022167169,0.021472318,0.0054400535,0.0076820296,0.007647609,0.0075905425,0.0075113163,0.007410539,0.007289037,0.0071477527,0.0069878087,0.0068104486,0.0066170567,0.006409105,0.0061881733,happy,03-01-03-02-02-02-11.wav
-533.8294,41.88679,9.188053,10.774407,0.102649264,1.5861735,-1.6376915,-6.42938,-7.8679147,-8.468254,-1.0681956,-2.1883214,-4.965212,0.008782281,0.01237207,0.012236308,0.012011422,0.011699478,0.011303372,0.0108268,0.01027404,0.009650137,0.00896083,0.008212222,0.0074108774,0.0065639284,0.008385811,0.011836661,0.011769016,0.011657078,0.011502031,0.011305492,0.011069509,0.010796501,0.010489233,0.010150751,0.009784358,0.009393533,0.008981903,sad,03-01-04-02-02-02-11.wav
-594.13184,62.752815,17.615187,9.204911,-0.96713334,2.6843429,2.5461097,-3.2495959,-7.711541,-5.6608324,4.252163,-2.4146411,-2.6051135,-0.021801682,-0.02976029,-0.02652866,-0.021324418,-0.014902677,-0.008488389,-0.0031042395,0.001081834,0.004709753,0.00847698,0.01241187,0.01587587,0.018238163,0.0012636214,0.0016980616,0.0014733202,0.0011758626,0.00078193,0.00017932928,-0.0006946288,-0.001712397,-0.002578716,-0.003023837,-0.0029966328,-0.00267914,-0.0023213367,disgust,03-01-07-02-02-01-11.wav
-626.029,52.828518,14.370107,16.647524,3.815784,4.1198716,3.5805871,-0.8595128,-4.742335,-2.7873638,5.3523464,-1.665013,-2.13755,0.009919172,0.013951715,0.0137220295,0.013332661,0.012779548,0.012065543,0.011205105,0.010223475,0.009153858,0.008030365,0.00688348,0.0057349927,0.004598898,-0.013371333,-0.018858861,-0.018711386,-0.018481942,-0.018186618,-0.017834784,-0.017423002,-0.016934307,-0.016343828,-0.015629096,-0.014780979,-0.013810726,-0.012749462,disgust,03-01-07-01-01-01-11.wav
-709.4862,63.882225,25.09937,25.171581,14.942026,8.699793,6.9665294,4.283602,-1.6265854,-0.22504474,6.6909437,2.7491682,0.78140056,-0.0012367445,-0.008450777,-0.019504448,-0.01552926,-0.011856348,-0.009608586,-0.006010219,-0.0046413983,0.003850301,0.0020866394,0.007472674,0.013554494,0.0016704706,0.0040752552,0.0043301093,0.0038862044,0.0015026912,-5.04347e-05,0.00065065577,-1.6980446e-05,-0.0026351756,-0.0059416755,-0.0060030255,-0.006318917,-0.0050148657,-0.0022609013,sad,03-01-04-01-01-02-11.wav
-448.7408,35.301662,-3.6717627,5.223676,1.1759174,-1.8429149,-1.3183398,-2.2012131,-7.6475334,-2.295216,0.08960005,-2.6971912,-5.398387,-0.082023956,-0.06483946,0.016395928,0.019003088,-0.043864954,-0.06599053,-0.008057857,0.05362761,0.042272285,-0.018958438,-0.047777724,-0.014814515,0.0220007,-0.006229722,-0.007692634,-0.0068998905,-0.0073276535,-0.0048141447,0.00077227753,0.0040775863,0.0031678271,0.0022210272,0.005075076,0.009106232,0.008411647,0.0029714848,fearful,03-01-06-02-01-02-11.wav
-447.62122,35.303955,1.0541123,6.7001867,-3.6099055,-3.4582758,-1.4398687,0.45672917,-5.117935,-6.048283,0.6658481,-1.3473195,-2.430564,-0.006340675,-0.008966034,-0.008960879,-0.008952347,-0.008940379,-0.00892507,-0.008906395,-0.008884399,-0.008859179,-0.008830681,-0.008799023,-0.00876427,-0.008726469,-0.004032936,-0.0056998837,-0.0056891427,-0.005671265,-0.005646311,-0.0056143194,-0.005575385,-0.0055296007,-0.0054770787,-0.0054179593,-0.005352375,-0.0052804975,-0.0052025015,angry,03-01-05-02-01-01-11.wav
-534.89935,45.18496,4.673624,6.7924595,-1.977704,1.6891805,-0.20467867,-2.566668,-6.0643735,-5.5807056,2.3210194,-3.5924008,-0.99064994,-0.01065328,-0.015039302,-0.014950682,-0.014797389,-0.014572544,-0.014269829,-0.013886108,-0.013422966,-0.012888044,-0.012295253,-0.011662801,-0.011011963,-0.010363853,0.005376774,0.007580458,0.0075099883,0.0073904595,0.0072195563,0.006995605,0.0067185825,0.0063910754,0.0060186186,0.0056096315,0.0051748212,0.0047259475,0.0042746137,angry,03-01-05-01-02-01-11.wav
-605.66394,54.17725,11.467768,10.155251,5.570651,4.20681,1.5985205,-4.697154,-4.209745,-2.2552257,1.078553,-1.0753114,-2.742544,-0.022491897,-0.03158047,-0.030904079,-0.029813213,-0.028358944,-0.02660665,-0.024629911,-0.022505125,-0.020305522,-0.018097103,-0.015934508,-0.013860191,-0.011904233,0.00026836776,0.00029473373,6.201647e-05,-0.0002586358,-0.00058290234,-0.00082193984,-0.0009031814,-0.0007877445,-0.00048029076,-2.9234783e-05,0.00048288572,0.0009561561,0.0012939279,fearful,03-01-06-01-02-02-11.wav
-668.34125,43.07513,12.611034,8.960177,5.105488,5.1068177,1.9135542,-0.627284,-2.7487378,-0.77806187,4.639654,0.65679157,-1.0828246,-0.02127121,-0.029830761,-0.029122295,-0.02808796,-0.026912475,-0.025793994,-0.02490035,-0.02433176,-0.024099614,-0.024124503,-0.024255915,-0.024306806,-0.0240973,-0.0006783349,-0.0010180509,-0.0011790731,-0.0014026075,-0.001633601,-0.0018160347,-0.0019071308,-0.0018877607,-0.0017665732,-0.0015767951,-0.001366868,-0.0011873514,-0.0010778662,surprised,03-01-08-01-01-01-11.wav
-543.8239,34.95565,4.060512,4.341142,-0.18409027,1.77063,-2.9272268,-1.7547129,-8.007616,-3.6965451,1.5667391,-2.2632556,-3.8583884,-0.002591929,-0.0036337574,-0.0035398384,-0.0033842532,-0.0031680057,-0.0028929317,-0.0025611534,-0.0021756825,-0.0017396167,-0.0012571148,-0.0007325796,-0.00017098735,0.0004223845,-0.00013177915,-0.00020693298,-0.0002621995,-0.0003334508,-0.00039870577,-0.00044161396,-0.0004575378,-0.00045416498,-0.0004467451,-0.00045050535,-0.00047376213,-0.000514803,-0.0005634808,surprised,03-01-08-02-02-01-11.wav
-575.53326,55.350925,13.202208,17.651703,6.3058834,3.1932657,3.968393,-0.13843499,-5.5425186,0.92313886,5.193095,-3.2098284,-1.3773654,0.5450834,0.2646896,0.10440785,0.097355515,0.09006475,0.08086198,0.07951825,0.07301185,0.072992235,0.067810096,0.06731662,0.061989527,0.05981935,0.1216425,0.036992926,-0.00588016,-0.007884075,-0.009858902,-0.012179046,-0.0121587645,-0.013171789,-0.012020764,-0.011765018,-0.009778608,-0.008629241,-0.006240115,disgust,03-01-07-02-01-02-11.wav
-602.8457,49.077026,8.125839,8.17854,2.220132,3.3802845,-1.6655955,-1.7842661,-4.6804485,-5.148762,-0.03967137,-0.96785384,-1.6866422,-0.00836224,-0.0118289525,-0.011835728,-0.011846555,-0.011861066,-0.011878576,-0.011898253,-0.011919128,-0.0119400425,-0.011959646,-0.011976626,-0.011989517,-0.011996686,-0.0049855113,-0.0070461994,-0.0070323944,-0.0070061716,-0.0069632134,-0.0068984563,-0.006806827,-0.0066840607,-0.0065274173,-0.0063362033,-0.006111885,-0.0058580968,-0.005580275,sad,03-01-04-02-01-01-11.wav
-695.7952,56.393433,23.653025,20.232845,7.4839177,7.3250623,3.8584511,2.2939265,-1.4581585,-2.1220365,4.1239347,-1.1337622,-2.2656074,0.017025018,0.023469763,0.021876242,0.019811206,0.017796734,0.016154757,0.015001017,0.014334161,0.0140709,0.01402408,0.013945739,0.013688997,0.013362093,-0.0057876687,-0.008081448,-0.0077104475,-0.00693385,-0.005629948,-0.0037967684,-0.0016147358,0.00056722586,0.0023270217,0.0033087402,0.0033504448,0.002540798,0.001170553,sad,03-01-04-01-02-01-11.wav
-598.6321,61.076824,18.882254,11.058007,-1.6752398,1.3795122,1.2445514,-1.0642294,-5.3526464,-5.2592382,3.1595042,-4.616012,-2.7024171,-0.00073280575,-0.0010845256,-0.0012222386,-0.0014397004,-0.0017202365,-0.0020430223,-0.0023845427,-0.0027214927,-0.0030326184,-0.0033010747,-0.0035155562,-0.0036717542,-0.0037725077,-0.0017981259,-0.0024976102,-0.0023651812,-0.002157384,-0.0018923021,-0.0015925611,-0.0012831658,-0.0009888673,-0.0007318086,-0.000529224,-0.00039189754,-0.00032305304,-0.0003182607,disgust,03-01-07-01-02-02-11.wav
-350.9687,23.226847,-8.023251,1.1329159,-12.867613,-5.1629186,-2.118306,-2.651671,-7.3487105,-9.4208355,0.57340896,-3.912303,-4.8130226,-0.015371873,-0.0215845,-0.02113774,-0.020449212,-0.0195959,-0.018671703,-0.017776325,-0.017002776,-0.01642707,-0.016099205,-0.016037965,-0.016229955,-0.016632171,-0.0018810671,-0.0026419354,-0.0025883585,-0.002503327,-0.002392921,-0.0022650321,-0.0021288358,-0.0019941356,-0.0018706489,-0.0017673047,-0.0016916017,-0.0016490185,-0.0016425899,angry,03-01-05-02-02-02-11.wav
-440.6027,31.478586,-7.588043,2.353725,-2.119217,-4.801065,-2.384912,-7.694721,-11.187696,-5.2602053,-0.721823,-1.7527384,-5.47495,-0.03313773,-0.016489007,0.041245583,0.06953432,0.058590967,0.04907869,0.07030104,0.10071865,0.09956447,0.06089215,0.019380024,0.006952343,0.019083725,0.015013082,0.012235269,4.702403e-05,-0.0015423495,0.0036000328,0.0074578226,0.003489663,-0.0034743422,-0.0059044873,-0.0023827069,0.0031907894,0.0051985215,0.0019933872,fearful,03-01-06-02-02-01-11.wav
-646.87445,56.47074,16.642212,14.731084,7.002588,6.844279,4.397758,2.4983156,-2.6539557,0.17952135,6.025128,0.84490675,1.0628989,-0.02190796,-0.031888735,-0.03326506,-0.032466277,-0.028262075,-0.022166042,-0.017043585,-0.01441653,-0.013166904,-0.0108764265,-0.0063764225,-0.0009079806,0.0032181295,0.0036533053,0.004638392,0.0034349505,0.0023391389,0.0018326108,0.0017367137,0.0015305042,0.0009773107,0.000395449,0.00030177593,0.0008193509,0.0014813431,0.0016452384,fearful,03-01-06-01-01-01-11.wav
-579.6884,49.956093,13.536644,12.080677,2.6121902,4.3024073,0.72928375,1.0400648,-5.2816787,-1.7641878,3.137345,-2.3368149,0.7844773,-0.028641153,-0.040373992,-0.03998132,-0.039334483,-0.03844476,-0.037327502,-0.036001924,-0.03449035,-0.032817878,-0.03101181,-0.02910085,-0.027114566,-0.025082601,0.0073140464,0.010319755,0.010248785,0.010131683,0.0099701695,0.00976657,0.009523887,0.009245508,0.008935352,0.008597594,0.00823672,0.007857336,0.0074640852,angry,03-01-05-01-01-02-11.wav
-574.7024,46.382706,1.8393469,3.810083,1.7404102,3.4103599,-1.609247,-8.255815,-12.144376,-2.9855838,2.333369,-2.50284,-2.191485,-0.543685,-0.30288088,0.26452875,0.08499002,0.050778396,-0.013145313,-0.0026341528,0.18012586,0.18922843,0.017925015,-0.025028767,0.04491031,-0.037342213,-0.1576333,0.001802057,0.0003784895,0.017372163,0.026830465,0.009580104,0.006713352,0.01303155,0.007980509,0.004354637,0.005043043,0.0054688454,0.014855217,surprised,03-01-08-01-02-02-11.wav
-505.66016,33.842857,3.099799,4.4678683,-2.2829092,0.29113838,-2.083665,-0.28457084,-7.2274933,-3.0466285,1.9970715,-3.0945854,-4.910266,0.0074893325,0.010522757,0.010320827,0.009986948,0.009524986,0.008940398,0.008239949,0.0074318266,0.0065255235,0.005531482,0.004461509,0.0033280174,0.0021443581,0.0060395626,0.008506286,0.008400328,0.008226736,0.007989862,0.007695505,0.0073506157,0.0069629783,0.0065408554,0.006092598,0.005626326,0.005149607,0.0046691326,surprised,03-01-08-02-01-02-11.wav
-731.38007,62.224876,24.513342,20.070845,12.545767,6.105884,7.2661138,2.1586175,0.5730278,1.0894156,4.2365637,3.2639349,0.08466171,0.064287074,0.07746517,0.05664902,0.049219888,0.041839402,0.04661755,0.046282537,0.045377206,0.033979345,0.029146686,0.023892486,0.027276179,0.016686833,0.0045964858,0.007879517,0.0065366467,0.005226898,0.0007311842,-0.0014999439,-0.0016972484,0.0005885976,0.0021608074,-0.00046491227,-3.8734255e-05,0.001515356,0.0031629826,neutral,03-01-01-01-01-01-11.wav
-661.9023,53.02125,16.841034,11.955747,10.210273,7.2153535,-0.8082526,-0.16143261,-3.7843714,-0.13106781,3.7155201,0.6068877,1.7692592,0.0041793487,0.0059791342,0.006111347,0.0061381124,0.0059342175,0.005536998,0.0051639862,0.0051100235,0.00558196,0.006574185,0.007862021,0.009120314,0.0100928955,-0.0037057104,-0.0051984717,-0.005102478,-0.0050275116,-0.005043583,-0.0051714173,-0.0053684614,-0.005554528,-0.0056602387,-0.005667087,-0.0056135864,-0.0055635097,-0.005557599,happy,03-01-03-01-02-01-11.wav
-491.04224,50.914917,5.5621724,6.088568,1.063392,1.3382577,-0.37724778,-1.0818415,-7.938244,-5.4641323,2.5004463,-1.2941049,-0.5745529,0.016825182,0.022022817,0.012763221,0.011333986,0.031309806,0.042313922,0.028656324,0.010298729,-0.00041144196,0.0067995675,0.024580419,0.021565292,0.005397358,-0.018774558,-0.019759737,-0.0076548476,-0.00034324327,0.00051184907,-0.0031174093,-0.0028743045,0.005449857,0.011514678,0.00807308,-0.0013245344,-0.010648916,-0.011510137,happy,03-01-03-02-01-01-11.wav
-609.5881,54.34867,11.056788,11.724714,6.063035,5.0977874,0.86392784,-7.831363,-6.799613,-2.6643903,0.69159526,-1.6151793,-1.7516254,0.0029461714,0.0042198105,0.004377936,0.0046301377,0.0049613756,0.0053538526,0.005789875,0.006253681,0.0067335116,0.007221793,0.007714411,0.008209633,0.008705835,-0.0027287519,-0.003973467,-0.004296477,-0.004770699,-0.0053164246,-0.0058502248,-0.0063039456,-0.006638533,-0.0068495204,-0.0069630565,-0.0070238723,-0.0070792967,-0.0071636955,fearful,03-01-06-01-02-01-11.wav
-532.9163,48.79762,8.267565,8.3237,-1.3857586,2.9712844,-1.8690684,-3.348512,-5.7288356,-6.556403,2.7560318,-4.8845778,-1.1085882,-0.025568992,-0.036120467,-0.03599994,-0.035799656,-0.035520244,-0.03516299,-0.03472917,-0.034220632,-0.033639222,-0.032987297,-0.032267418,-0.031482365,-0.030635208,-0.0003148606,-0.00044341708,-0.00043749364,-0.00042709467,-0.00041151675,-0.00038998763,-0.00036180427,-0.0003265098,-0.0002840039,-0.00023470754,-0.00017950845,-0.000119823104,-5.7448142e-05,angry,03-01-05-01-02-02-11.wav
-378.80872,31.039225,-6.478684,4.1203413,-10.912635,-4.27402,-4.618604,-1.1232464,-7.9961348,-7.8381243,-0.01862381,-2.766609,-2.8105526,0.0021431502,0.0030581674,0.0031392076,0.0032669667,0.0034308766,0.0036173284,0.0038109492,0.003995396,0.004155098,0.00427632,0.004347943,0.0043628546,0.0043182042,-0.0015519691,-0.0021788187,-0.0021324947,-0.0020591437,-0.0019642753,-0.0018549658,-0.001739344,-0.0016258997,-0.0015229355,-0.0014377597,-0.001376263,-0.0013423264,-0.0013375964,angry,03-01-05-02-01-02-11.wav
-480.30798,41.670685,-4.688489,5.7795076,-0.37527874,-3.1053944,-1.8093557,-4.4902625,-10.862847,-5.374279,0.44460043,-0.2491941,-2.8615513,0.32636118,0.20195286,0.075099036,0.038727324,-0.107854985,0.029668393,-0.03435595,-0.1931133,-0.1617945,-0.103159875,0.009545545,0.08075267,0.060488135,-0.0055355197,-0.03861319,0.0030471345,0.036155596,-0.011871217,0.0074023735,0.006538973,-0.0013184323,0.012034464,-0.010549305,-0.0242493,-0.012161986,0.01013511,fearful,03-01-06-02-01-01-11.wav
-695.314,54.816204,17.140285,20.143835,13.997993,7.940733,4.777093,4.882848,-2.0959113,2.539649,5.7294593,0.38901317,-0.031818025,-0.12768406,-0.045544043,-0.079635315,-0.05962719,-0.038298666,-0.044564843,-0.020543125,-0.014992337,0.018840492,-0.03010534,-0.016129924,-0.002545327,0.0012307432,0.0006859832,0.04734864,0.02506768,0.019067546,0.016020022,0.0041257236,0.004820841,0.0008697526,0.010371539,-0.010678721,-0.00674505,-0.0038237402,-0.0047353324,sad,03-01-04-01-01-01-11.wav
-604.27496,51.75752,11.07506,15.878047,5.0532155,1.3402555,4.692912,-2.3848999,-4.2360525,-2.3817334,3.3319702,-2.2878304,-0.8553278,0.015315129,0.021642098,0.021593204,0.021511933,0.021398863,0.021254228,0.021078877,0.020873541,0.020639148,0.020376774,0.020087598,0.019772869,0.019434005,0.006437479,0.00908427,0.009025657,0.008930827,0.0088038305,0.008649732,0.008474215,0.008283056,0.008081696,0.007874926,0.007666571,0.0074594733,0.007255487,disgust,03-01-07-01-01-02-11.wav
-540.7073,51.25068,11.687241,8.470529,-2.3598142,0.5684825,0.14026923,-3.0615392,-4.9954443,-2.054987,2.4112146,-3.3363037,-4.51213,0.01674998,0.023647428,0.023526186,0.023325143,0.02304566,0.022689613,0.022259576,0.02175842,0.021189654,0.020557087,0.01986499,0.019117959,0.018320983,0.0015601964,0.0022083307,0.0022140704,0.0022235715,0.0022367705,0.0022535368,0.0022737433,0.0022972105,0.0023237327,0.0023530861,0.0023850196,0.002419246,0.0024554678,disgust,03-01-07-02-02-02-11.wav
-576.2425,45.641876,8.173527,8.683463,0.26750642,-1.5989766,-0.08003469,-7.061021,-8.408967,-7.136772,-2.7685468,-0.4726292,-4.431489,0.105100445,-0.01183016,-0.025146563,0.1234791,0.0096235275,-0.005705363,0.079877146,0.020869896,0.022595536,0.03382056,0.020855526,0.051351167,0.010118615,-0.01911326,0.01938392,0.022195196,-0.020350954,0.013192125,0.01477914,-0.009511869,0.008926687,0.0051052636,0.0019111723,0.0069993683,-0.0045930427,0.00691861,sad,03-01-04-02-02-01-11.wav
-527.322,27.213703,5.728728,5.282063,-1.413271,-0.011244351,-3.2591555,-0.8388939,-8.512892,-2.1972985,0.30634558,-4.103425,-4.739423,0.026821509,0.03788475,0.037741024,0.037502017,0.037168816,0.03674274,0.036225468,0.035619333,0.034926508,0.0341499,0.033292584,0.032357983,0.031349856,0.001860597,0.002628011,0.0026182376,0.0026020887,0.002579982,0.0025523407,0.0025197258,0.0024827267,0.0024420067,0.0023982506,0.002352105,0.0023041777,0.0022550486,surprised,03-01-08-02-02-02-11.wav
-629.575,42.773216,9.41066,3.0475028,1.449841,1.6202267,-1.7737045,-2.059831,-3.706108,-3.9624925,0.834206,-1.8422593,-3.690874,-0.008663402,-0.012196485,-0.01202997,-0.011761834,-0.011405524,-0.010978383,-0.0105008185,-0.009994465,-0.009480932,-0.008980499,-0.008510478,-0.008084528,-0.007711677,0.0014424324,0.0020302674,0.0020036697,0.0019624794,0.0019103447,0.0018504229,0.001784457,0.0017121487,0.0016314054,0.0015391313,0.0014324188,0.0013097286,0.0011716756,surprised,03-01-08-01-01-02-11.wav
-505.55783,46.755222,-1.6399515,3.150319,-2.4230664,-2.2284875,-2.5006514,-4.373957,-10.267552,-7.3619847,-1.7911099,-3.6364381,-2.1840475,0.011095789,0.015665889,0.015593335,0.015481389,0.015341936,0.015188306,0.015033242,0.014886345,0.014752599,0.014631317,0.014516579,0.014398106,0.01426364,-0.0007080175,-0.0015471681,-0.0023354113,-0.0024678009,-0.0023224796,-0.0025180744,-0.0032183111,-0.003951468,-0.003997266,-0.0035462566,-0.0034368166,-0.0036640896,-0.003526121,happy,03-01-03-02-02-01-11.wav
-671.8112,58.467762,12.806989,13.267467,9.862153,5.2945466,1.0133115,-3.1176865,-1.8420782,-2.7163246,3.9369771,1.4677898,-1.7729579,-0.0005438506,-0.000100320845,0.0018132837,0.004718126,0.008252869,0.012025249,0.015683416,0.018966582,0.021722892,0.023894822,0.025485145,0.02651419,0.026990164,-0.00019596584,-0.00035698022,-0.000583759,-0.0009206018,-0.0013155546,-0.0017118107,-0.0020584117,-0.0023177941,-0.0024699462,-0.0025127174,-0.0024597966,-0.002336491,-0.0021751015,happy,03-01-03-01-01-01-11.wav
-699.5246,57.129974,22.601545,20.58691,10.934581,5.699135,5.1323686,0.81273395,-1.7865862,1.4359771,2.8407195,-0.6249855,-0.56504196,-0.014498282,-0.020206673,-0.019363707,-0.018124234,-0.016668098,-0.015141004,-0.013606555,-0.012037305,-0.010347132,-0.008447772,-0.006306137,-0.0039733252,-0.0015775294,0.007325145,0.01039183,0.010461859,0.0104825655,0.010321648,0.009863104,0.009091952,0.008128471,0.0071685365,0.00636891,0.005762453,0.005256823,0.004702721,neutral,03-01-01-01-02-01-11.wav
-484.9259,43.868042,2.3398423,7.7468905,2.9911036,-0.8015283,0.25824654,0.23527662,-4.73363,-2.2682915,2.2516868,0.039109904,-0.55180216,0.06800638,0.0568865,0.006621558,-0.017416876,-0.013680744,0.018330932,0.0070240693,-0.035988286,-0.06427398,-0.057733428,-0.011965889,0.013737399,0.011343546,0.0053817057,0.0018943343,-0.001907414,-0.0026292114,-0.00302384,0.0023400767,0.0011899122,-0.0033371206,-0.0055783503,-0.005735315,-0.0007615226,0.0003909818,-0.00033683606,happy,03-01-03-02-01-02-11.wav
-652.7095,52.740593,17.85147,13.533675,9.304794,3.6277058,2.1977968,-0.64911443,-1.7615521,-3.2369576,3.258072,-0.36332268,-1.8497005,0.037804957,0.05269108,0.050509542,0.047251455,0.043319263,0.039062656,0.03473211,0.030499568,0.02648701,0.022766944,0.019349916,0.01620249,0.013315174,0.016590433,0.023056125,0.021857105,0.019938266,0.017450206,0.014624098,0.011737361,0.009058603,0.006806644,0.005142035,0.004178144,0.003981393,0.004546311,happy,03-01-03-01-02-02-11.wav
-697.01483,62.102234,21.480148,16.53148,11.172517,6.3433714,7.182734,1.2599958,-1.7513112,0.8246592,3.7978878,1.2289524,-1.0981225,-0.027383378,-0.03579467,-0.029976891,-0.026761988,-0.02732946,-0.027558576,-0.024942128,-0.021571793,-0.019508304,-0.019175857,-0.021189135,-0.024501007,-0.0260064,-0.011164651,-0.018237142,-0.01696179,-0.0119579565,-0.013447897,-0.015464638,-0.012641891,-0.009774294,-0.010081354,-0.011300958,-0.009378049,-0.0094316155,-0.012874771,neutral,03-01-01-01-01-02-11.wav
-543.44446,47.82123,6.870028,9.118284,2.113809,0.23116313,1.8366659,-0.33835354,-4.3980007,-2.0368998,2.4392564,-1.5054547,-1.4443567,-0.0050588753,-0.0071198144,-0.007016928,-0.0068464587,-0.006610137,-0.006310078,-0.0059490968,-0.005530498,-0.005058105,-0.004536201,-0.003969388,-0.00336268,-0.0027212668,0.002356096,0.0033178513,0.0032748317,0.0032036472,0.0031050015,0.002979906,0.002829612,0.0026556195,0.0024596285,0.0022435416,0.0020094041,0.0017594049,0.0014958156,angry,03-01-05-01-01-01-11.wav
-617.58435,55.408577,16.678368,11.436361,4.660232,4.480245,4.621804,2.2430227,-3.9799619,-2.8535578,2.7319345,0.5974882,-0.50362563,0.025081608,0.035358857,0.03485518,0.0336785,0.03185209,0.029788945,0.027934873,0.02638879,0.024944065,0.023487391,0.022258082,0.021645073,0.021760914,0.0010395603,0.000994076,8.184408e-05,-0.0003321913,-1.578931e-08,0.0003660341,-2.4882373e-05,-0.0010656766,-0.0018508165,-0.0017312567,-0.0010611375,-0.0007490425,-0.0011590325,fearful,03-01-06-01-01-02-11.wav
-431.41043,31.756771,-4.931372,-0.86612064,-4.0893984,-0.24249446,-2.520157,-6.1909423,-9.634575,-5.6569796,0.4560325,-1.574274,-4.032073,0.13502502,0.14030474,0.020551134,-0.035602625,0.019550892,0.045521647,-0.021216463,-0.1088251,-0.12366208,-0.043429915,0.032761727,0.025545878,-0.01606154,-0.081156075,-0.05921887,0.011073645,0.016793735,0.0028370004,0.0011456433,0.018508721,0.026631348,0.0059812255,-0.003157109,0.005177443,-0.001274015,-0.0041072895,fearful,03-01-06-02-02-02-11.wav
-367.85608,39.10109,-0.6401429,7.7814746,-7.0142965,-7.768322,0.34218794,0.022183811,-6.2027164,-7.1647725,0.9769763,-2.9619377,-1.8946792,0.012242217,0.016871497,0.015615306,0.013734862,0.0115075335,0.009247544,0.007251717,0.0057537025,0.0048940885,0.004711022,0.005149561,0.0060846778,0.007350034,8.8815126e-05,8.400188e-05,9.858749e-05,0.00021371,0.00030064723,0.00036520397,0.0004033229,0.0004098341,0.00042675663,0.00043512968,0.00040945868,0.00031755146,0.00022340662,angry,03-01-05-02-02-01-11.wav
-627.1901,55.62843,15.93584,10.332684,1.309258,5.2811255,1.406004,-0.3562555,-1.5769445,-3.1490805,4.9200683,-3.1883793,-1.2725917,-0.028930053,-0.040736638,-0.04021435,-0.039371885,-0.038249493,-0.036899358,-0.03538269,-0.033765487,-0.03211413,-0.030492224,-0.02895612,-0.027552541,-0.026316237,-0.0007328542,-0.0010753758,-0.0011875439,-0.001360368,-0.0015752522,-0.0018107891,-0.0020460836,-0.0022638878,-0.002452536,-0.0026067658,-0.0027267043,-0.0028163255,-0.0028808042,disgust,03-01-07-01-02-01-11.wav
-701.44946,57.68949,23.885979,19.443907,10.07803,8.518083,5.960868,3.0552757,-2.0891972,0.8647037,4.238539,-0.4255777,-0.60972166,-0.06454038,-0.10040567,-0.07947827,-0.05507546,-0.06379956,-0.04078872,-0.029018518,-0.034303613,-0.007861585,-0.0073474525,-0.0061715017,0.015375995,0.0009779322,0.007775467,0.016350573,0.011837531,0.005372158,0.011189256,0.005098874,0.0032980994,0.0073934495,-0.0006406051,0.0020214184,0.0043971553,-0.0017920544,0.00436548,sad,03-01-04-01-02-02-11.wav
-543.4214,60.658154,6.3815737,11.688165,5.0711308,1.0410143,-4.234133,-3.1064434,-7.583528,-5.2199316,-0.6587365,-2.1683238,-1.9350387,-0.050715912,-0.054290183,-0.012879109,0.02765499,0.045751598,0.036603604,0.012407329,-0.009001579,-0.017002717,-0.0129925655,-0.005529856,-0.001882064,-0.0032639778,-0.016453067,-0.020130988,-0.012048983,-0.0030480898,0.0017896127,0.00010511203,-0.0059686988,-0.012156474,-0.0152161885,-0.014301251,-0.01105518,-0.008386516,-0.007883645,sad,03-01-04-02-01-02-11.wav
-562.6133,49.60736,10.166953,15.956978,3.0444772,3.288086,2.7401354,-1.315588,-6.19855,-1.5484684,6.139304,-1.3974383,-0.7795254,0.01595846,0.02254893,0.022491978,0.022397606,0.02226683,0.02210076,0.02190095,0.021669196,0.021407407,0.021117693,0.0208023,0.020463351,0.020103136,-0.0011376564,-0.0016232061,-0.0016653391,-0.0017333467,-0.0018241027,-0.0019333631,-0.0020560604,-0.0021864378,-0.002318419,-0.0024457676,-0.002562466,-0.002662929,-0.002742271,disgust,03-01-07-02-01-01-11.wav
-590.00433,37.16315,4.403454,7.0536904,2.1119556,1.3997569,-0.842303,-2.7660182,-4.665204,-2.7405648,1.6694626,-0.8614137,-3.3490422,-0.0061044334,-0.008503104,-0.008113983,-0.0074811517,-0.0066267173,-0.0055807657,-0.004379215,-0.0030626256,-0.0016743008,-0.0002582378,0.0011427599,0.0024886383,0.0037440464,0.0010459656,0.0014363806,0.0013107124,0.0011114071,0.00085175666,0.0005468959,0.00021162965,-0.00014132843,-0.00050206605,-0.0008631389,-0.0012183565,-0.0015613262,-0.001884149,surprised,03-01-08-02-01-01-11.wav
-579.9996,43.74988,9.785762,8.725044,2.7080228,2.372244,2.5390613,-0.1515269,-6.831652,-2.800437,2.5962708,-1.6054269,-1.9694345,-0.013906437,-0.019467209,-0.018887332,-0.017979281,-0.016821684,-0.015508764,-0.014136537,-0.012789956,-0.011531454,-0.010393205,-0.009374424,-0.008443241,-0.0075440374,0.00391538,0.0055416063,0.0055521806,0.005563408,0.0055668876,0.00555272,0.005511385,0.0054351725,0.0053196526,0.0051644025,0.004973488,0.004754809,0.0045192386,surprised,03-01-08-01-02-01-11.wav
-429.6723,20.209475,-21.637276,-3.8636572,-5.8410296,-7.0994277,-6.8162374,-7.5447817,-11.529516,-0.9230616,-8.350881,-5.549893,1.6876404,2.6927276e-07,0.0,-2.2439396e-08,1.1219698e-08,0.0,0.0,7.012311e-09,0.0,-2.2439396e-08,0.0,5.609849e-09,0.0,-1.1219698e-08,1.4024623e-09,1.1219698e-08,-1.1219698e-08,5.609849e-09,-1.4024623e-09,8.765389e-10,-1.4024623e-09,-5.2592336e-10,-4.207387e-09,7.0123113e-10,-1.4024623e-09,-1.4024623e-09,-7.0123113e-10,happy,03-01-03-02-01-02-18.wav
-646.25085,42.55036,-4.2096467,4.504076,-1.5288571,-10.668394,-5.9279933,-14.912213,-7.4563127,-4.677879,-6.590782,-7.3887396,-7.57845,2.0210317e-07,0.0,-6.315724e-09,0.0,-6.315724e-09,0.0,0.0,-2.5262896e-08,2.5262896e-08,1.2631448e-08,6.315724e-09,6.315724e-09,0.0,6.315724e-09,3.157862e-09,-1.578931e-09,3.157862e-09,2.3683966e-09,-7.894655e-10,-1.578931e-09,-1.578931e-09,2.17103e-09,0.0,1.1841983e-09,7.894655e-10,-3.9473275e-10,happy,03-01-03-01-02-02-18.wav
-741.79596,56.14055,6.200315,7.7142606,0.072303325,-4.5530295,-1.6176449,-14.066454,-5.2338033,-2.7179167,-1.7795452,-5.6719613,-6.6411347,5.983839e-07,0.0,1.2466331e-08,1.2466331e-08,0.0,-3.116583e-08,6.2331655e-09,0.0,-1.8699497e-08,-6.2331655e-09,-6.2331655e-09,0.0,0.0,-4.6748743e-09,-3.1165828e-09,0.0,0.0,-1.5582914e-09,1.5582914e-09,0.0,-3.1165828e-09,0.0,0.0,-1.5582914e-09,-7.791457e-10,-1.1687186e-09,neutral,03-01-01-01-01-02-18.wav
-599.76776,39.09047,-12.069918,-3.1091511,-1.550218,-7.918523,-3.7000823,-10.717208,-10.710889,-5.190017,-0.7382825,-9.107151,-0.21155615,0.0,0.0,-6.4875803e-09,1.29751605e-08,0.0,0.0,-6.4875803e-09,0.0,0.0,0.0,-6.4875803e-09,0.0,0.0,-3.2437901e-09,-6.4875803e-09,2.4328426e-09,4.865685e-09,0.0,-6.4875803e-09,-1.6218951e-09,4.0547377e-10,1.6218951e-09,0.0,1.6218951e-09,8.1094753e-10,-1.6218951e-09,fearful,03-01-06-01-01-02-18.wav
-544.12146,46.69985,-21.977333,-0.2457584,-9.125068,-10.916753,-4.4842257,-14.391759,-14.669273,-0.43821532,-4.418218,-6.025873,-3.9524763,9.0288694e-07,4.5144347e-08,-4.5144347e-08,0.0,2.2572173e-08,0.0,0.0,2.8215217e-09,0.0,2.8215217e-09,1.4107608e-09,-1.1286087e-08,5.6430434e-09,5.6430434e-09,1.4107608e-09,5.6430434e-09,4.2322825e-09,2.4688314e-09,-7.053804e-10,1.4107608e-09,2.0279687e-09,-1.4107608e-09,7.053804e-10,0.0,-3.526902e-10,0.0,angry,03-01-05-01-01-01-18.wav
-386.99405,-4.02456,-31.859598,-9.60742,-16.537582,-7.0856137,-8.216529,-5.9168124,-10.2110815,-3.7062926,-8.615574,-8.022974,4.120354,0.0,3.4470155e-08,0.0,5.745026e-09,0.0,0.0,-1.1490052e-08,0.0,1.1490052e-08,0.0,-5.745026e-09,5.745026e-09,-7.1812827e-09,-1.1490052e-08,-2.872513e-09,2.872513e-09,2.872513e-09,2.872513e-09,-1.4362564e-09,-3.590641e-10,-1.0771923e-09,-4.3087693e-09,0.0,3.5906413e-09,0.0,-1.4362564e-09,angry,03-01-05-02-02-01-18.wav
-474.04562,20.939781,-23.740181,-9.125883,-6.276875,-12.921997,-8.479092,-10.62549,-17.740532,-0.74234253,-3.141693,-9.406858,-1.4740167,-0.09424684,-0.038805194,0.06343993,0.025217703,-0.031889684,-0.02995612,0.030333746,0.086471125,0.020560103,-0.06773923,-0.019624725,0.04058603,0.004040391,0.019615011,0.007605355,-0.013424617,-0.00481707,0.0062600914,0.005881925,-0.0055562607,-0.017490583,-0.003945712,0.014835458,0.0040182136,-0.008907655,-0.00071003527,fearful,03-01-06-02-02-02-18.wav
-680.13306,48.99814,4.397506,-0.024486663,-2.2583191,-4.969913,-0.08894008,-14.177774,-10.821666,-2.4043043,-6.1082015,-4.3381243,-5.6863213,0.00045718055,0.00064363907,0.0006404804,0.00063518353,0.0006278761,0.0006184426,0.0006070714,0.0005936714,0.00057835184,0.00056114927,0.0005421122,0.00052133563,0.0004988871,-0.00024848987,-0.00035096126,-0.00034923386,-0.0003463698,-0.00034237324,-0.000337256,-0.0003310404,-0.00032375232,-0.00031541355,-0.00030604366,-0.00029569105,-0.00028438627,-0.00027217227,sad,03-01-04-01-02-02-18.wav
-584.845,46.915043,-7.8198843,-6.633575,-5.647395,-3.071981,-7.8223023,-13.846684,-12.100023,-2.196444,-2.1523962,-7.382166,-2.8689952,-0.0010358703,-0.00076730596,0.00048602602,0.0008418365,1.9391378e-05,-0.0008646857,-0.00079645,-4.053116e-05,0.00042201587,0.00020532114,-0.0002128913,-0.000371918,-0.00039781714,0.006720564,0.0057371487,-0.0009647525,-0.002889077,0.0009043372,0.0041508847,0.002219464,-0.0021638803,-0.0033027832,-0.00013287638,0.0030250594,0.0025630433,-3.720192e-05,disgust,03-01-07-01-02-01-18.wav
-499.49188,20.35983,-26.066317,-0.79730415,-13.46619,-7.570105,-4.6343675,-14.129157,-15.1273775,-0.8155876,-5.8155217,-7.8023267,-4.765342,-0.089049995,-0.074708566,0.014210562,0.037007295,-0.0077708345,-0.027209537,0.026744379,0.08951981,0.07836143,0.006778597,-0.039957173,-0.02187089,0.013203181,0.023551675,0.018753888,-0.005788243,-0.01042903,0.0036309517,0.008665395,-0.007425778,-0.024137812,-0.019150883,0.0005030308,0.010616184,0.0036684952,-0.004684928,disgust,03-01-07-02-01-01-18.wav
-481.61163,28.26258,-25.967796,-2.8581853,-10.422979,-15.474446,-13.354701,-16.746727,-18.464365,-5.066851,-2.2098536,-12.456925,1.0883743,0.241795,-0.018232128,0.015539169,0.06776564,-0.0008536951,-0.025361717,-0.051309794,-0.025025597,-0.004545832,0.02674428,-0.015163758,-0.020519096,0.02870535,-0.053158104,-0.004735016,-0.02196141,-0.022207055,-0.0012583984,0.007935911,0.020323912,0.009868046,0.0024177795,-0.0122511415,-0.0011496199,0.0045351535,-0.0061278273,sad,03-01-04-02-01-02-18.wav
-594.937,31.847952,-5.512039,0.80298525,-2.2672706,-1.0073942,2.9137309,-7.877714,-7.7511826,-5.7071657,-5.954427,-3.1219573,-4.185425,9.718974e-07,-1.2148718e-08,0.0,0.0,1.8223076e-08,-6.074359e-09,6.074359e-09,6.074359e-09,0.0,1.2148718e-08,6.074359e-09,-6.074359e-09,4.555769e-09,3.0371794e-08,-2.2778845e-09,0.0,6.074359e-09,2.2778845e-09,0.0,1.5185897e-09,-1.5185897e-09,3.7964742e-10,-7.5929485e-10,1.5185897e-09,0.0,-7.5929485e-10,surprised,03-01-08-02-01-01-18.wav
-626.61633,38.18152,8.700211,-4.2438526,-2.880664,-7.878581,2.141748,-14.158726,-9.955408,-6.7578216,-9.259555,-6.234955,-7.929199,0.0,5.052579e-08,0.0,0.0,-3.157862e-09,0.0,-1.2631448e-08,0.0,1.2631448e-08,2.5262896e-08,0.0,0.0,0.0,-9.473586e-09,0.0,-3.157862e-09,1.578931e-09,4.736793e-09,-6.315724e-09,1.578931e-09,2.3683966e-09,0.0,0.0,-7.894655e-10,1.1841983e-09,0.0,surprised,03-01-08-01-02-01-18.wav
-572.6638,44.863274,-14.522158,-3.2797253,-8.638647,-10.151653,-3.398649,-12.768838,-14.379846,-5.0142713,-4.272387,-6.67666,-6.0734553,-1.9437948e-07,1.2148718e-08,0.0,-1.2148718e-08,-1.2148718e-08,2.4297435e-08,0.0,0.0,2.4297435e-08,2.4297435e-08,-6.074359e-09,0.0,0.0,6.074359e-09,0.0,0.0,0.0,-6.074359e-09,-3.0371794e-09,1.5185897e-09,-3.0371794e-09,7.5929485e-10,2.2778845e-09,-5.6947114e-10,3.7964742e-10,0.0,angry,03-01-05-01-02-02-18.wav
-599.87646,38.442047,-1.2363192,-1.910133,-0.6903408,-4.9946947,0.19013754,-12.197558,-10.014218,-1.1018487,-3.6630738,-6.4946556,-0.6607794,0.0,0.0,-1.2715658e-08,2.5431316e-08,-6.357829e-09,-2.5431316e-08,-6.357829e-09,0.0,0.0,-1.2715658e-08,1.2715658e-08,1.9073486e-08,0.0,0.0,-1.2715658e-08,1.9868216e-09,3.1789145e-09,0.0,3.1789145e-09,-3.1789145e-09,3.973643e-10,-3.1789145e-09,0.0,-7.947286e-10,7.947286e-10,1.5894572e-09,fearful,03-01-06-01-02-01-18.wav
-479.47614,24.485775,-25.481997,-8.686619,-6.658984,-10.575426,-7.883005,-10.503309,-17.91308,1.9403766,-1.5778269,-11.384306,-0.44062057,0.02057643,0.011377228,-0.013355847,-0.010632047,0.0073198,0.0093114395,-0.009956679,-0.021957066,-0.0069225146,0.010760656,0.006753057,-0.0033576326,-0.00047607895,0.06497122,-0.008892498,-0.0076292288,-0.0018437072,0.00092044176,-0.0054195803,0.0007171868,-0.0022257334,-0.0055791615,0.0043383935,-0.0051884875,-0.0025886372,0.004696103,fearful,03-01-06-02-01-01-18.wav
-376.66278,-5.350825,-32.4778,-7.014609,-16.746397,-4.082447,-6.7126017,-4.6528583,-9.49242,-6.490083,-5.731396,-0.86557794,9.70959,0.0,-2.340305e-08,-2.340305e-08,0.0,-2.340305e-08,-2.340305e-08,0.0,1.1701525e-08,0.0,0.0,-1.4626907e-08,-1.0238835e-08,-5.8507625e-09,8.044799e-09,8.776144e-09,0.0,2.9253813e-09,2.9253813e-09,1.4626906e-09,-1.4626906e-09,-1.8283633e-09,2.194036e-09,0.0,1.4626906e-09,-1.4626906e-09,-3.6567266e-10,angry,03-01-05-02-01-02-18.wav
-549.3018,46.510326,-10.334306,-0.43052605,-8.804012,-5.470302,-2.4016292,-12.604173,-12.828039,-0.2678793,-2.885569,-9.62034,-1.2469993,0.0,0.0,-2.1674417e-08,1.08372085e-08,1.6255813e-08,-1.3546511e-08,5.4186042e-09,0.0,-1.08372085e-08,5.4186042e-09,0.0,0.0,1.08372085e-08,-1.08372085e-08,0.0,6.7732553e-09,3.2172962e-09,1.3546511e-09,0.0,-1.3546511e-09,1.3546511e-09,1.3546511e-09,-1.1853196e-09,0.0,2.2013078e-09,-1.3546511e-09,disgust,03-01-07-01-01-02-18.wav
-645.1596,52.292377,-8.568371,1.3603166,-0.09050186,-11.668197,0.5321024,-12.015313,-12.347381,-3.0314865,-3.124238,-6.8643656,-3.4843576,0.0,0.0,4.3348834e-08,-6.1926904e-09,1.2385381e-08,0.0,-3.0963452e-09,6.1926904e-09,0.0,1.2385381e-08,1.5481726e-09,-1.2385381e-08,0.0,0.0,-1.5481726e-09,0.0,-3.0963452e-09,0.0,0.0,0.0,0.0,1.5481726e-09,0.0,0.0,1.5481726e-09,0.0,sad,03-01-04-01-01-01-18.wav
-496.7547,35.62529,-25.01239,-8.106056,-4.799509,-18.411127,-12.561721,-18.189451,-19.997227,-1.8998307,-1.7084054,-14.202248,-1.7139852,-4.2622315e-07,0.0,1.0655579e-08,1.598337e-08,1.0655579e-08,0.0,-1.0655579e-08,1.0655579e-08,0.0,0.0,8.657658e-09,0.0,-1.598337e-08,-3.196674e-08,5.3277893e-09,-2.6638947e-09,0.0,0.0,1.6649342e-09,-5.3277893e-09,0.0,1.3319473e-09,0.0,-6.6597367e-10,0.0,-1.3319473e-09,sad,03-01-04-02-02-01-18.wav
-460.04077,22.07409,-20.109745,-6.670168,-10.128359,-9.166004,-5.8316927,-12.712945,-12.797385,-0.42259613,-5.3613033,-8.618346,-3.9327466,0.0,3.872789e-08,-3.872789e-08,-1.4522959e-08,0.0,1.9363945e-08,4.8409863e-09,-9.681973e-09,0.0,0.0,-4.8409863e-09,-9.681973e-09,-4.8409863e-09,1.9363945e-08,-2.4204931e-09,9.681973e-09,0.0,6.051233e-10,-4.8409863e-09,0.0,1.5128082e-09,2.4204931e-09,0.0,-1.2102466e-09,-1.2102466e-09,-2.4204931e-09,disgust,03-01-07-02-02-02-18.wav
-587.14856,27.732378,0.06092791,-0.5442569,-6.6828747,-1.166674,3.1117265,-6.3976135,-8.255038,-5.853137,-6.296541,-3.9211469,-4.1809964,-0.1860647,-0.17332935,-0.04419294,0.05489749,0.12938613,0.07901793,0.0042423503,-0.016127862,-0.02486998,0.025070312,0.04761281,0.0043794913,-0.0038095827,0.025882684,0.024673134,0.0063047623,-0.008613656,-0.019108685,-0.012826099,-0.0027955065,0.00070880173,0.0025563606,-0.0030072369,-0.0053941375,0.00023301374,0.0014303908,surprised,03-01-08-02-02-02-18.wav
-671.9018,47.573124,8.133457,2.761762,-4.907371,-6.571577,1.546478,-14.36688,-9.300094,-6.433423,-5.852396,-6.2184105,-5.8076982,-4.0420633e-07,0.0,1.2631448e-08,-1.2631448e-08,-1.2631448e-08,1.2631448e-08,-1.2631448e-08,0.0,-2.5262896e-08,0.0,-1.2631448e-08,0.0,-1.2631448e-08,1.578931e-08,0.0,0.0,9.473586e-09,3.157862e-09,-1.578931e-09,0.0,2.3683966e-09,-3.157862e-09,-1.9736637e-09,-3.157862e-09,-3.9473275e-10,7.894655e-10,surprised,03-01-08-01-01-02-18.wav
-461.68634,16.185982,-33.52153,-3.7157822,-6.2321396,-13.501505,-12.440286,-11.286241,-13.317233,1.739346,-7.1793895,-8.278611,1.8580607,3.744488e-07,0.0,0.0,0.0,0.0,0.0,0.0,-1.1701525e-08,-2.340305e-08,0.0,-2.340305e-08,1.1701525e-08,-2.9253813e-09,1.1701525e-08,2.9253813e-09,0.0,0.0,-7.313453e-10,1.4626906e-09,7.313453e-10,0.0,0.0,-1.4626906e-09,0.0,1.4626906e-09,1.4626906e-09,happy,03-01-03-02-02-01-18.wav
-628.15875,45.052063,-10.687617,2.0723884,-0.71824825,-6.4885497,-3.1441977,-14.835702,-7.531737,-5.9595966,-5.725163,-5.286483,-6.5087194,0.0,2.5950321e-08,6.4875803e-09,1.29751605e-08,1.29751605e-08,1.29751605e-08,0.0,-1.29751605e-08,2.5950321e-08,1.29751605e-08,-6.4875803e-09,6.4875803e-09,0.0,2.1668518e-06,3.0978197e-06,3.075113e-06,3.0661927e-06,3.0572724e-06,3.0378096e-06,3.013481e-06,2.9875307e-06,2.953471e-06,2.9202222e-06,2.8821075e-06,2.8399384e-06,2.7920923e-06,happy,03-01-03-01-01-01-18.wav
-760.0025,47.68589,12.610178,6.4351597,-3.5098133,-3.2792037,1.4554218,-12.939928,-7.1244965,-1.96691,-3.0457587,-3.019438,-6.570781,0.0046547446,0.0065782163,0.006564814,0.00654274,0.006512041,0.0064726383,0.006424726,0.0063683065,0.0063037234,0.0062309774,0.0061502964,0.006061894,0.005966021,0.001123581,0.0015880521,0.0015848742,0.0015795962,0.0015722243,0.0015627829,0.0015512753,0.0015377601,0.001522259,0.001504809,0.0014854599,0.0014642612,0.0014412515,neutral,03-01-01-01-02-01-18.wav
-508.33783,28.122475,-29.698605,-7.4856424,-13.078844,-13.520776,-11.188859,-14.846083,-18.338947,-5.761453,-0.54132164,-10.45626,4.4888496,0.0,0.0,0.0,2.3260348e-08,0.0,4.6520697e-08,2.9075435e-09,0.0,0.0,0.0,-5.815087e-09,1.1630174e-08,0.0,-1.7445261e-08,2.9075435e-09,2.9075435e-09,0.0,0.0,0.0,0.0,-7.268859e-10,0.0,7.268859e-10,0.0,-1.4537718e-09,-1.4537718e-09,sad,03-01-04-02-01-01-18.wav
-494.9056,27.909843,-17.7696,-1.9407704,-12.789035,-7.9506054,-6.5050015,-13.2675085,-14.689535,-3.1544409,-4.036843,-8.446737,-5.201719,4.6201322e-07,1.4823953e-08,-1.4823953e-08,-2.4706589e-08,-2.4706588e-09,1.4823953e-08,7.4119764e-09,-2.223593e-08,0.0,-9.882635e-09,-9.882635e-09,4.9413176e-09,2.4706588e-09,2.4706588e-09,6.176647e-09,4.9413176e-09,1.8529941e-09,-1.2353294e-09,6.176647e-10,1.2353294e-09,-1.2353294e-09,-1.2353294e-09,6.176647e-10,1.2353294e-09,-6.176647e-10,6.176647e-10,disgust,03-01-07-02-01-02-18.wav
-568.81244,45.626686,-5.4659863,-5.8921337,-3.3321822,-5.855276,-6.9533668,-14.176324,-11.275324,-2.6756675,-2.4104064,-7.424735,-1.8062606,-0.00664605,-0.004577435,0.0031506573,0.0033788932,-0.002953484,-0.005292494,0.000755855,0.0068508126,0.0040951483,-0.004011613,-0.0067244987,-0.0015191401,0.0027517916,-0.0020936506,-0.001303305,0.0013074115,0.0011992152,-0.0013035033,-0.002366592,-0.00022131551,0.0022366324,0.0015825223,-0.0012420202,-0.002326251,-0.00042305817,0.001333314,disgust,03-01-07-01-02-02-18.wav
-695.7013,45.886524,8.123736,1.5161977,-2.7556183,-4.774906,1.1333804,-13.753619,-7.8016973,-3.5870545,-5.6046996,-5.1180077,-6.682654,-0.019451864,-0.02607034,-0.022180943,-0.016946232,-0.011707973,-0.007600024,-0.0053019617,-0.0050225104,-0.0065898644,-0.00951267,-0.012992933,-0.01599587,-0.017479902,-0.0004014969,-0.00050523545,-0.00034476962,-0.00015222169,7.0201027e-06,9.902162e-05,0.00012501549,0.000101137004,3.6667763e-05,-6.846353e-05,-0.00020632947,-0.00034373882,-0.00042612257,sad,03-01-04-01-02-01-18.wav
-518.51294,25.149551,-14.049212,-5.8426843,-4.1727366,-7.9557347,-8.387474,-12.563679,-13.135885,1.3176854,-3.2112393,-9.04194,-1.6380496,0.0,4.6520697e-08,-2.3260348e-08,5.815087e-09,-5.815087e-09,0.0,0.0,2.3260348e-08,0.0,8.722631e-09,0.0,0.0,0.0,-2.9075435e-09,4.3613153e-09,4.3613153e-09,4.3613153e-09,3.9978727e-09,-2.1806577e-09,0.0,0.0,0.0,0.0,-7.268859e-10,1.8172148e-09,1.4537718e-09,fearful,03-01-06-02-02-01-18.wav
-368.29218,-1.4989997,-32.311813,-11.2415495,-17.770937,-4.492569,-5.769095,-5.8290033,-8.921157,-4.417964,-7.934256,-5.873627,2.9019055,-1.6676272e-07,2.084534e-08,2.084534e-08,-2.6056675e-08,0.0,0.0,-5.211335e-09,1.042267e-08,-1.042267e-08,1.042267e-08,5.211335e-09,5.211335e-09,-1.042267e-08,5.211335e-09,5.211335e-09,-3.908501e-09,-2.6056675e-09,0.0,0.0,0.0,9.771253e-10,-3.582793e-09,-9.771253e-10,6.5141686e-10,6.5141686e-10,2.6056675e-09,angry,03-01-05-02-02-02-18.wav
-558.3125,50.410435,-15.666469,1.9752567,-10.307769,-5.298704,1.4623742,-15.555854,-14.331328,-1.7544259,-3.914252,-4.633808,-5.1181073,3.390842e-07,4.2385526e-08,-2.1192763e-08,-1.05963815e-08,-1.05963815e-08,5.2981908e-09,-1.05963815e-08,1.5894573e-08,0.0,5.2981908e-09,5.2981908e-09,-1.05963815e-08,5.2981908e-09,0.0051092785,0.0030275874,-0.0035173628,-0.0036121528,0.0014230688,0.0032564031,-0.00068786275,-0.003976411,-0.0015458716,0.002573657,0.0022578333,-0.0011688968,-0.0020096668,angry,03-01-05-01-01-02-18.wav
-572.483,43.66747,-12.338446,-7.6736264,-4.3396797,-9.26305,-3.1234782,-14.411972,-10.86219,-0.65432286,-3.1244311,-8.585004,-1.5858531,2.0481596e-07,0.0,2.5601995e-08,-2.5601995e-08,1.6001247e-08,0.0,-1.4401122e-08,0.0,0.0,0.0,6.400499e-09,-6.400499e-09,1.2800998e-08,-4.4003428e-09,0.0,-3.2002494e-09,-6.400499e-09,2.8002183e-09,3.2002494e-09,0.0,0.0,3.2002494e-09,-1.6001247e-09,0.0,0.0,2.0001559e-10,fearful,03-01-06-01-01-01-18.wav
-667.3429,40.748005,6.382223,2.1529388,-0.58190316,-3.6610782,1.9494617,-10.684785,-8.748016,-6.5831685,-8.120845,-5.966727,-7.551566,-4.0420633e-07,0.0,0.0,-2.5262896e-08,-6.315724e-09,1.2631448e-08,-3.157862e-09,6.315724e-09,0.0,0.0,-1.2631448e-08,0.0,0.0,-6.315724e-09,6.315724e-09,-1.578931e-09,2.3683966e-09,0.0,6.4144073e-10,3.157862e-09,-7.894655e-10,3.9473275e-10,-1.1841983e-09,7.894655e-10,0.0,1.578931e-09,surprised,03-01-08-01-02-02-18.wav
-597.57764,31.650173,0.8106999,-0.5408882,-7.3405476,-3.1083295,3.7935731,-8.382632,-10.935116,-7.2547083,-7.0997195,-4.8443103,-6.350873,-3.989226e-07,0.0,0.0,0.0,-6.2331655e-09,0.0,0.0,2.4932662e-08,2.4932662e-08,0.0,6.2331655e-09,0.0,2.4932662e-08,1.5592263e-05,1.9871331e-05,1.3781529e-05,4.989649e-06,-4.774605e-06,-1.3594534e-05,-1.9721736e-05,-2.1961001e-05,-1.9876006e-05,-1.3881259e-05,-5.1727484e-06,4.5282e-06,1.33148205e-05,surprised,03-01-08-02-01-02-18.wav
-751.19867,54.40895,6.18012,9.967446,0.44338146,-5.4271164,-1.8321086,-13.977192,-6.9333057,-1.6625735,-1.1481075,-5.5754213,-5.6391864,-8.951823e-06,-1.3275147e-05,-1.3364156e-05,-1.3326009e-05,-1.3281504e-05,-1.3249715e-05,-1.3095538e-05,-1.2982687e-05,-1.2849172e-05,-1.2664795e-05,-1.2528599e-05,-1.2334188e-05,-1.2156169e-05,1.3415018e-06,2.0051002e-06,2.0567577e-06,2.120336e-06,2.2045772e-06,2.3110708e-06,2.450943e-06,2.614657e-06,2.7998287e-06,3.0056635e-06,3.2424928e-06,3.498594e-06,3.779133e-06,neutral,03-01-01-01-01-01-18.wav
-667.24646,49.291515,-7.0733585,5.427686,0.39306754,-5.02069,-4.6512814,-15.912791,-7.278917,-5.001693,-5.5799985,-5.311221,-7.0010157,5.8986996e-05,8.2592036e-05,8.2486426e-05,8.233602e-05,8.21312e-05,8.1849576e-05,8.150395e-05,8.109432e-05,8.0646285e-05,8.008304e-05,7.9494195e-05,7.8854144e-05,7.816289e-05,-3.1989694e-05,-4.5600354e-05,-4.554595e-05,-4.5466742e-05,-4.5341134e-05,-4.518272e-05,-4.4994307e-05,-4.476689e-05,-4.451627e-05,-4.4218647e-05,-4.389062e-05,-4.3532993e-05,-4.3144162e-05,happy,03-01-03-01-02-01-18.wav
-414.26715,11.108299,-23.210482,-7.419191,-7.288784,-8.882564,-6.3302054,-7.0788364,-12.507562,-1.6781353,-7.575988,-4.123612,1.7700888,0.0,2.340305e-08,0.0,0.0,2.340305e-08,-2.340305e-08,-1.1701525e-08,0.0,-2.340305e-08,0.0,0.0,0.0,1.1701525e-08,-1.1701525e-08,0.0,-5.8507625e-09,2.9253813e-09,0.0,0.0,0.0,7.313453e-10,-1.4626906e-09,-7.313453e-10,0.0,-3.6567266e-10,-5.8507625e-09,happy,03-01-03-02-01-01-18.wav
-761.6654,57.792294,5.3452344,5.8897953,-2.6323333,-2.4839988,-3.0029597,-13.693338,-7.9243455,-0.09443085,-2.142057,-4.4876823,-3.1700544,0.00032572428,0.00045796714,0.0004567464,0.00045466106,0.00045178414,0.00044815065,0.0004436493,0.000438385,0.0004322815,0.00042549134,0.00041790644,0.00040962218,0.00040060043,-8.460363e-05,-0.00011895497,-0.00011863391,-0.00011809826,-0.000117338896,-0.00011638165,-0.00011520704,-0.00011382103,-0.00011222402,-0.00011044224,-0.00010845224,-0.00010626793,-0.00010388851,neutral,03-01-01-01-02-02-18.wav
-628.40735,42.05372,-13.939924,4.7902513,-0.53723973,-9.554271,-7.566367,-17.344685,-6.1383524,-1.2843633,-5.079163,-7.486701,-6.1776624,1.0451225e-06,0.0,3.9192095e-08,1.3064032e-08,-1.1431028e-08,-2.6128063e-08,9.798024e-09,-5.2256127e-08,0.0,1.3064032e-08,0.0,1.9596047e-08,0.0,-7.348518e-09,-3.266008e-09,7.348518e-09,-4.899012e-09,2.449506e-09,1.633004e-09,-2.449506e-09,-3.266008e-09,-1.633004e-09,4.08251e-09,-8.16502e-10,8.16502e-10,2.449506e-09,happy,03-01-03-01-01-02-18.wav
-409.97815,8.036108,-25.479773,-8.056434,-7.822404,-10.435479,-8.7443,-9.364064,-10.210476,0.31889206,-8.535005,-4.45514,0.28795058,-9.192041e-08,-2.2980103e-08,0.0,-1.1490052e-08,-1.1490052e-08,1.1490052e-08,-1.4362565e-08,0.0,0.0,0.0,-1.1490052e-08,-2.2980103e-08,1.1490052e-08,0.0,-2.872513e-09,0.0,5.745026e-09,2.5134488e-09,7.181282e-10,7.181282e-10,-3.5906413e-09,-2.872513e-09,0.0,-2.872513e-09,-2.1543847e-09,7.181282e-10,happy,03-01-03-02-02-02-18.wav
-481.7221,32.366623,-16.953447,-6.5130835,-9.376101,-9.362711,-4.3095202,-14.898703,-11.764624,-0.17533737,-4.7581124,-5.58485,-3.3121989,9.155273e-07,-3.8146972e-08,-1.9073486e-08,9.536743e-09,-1.4305114e-08,0.0,9.536743e-09,1.9073486e-08,0.0,-1.1920929e-09,-4.7683715e-09,-4.7683715e-09,0.0,-9.536743e-09,9.536743e-09,-4.7683715e-09,-2.3841857e-09,-1.1920929e-09,0.0,0.0,-1.4901161e-09,1.1920929e-09,1.4901161e-09,2.3841857e-09,-2.9802322e-10,5.9604643e-10,disgust,03-01-07-02-02-01-18.wav
-501.362,29.30745,-25.765537,-7.103438,-6.6573176,-18.079805,-12.879894,-14.035048,-21.3754,-1.2141588,-2.7369044,-14.600492,1.5495789,3.6768165e-07,1.1490052e-08,4.5960206e-08,-2.872513e-08,5.745026e-09,0.0,-2.2980103e-08,-2.872513e-09,-4.5960206e-08,-1.1490052e-08,0.0,0.0,0.0,-2.2980103e-08,-3.5906413e-09,4.3087693e-09,-2.872513e-09,-3.5906413e-09,-1.4362564e-09,1.4362564e-09,1.4362564e-09,-7.181282e-10,1.4362564e-09,0.0,1.3464905e-09,-2.872513e-09,sad,03-01-04-02-02-02-18.wav
-662.43134,49.88233,-5.3726125,-1.0776556,-4.939732,-8.052366,0.21584092,-11.379195,-12.613911,-1.9441062,-3.9464095,-8.26724,-3.5775561,1.5550359e-06,0.0,1.2148718e-08,-2.4297435e-08,6.074359e-09,-1.2148718e-08,3.0371794e-09,-6.074359e-09,-1.2148718e-08,0.0,-3.0371794e-09,-6.074359e-09,6.074359e-09,6.074359e-09,-9.111538e-09,0.0,0.0,3.4168268e-09,3.0371794e-09,0.0,2.2778845e-09,0.0,-3.0371794e-09,-3.7964742e-09,-1.1389423e-09,7.5929485e-10,sad,03-01-04-01-01-02-18.wav
-622.23016,53.514874,-3.5073364,3.0967531,-8.308413,-2.7469969,-1.8033712,-11.341995,-10.871562,-3.422085,0.6102264,-6.8497753,-2.216164,1.148511e-06,-4.101825e-08,-2.0509125e-08,6.152737e-08,-5.1272813e-09,-1.02545625e-08,1.02545625e-08,0.0,2.0509125e-08,1.02545625e-08,0.0,0.0,0.0,6.2450286e-05,1.980156e-05,-7.891142e-05,-5.4654254e-05,5.310838e-05,7.66849e-05,-1.759042e-05,-8.132637e-05,-1.8751749e-05,6.875108e-05,4.734275e-05,-4.356747e-05,-6.2302235e-05,disgust,03-01-07-01-01-01-18.wav
-394.69827,3.0036666,-31.253637,-4.582311,-15.281145,-9.647146,-6.338894,-4.7024894,-11.499353,-5.435595,-5.784519,-7.1454873,1.7370884,-1.0490418e-06,-1.1920929e-08,4.7683717e-08,0.0,-2.3841858e-08,2.3841858e-08,-1.1920929e-08,-1.0430813e-08,-2.3841858e-08,-1.1920929e-08,0.0,5.9604646e-09,0.0,-8.940697e-09,5.9604646e-09,-5.9604646e-09,0.0,0.0,7.4505807e-10,3.7252904e-10,0.0,2.9802323e-09,1.4901161e-09,7.4505807e-10,0.0,0.0,angry,03-01-05-02-01-01-18.wav
-469.20496,25.095575,-22.377947,-6.330383,-6.452789,-8.746282,-6.286771,-8.858514,-14.157976,0.64945817,0.16933051,-7.8586035,-1.248079,1.695421e-07,-5.2981908e-09,2.6490953e-08,2.1192763e-08,2.3841858e-08,5.2981908e-09,-4.635917e-09,1.3245477e-08,0.0,5.2981908e-09,0.0,-5.2981908e-09,0.0,-2.1192763e-08,3.973643e-09,-2.6490954e-09,1.3245477e-09,-3.3113692e-09,3.642506e-09,1.6556846e-09,9.934108e-10,-2.6490954e-09,0.0,1.6556846e-10,-2.6490954e-09,0.0,fearful,03-01-06-02-01-02-18.wav
-573.80347,50.80825,-10.013379,-4.2318435,-0.4271269,-7.518024,0.30993673,-16.550364,-11.061664,0.3712074,-3.8012187,-7.360249,0.09733103,0.24616821,0.15817933,-0.032054264,0.017120032,0.0360043,0.011588643,-0.029320411,-0.12221906,-0.08886895,0.020379538,0.021543961,-0.0009960555,-0.0068915496,-0.08543241,-0.06193477,0.0036458063,-0.006680386,-0.013851651,-0.0017563391,0.017298203,0.053447887,0.041221887,-0.0057327426,-0.009819694,-0.000582792,0.004331716,fearful,03-01-06-01-02-02-18.wav
-544.0694,38.23803,-10.403605,-1.4367191,-7.756021,-9.004867,-4.120344,-13.219693,-14.917849,-3.892212,-5.2500877,-5.372696,-5.9114547,1.9816609e-07,0.0,-2.4770761e-08,-2.4770761e-08,0.0,0.0,0.0,2.4770761e-08,-2.4770761e-08,0.0,0.0,-6.1926904e-09,0.0,-6.1926904e-09,0.0,-9.289035e-09,0.0,6.1926904e-09,0.0,-1.5481726e-09,-1.1611294e-09,-1.5481726e-09,0.0,7.740863e-10,0.0,0.0,angry,03-01-05-01-02-01-18.wav
-660.55853,46.69857,-4.462431,4.136873,-4.051329,-10.320973,1.9648588,-17.973434,-10.0557995,-9.002686,-8.22498,-6.047845,-7.0814157,1.0451225e-06,5.2256127e-08,0.0,-1.3064032e-08,0.0,-1.3064032e-08,-1.3064032e-08,-1.3064032e-08,0.0,1.3064032e-08,0.0,0.0,0.0,1.3064032e-08,6.532016e-09,6.532016e-09,0.0,0.0,-1.633004e-09,-3.266008e-09,-1.633004e-09,-1.633004e-09,1.633004e-09,2.449506e-09,4.08251e-10,2.449506e-09,surprised,03-01-08-01-01-01-18.wav
-574.5478,31.0831,4.6447887,-1.977455,-5.5003233,-7.172913,0.8774585,-12.652686,-13.531674,-8.403601,-10.115032,-6.150233,-6.6233935,1.8274e-07,2.28425e-08,0.0,2.28425e-08,5.710625e-09,0.0,-5.710625e-09,-2.28425e-08,0.0,0.0,0.0,0.0,0.0,0.0,0.0,2.1414843e-09,-4.2829686e-09,-2.1414843e-09,0.0,-7.138281e-10,0.0,7.138281e-10,0.0,7.138281e-10,0.0,-4.4614254e-10,surprised,03-01-08-02-02-01-18.wav
-697.1783,34.360622,-10.023999,2.262168,-5.1408863,-3.7022245,-10.11301,-13.919273,-5.329113,-3.9390051,-6.0587635,-4.6677895,-3.5296917,0.08448253,-0.0045985053,-0.034885038,0.07866304,0.007391439,-0.04650775,0.03428901,0.015480322,-0.041225966,0.011303089,0.020809412,-0.02875572,6.9264104e-05,0.011966908,-0.006168604,-0.011937702,0.010126291,-0.0015513757,-0.010717617,0.0051879794,0.0027628366,-0.006699689,0.0034014601,0.004479686,-0.005103756,0.00029481816,surprised,03-01-08-01-02-01-20.wav
-491.45468,33.537125,-22.894016,1.3118414,-14.458569,-13.203241,-9.766088,-16.279688,-8.4061985,-5.2869577,-10.154553,-4.6355915,-3.9562502,-0.0012608877,-0.00085818843,0.0001759618,-0.0005051986,-0.001254757,-0.000201788,0.0010594729,0.0005537234,-0.00025385508,0.00063262373,0.0018012242,0.0011681651,2.8006038e-05,-3.9475304e-05,-0.0001822821,-0.0003206341,-0.00017118602,9.837617e-05,0.00014188646,2.8246679e-05,0.00010160963,0.00036164914,0.0004544669,0.00028849833,0.00019233568,0.00033138404,surprised,03-01-08-02-01-01-20.wav
-484.49747,25.881422,-31.882252,-4.438724,-10.472031,-24.525002,-11.578903,-19.889175,-22.445848,-0.7532737,-14.098102,-0.57462907,-0.10503317,2.4439764,0.21825355,-0.35404286,-0.041308023,-0.044614658,-0.14735696,-0.12017985,-0.13719183,-0.21189044,0.14634156,-0.16950712,0.08005482,0.117297105,0.4083464,0.009178007,-0.0465495,-0.017456742,-0.022692896,-0.026225517,-0.012487065,-0.010080831,-0.024580844,0.031298548,-0.015855242,0.013871762,0.006910091,sad,03-01-04-02-01-02-20.wav
-644.3734,36.132797,-0.019422283,3.0612745,-7.6875157,-7.4593763,-6.7287154,-10.855753,-11.11746,-2.3004267,-5.448659,-6.066709,-2.5772429,0.33375713,0.40709293,0.24624002,0.066254504,-0.06173539,-0.10585886,-0.08040355,-0.029668495,0.0014215459,-0.0060145813,-0.036265776,-0.058316253,-0.057230733,-0.01699861,-0.01833148,-0.0068103424,0.00062062783,0.0009303743,-0.001244945,-0.0018759622,-0.0019032363,-0.0037853785,-0.0071864533,-0.0084119635,-0.0038496933,0.004991939,disgust,03-01-07-02-01-01-20.wav
-711.90674,41.217934,3.1859272,1.0049268,-3.9418118,-3.2899582,-9.494141,-10.740679,-4.17024,-5.21729,-5.839829,-5.754578,-2.372964,0.041296892,0.05402224,0.042610254,0.029506616,0.021523597,0.02100291,0.022259962,0.016957495,0.003753972,-0.009576931,-0.014538856,-0.010446518,-0.0033692373,-0.0031213108,-0.0034115785,-0.0011968795,-2.2757586e-05,-3.8327114e-05,0.00043734623,0.001118622,0.00092624704,-0.00044227293,-0.0018825971,-0.002010871,-0.0011887463,-0.0005867861,disgust,03-01-07-01-02-01-20.wav
-795.28186,44.76906,-1.8909981,13.641995,-0.08262279,5.2937164,-6.8629394,-14.351245,-8.375112,-0.11432495,-3.0374513,-5.556241,-2.8404052,0.80767655,0.23397483,-0.06545374,0.05536022,0.10393864,0.107292265,-0.011557696,-0.12641488,-0.09684911,0.051472664,0.007690077,-0.04289242,-0.02569599,-0.018692428,-0.0016170266,0.0022786031,-0.001411202,0.0040467577,0.0037797869,-0.0021546425,-0.010985093,-0.009083156,-0.0046620388,-0.0047938963,0.0012600275,0.0022264768,sad,03-01-04-01-02-02-20.wav
-338.56052,9.739462,-23.762583,-12.000756,-14.014739,-13.600858,-9.955663,-14.172215,-5.4902825,5.2278323,2.7344327,12.879958,5.162269,0.78098345,0.1798745,-0.05126321,0.018162064,-0.06214779,0.19040039,0.08107984,-0.05198253,-0.088486984,0.0065857545,0.013129782,-0.010586801,0.057570916,0.052769113,0.023936909,0.005611747,0.016232995,0.017046386,0.023411827,0.016781209,0.004107952,0.009375915,0.012169202,0.0096403565,0.009711085,0.01662757,fearful,03-01-06-02-02-02-20.wav
-332.71335,20.409542,-24.743666,-12.518737,-15.651567,-15.802431,-6.9514422,-10.635042,-7.4667935,-5.074694,-3.8230321,-4.8845987,-3.8841443,0.0,-2.0077355e-08,-2.7606362e-08,-2.0077355e-08,2.0077355e-08,1.00386774e-08,0.0,0.0,1.00386774e-08,-2.5096694e-09,0.0,1.00386774e-08,7.529008e-09,2.0077355e-08,1.00386774e-08,1.00386774e-08,1.2548347e-09,1.2548347e-09,0.0,6.2741734e-10,1.2548347e-09,0.0,1.2548347e-09,9.41126e-10,0.0,0.0,angry,03-01-05-02-02-01-20.wav
-718.8174,35.305683,-2.1395128,4.4882774,-4.357751,-3.5814202,-5.334898,-11.133237,-5.956142,-7.668054,-2.854255,-3.802172,-6.8896894,-0.0048209056,-0.00664602,-0.006134987,-0.0053179604,-0.0042447224,-0.0029792786,-0.0015955108,-0.00017187936,0.0012136732,0.0024884497,0.0035895875,0.004466813,0.0050852774,-0.0019105979,-0.0026292494,-0.0024158673,-0.0020738926,-0.0016239124,-0.0010941131,-0.0005185017,6.606834e-05,0.00062354206,0.0011218855,0.001535454,0.0018458549,0.0020420058,angry,03-01-05-01-01-01-20.wav
-716.9557,26.38051,-7.190039,2.683254,-5.724729,-12.158397,-9.297319,-13.688541,-1.8686459,-6.5472536,-7.576274,-0.8790213,-7.062283,-0.00023741949,-0.0003380725,-0.0003413372,-0.00034349936,-0.00034012366,-0.00032616922,-0.00029676553,-0.0002481622,-0.000178602,-8.885696e-05,1.7549626e-05,0.0001343167,0.00025295708,-0.00018947339,-0.00029727392,-0.00036210925,-0.00040916287,-0.00038889225,-0.00028515494,-0.00012083801,6.0195016e-05,0.00021860303,0.0003340995,0.00040317717,0.0004289554,0.0004156049,fearful,03-01-06-01-01-02-20.wav
-706.14124,35.002117,-7.671686,9.35868,-6.6919684,-9.426923,-6.437806,-12.181662,-5.520777,-4.0778794,-5.006567,-4.896059,-5.7605367,0.014421339,0.020715937,0.021113556,0.020617187,0.018970415,0.016493939,0.013004808,0.0076365285,0.00016585883,-0.007875969,-0.0140339,-0.016930459,-0.017094785,0.0029003837,0.003903344,0.0034334164,0.0029464155,0.002633005,0.0025275683,0.002429778,0.0018669893,0.00040648374,-0.0017596746,-0.0037131724,-0.0045869853,-0.004383742,neutral,03-01-01-01-01-02-20.wav
-673.9103,27.615297,-13.983661,-1.5622809,-5.716148,-10.465156,-8.6013565,-17.099243,-7.765978,-7.1159916,-5.626108,-0.83338207,-7.872592,7.058487e-05,-4.697008e-06,-0.00028397437,-0.00065999455,-0.0010202953,-0.0012453819,-0.0012373243,-0.0009436056,-0.00037198488,0.000407965,0.0012765871,0.0020877293,0.0026991968,3.8811948e-05,-0.00015186777,-0.00052522967,-0.0006649948,-0.0005130784,-0.00028749875,-4.1628777e-05,0.00040651808,0.0010875285,0.0017017102,0.0019502494,0.0018485886,0.0015623099,happy,03-01-03-01-02-02-20.wav
-483.98975,31.332003,-36.66193,-2.5267751,-16.020794,-20.133308,-10.0673895,-21.066885,-11.018093,-6.540895,-14.631471,1.1334414,-4.1200266,-0.043298535,0.04693875,0.044884957,-0.026192922,0.050783362,0.03533028,-0.024244595,0.013101475,0.0073018535,-0.019038098,-0.021306561,-0.014653667,0.022101197,-0.02856792,-0.012743793,0.020583952,-0.00853234,-0.0007256616,0.0039764284,-0.0037440048,0.01280943,0.0019532058,-0.004626029,0.012188976,0.008435165,-0.005010292,happy,03-01-03-02-01-02-20.wav
-727.40466,39.942905,-1.6782709,7.223198,-4.6347146,-6.327626,-6.6741753,-11.066924,-4.1365056,-3.8502643,-4.059075,-5.6526246,-4.399698,0.06897874,0.09146134,0.07628353,0.058478158,0.042633466,0.029291064,0.01708192,0.0056335144,-0.0039628176,-0.010677888,-0.014677419,-0.016913677,-0.01800797,0.008415305,0.010975902,0.0087748105,0.006417269,0.0045945514,0.003290109,0.002133059,0.0009052149,-0.00025483026,-0.001145799,-0.0017719489,-0.0022007835,-0.0024104598,neutral,03-01-01-01-02-01-20.wav
-572.8164,34.408527,-14.77135,3.9322925,-8.077449,-12.511955,-6.8386197,-15.84443,-9.628416,-4.735819,-10.094336,-1.3581771,-9.728366,1.6355827e-05,2.303778e-05,2.1716349e-05,1.9724852e-05,1.6979142e-05,1.3563368e-05,9.645823e-06,5.185994e-06,4.5502108e-07,-4.475413e-06,-9.443245e-06,-1.4317581e-05,-1.8973755e-05,-0.00032828836,-0.00045849296,-0.00044078764,-0.00041182525,-0.00037240048,-0.00032359594,-0.00026674208,-0.00020340066,-0.0001352926,-6.427017e-05,7.74315e-06,7.8813704e-05,0.00014704038,happy,03-01-03-01-01-01-20.wav
-473.65646,22.779184,-27.781593,-2.476644,-15.722082,-15.869231,-14.93059,-16.87676,-7.8204336,-3.1334012,-3.3939843,-1.0868928,-2.7694929,-1.9816609e-07,1.2385381e-08,0.0,2.3222588e-09,0.0,-2.4770761e-08,-4.9541523e-08,0.0,0.0,0.0,0.0,-6.1926904e-09,6.1926904e-09,0.0,-6.1926904e-09,6.1926904e-09,1.5481726e-09,3.0963452e-09,0.0,0.0,1.5481726e-09,9.676079e-10,1.5481726e-09,-7.740863e-10,9.676079e-10,-1.5481726e-09,happy,03-01-03-02-02-01-20.wav
-584.0843,38.62264,-13.848334,3.095492,-7.6684823,-10.693736,-7.953488,-12.658571,-7.779194,-6.30207,-5.721815,-5.661475,-5.8211546,0.00057963585,0.0008045543,0.00076492113,0.0007035516,0.00062660116,0.0005408448,0.00045233886,0.00036559787,0.0002827954,0.0002039996,0.00012760039,5.1498413e-05,-2.6027878e-05,-0.00015216679,-0.00020799234,-0.00018716168,-0.00015516714,-0.000115561794,-7.238191e-05,-2.9501203e-05,9.945461e-06,4.3923978e-05,7.150854e-05,9.271541e-05,0.000108037675,0.00011801565,surprised,03-01-08-01-01-02-20.wav
-597.75964,33.127743,-17.43268,3.7646346,-6.836936,-6.8433313,-10.605316,-17.50824,-4.1711884,-3.9833272,-8.670634,-5.2224646,-5.900335,-0.0049358597,-0.0061384877,-0.0039221235,-0.0011223402,0.0013261321,0.0027067198,0.0027412311,0.0016058084,-0.00020896668,-0.002091491,-0.0034798488,-0.0039900253,-0.0035068588,-0.001954682,-0.0024626176,-0.0016636753,-0.0006404355,0.00027502462,0.0008145883,0.00085917214,0.0004594838,-0.00020235797,-0.0008835528,-0.0013559904,-0.0014680942,-0.0011838834,surprised,03-01-08-02-02-02-20.wav
-538.601,32.994755,-10.199847,-9.196614,-13.171097,-7.6060286,-9.206812,-15.677617,-12.207046,-3.902577,-6.874881,-9.534218,-7.6598353,-0.0064306203,-0.007375089,-0.0043031382,-0.0027412141,-0.0020370083,-9.308318e-05,0.002268694,0.0025132003,0.0008455151,-0.000112887625,0.0002854056,0.00012685011,-0.001075756,-0.0029483899,-0.0033892558,-0.002091335,-0.001631261,-0.0014970888,-0.0005322188,0.0007381011,0.0008850533,4.624562e-05,-0.00032281448,8.535814e-05,0.0001385592,-0.00047909855,disgust,03-01-07-02-02-02-20.wav
-707.0014,36.547977,-2.5585473,2.088703,-4.013518,-10.808272,-12.337747,-16.72845,-12.153151,-2.8295624,-10.164288,-0.6368118,-4.117458,0.062325083,0.010772845,-0.04822416,0.02477097,0.040683653,-0.031028515,-0.027892897,0.013346276,-0.0036468622,-0.009232358,0.012447857,-0.0050096163,-0.019730518,0.014108792,0.0016745533,-0.011911882,0.005730997,0.009137412,-0.007812564,-0.005897032,0.004171475,-0.00093659613,-0.002138164,0.0042124093,-0.0003106216,-0.005074141,sad,03-01-04-02-02-01-20.wav
-748.3826,41.678886,-9.606702,11.9247675,-6.8336344,-2.2697728,-9.544798,-17.103355,-5.689906,-4.280839,-6.6698985,-5.1118574,-3.0374901,-0.02015686,0.1689726,0.1119231,0.009008053,0.020294532,-0.008977352,0.0085131815,-0.013589327,0.011241298,-0.02735529,-0.035146307,-0.013460348,-0.013345156,-0.015681248,-0.00093778584,0.0040974845,-0.0026318247,-0.0014018813,-0.003099931,-0.0006774618,0.0026065737,-0.002713539,-0.0015860873,0.00093723106,-0.0050058984,-0.005108743,sad,03-01-04-01-01-01-20.wav
-681.8906,57.402634,-5.8549075,3.6853342,-3.2249448,-8.471834,-10.205029,-6.967834,-0.57425404,-2.3423226,-4.07266,-2.8214188,-1.9535022,-0.0066126473,0.0013591221,0.018446608,0.021501843,0.014736514,0.012861536,0.015305561,0.013309929,0.008247026,0.006891002,0.008104872,0.005625291,-0.00122389,-0.014670631,-0.015705926,-0.0050550923,0.0027078087,0.006311076,0.009470522,0.011390007,0.009127404,0.003286058,-0.0014111848,-0.0030242729,-0.003417429,-0.003475615,disgust,03-01-07-01-01-02-20.wav
-361.089,20.357244,-26.542664,-8.855533,-20.563604,-18.640947,-8.611228,-13.854032,-7.004301,-2.890435,-3.3327773,0.24253298,-7.1913495,0.0067605106,0.008903244,0.007057168,0.0043587144,0.0012919795,-0.00161288,-0.003886342,-0.005210367,-0.0054726275,-0.004775329,-0.003397443,-0.0017213334,-0.00014280189,0.002963337,0.00038415194,0.0022462497,0.0014649223,-0.00096321275,0.0011638782,-0.0021442743,-0.00044337253,-0.0013390996,-0.0015368875,5.418604e-07,-0.00127143,0.00060960924,angry,03-01-05-02-01-02-20.wav
-355.84085,27.35387,-35.878235,-6.4600863,-15.599998,-14.640551,-8.840478,-16.646618,-2.9034853,-0.8545432,-6.354803,2.329088,0.46815532,0.5345687,0.20306069,-0.020654438,0.11730215,0.04750747,0.14606413,0.1091747,0.06365236,0.071841255,0.052595913,0.030750113,0.07844111,0.08825681,-0.1105291,0.028154358,0.012273168,-0.011414096,0.017620664,-0.006310274,0.01868657,0.018765783,0.005322009,-0.014732254,0.009025498,-0.0037315392,-0.001681905,fearful,03-01-06-02-01-01-20.wav
-751.18695,24.323202,-0.4014616,7.7041574,-2.0338576,-4.151383,-12.629107,-13.451913,-0.18576862,-4.3850427,-5.9079857,-4.754423,-3.3043406,0.04472582,0.05988822,0.050906956,0.038657907,0.025095945,0.011418246,-0.001150625,-0.011114028,-0.01751057,-0.020498399,-0.020860592,-0.019282669,-0.01638213,0.003186327,0.004366959,0.0039578606,0.0033385786,0.0026298403,0.0019209525,0.0011866135,0.00036919257,-0.0004564145,-0.001077922,-0.0013390551,-0.0012838795,-0.0010740606,fearful,03-01-06-01-02-01-20.wav
-522.80347,31.8108,-22.78809,-4.722715,-12.351964,-15.021381,-12.539617,-17.151907,-10.3085785,-6.2061777,-5.2554913,-6.462373,-10.526881,0.17089806,0.114527784,-0.03559867,-0.040490784,-0.011696066,-0.02012204,-0.057016034,-0.049825225,-0.022219228,0.007567109,0.04404539,0.025168968,0.0031237253,0.053411875,-0.016418155,-0.009322039,0.016524475,0.000117422605,0.004403065,0.009092277,0.009908668,0.005772595,-0.007286489,-0.01508126,-0.014271728,-0.008237464,angry,03-01-05-01-02-02-20.wav
-538.0495,27.48666,-34.084827,-3.541279,-17.587189,-18.483433,-10.359676,-17.461155,-10.396801,-2.94744,-12.058153,-1.8556175,-9.410999,1.1516067e-06,-4.798361e-08,-4.798361e-08,0.0,0.0,-2.3991806e-08,-1.499488e-08,0.0,1.1995903e-08,2.3991806e-08,1.1995903e-08,7.4974393e-10,-2.3991806e-08,0.0,-4.498464e-09,0.0,5.9979515e-09,0.0,-7.4974393e-10,-1.4994879e-09,0.0,-7.4974393e-10,0.0,-3.3738479e-09,-9.3718e-10,1.4994879e-09,happy,03-01-03-02-01-01-20.wav
-629.4866,37.42071,-2.4512224,10.417361,-3.4824657,-5.369235,-8.344803,-14.070186,-7.1920834,-7.900625,-7.8662906,-3.0695736,-7.3869085,0.00040852863,0.00057543436,0.0005735588,0.00057029724,0.00056573865,0.0005597178,0.00055229187,0.00054355623,0.0005331675,0.00052118936,0.0005075709,0.0004922517,0.00047515868,0.016825788,0.009428425,0.00020408948,0.009299656,0.0064406083,0.00037977536,-0.001235502,-0.0067859935,-0.004512744,-0.0012754436,-0.008907363,-0.008674061,0.00032441458,happy,03-01-03-01-02-01-20.wav
-716.3534,35.547623,-6.0226827,7.942268,-6.15026,-6.971258,-7.0630217,-11.555155,-4.877773,-4.673671,-2.1677947,-6.634828,-4.307182,0.011748251,0.016276602,0.0153504945,0.014016345,0.012416916,0.010599496,0.008563987,0.006320229,0.0038797823,0.0012359428,-0.0015678453,-0.0043138377,-0.006593717,0.000563186,0.00089847564,0.0011217054,0.0012850221,0.001244475,0.0009753291,0.0005412459,7.4720383e-06,-0.000602046,-0.0012692896,-0.001925839,-0.002452089,-0.002740724,neutral,03-01-01-01-01-01-20.wav
-661.64075,39.60979,-16.560139,1.4690545,-11.140987,-9.155743,-9.520963,-16.308973,-8.225516,-7.2757497,-7.4385324,-5.741405,-6.67003,0.005319432,0.0073995315,0.0070377896,0.0064463275,0.0056419373,0.004648454,0.0034957766,0.0022200583,0.0008627415,-0.0005303724,-0.0019103553,-0.003226832,-0.004429994,0.0006786278,0.00093740737,0.00087280106,0.00077086175,0.00063892856,0.00048510346,0.00031702177,0.00014099415,-3.8304926e-05,-0.00021757228,-0.0003942911,-0.0005657443,-0.0007281712,surprised,03-01-08-02-01-02-20.wav
-680.0299,37.359367,-14.8735285,4.387551,-8.966158,-7.5625496,-9.875604,-16.452967,-2.3112226,-6.6937885,-4.897814,-4.093295,-0.91787,0.00064462854,0.0008498344,0.00069702533,0.0005249355,0.0003954725,0.00031814023,0.00024698782,0.00011867026,-9.652843e-05,-0.00036757925,-0.0006197639,-0.00078366115,-0.00084049115,-0.0010692071,-0.0015003646,-0.0014618479,-0.0013885809,-0.0012762201,-0.0011292956,-0.00096010254,-0.00078196457,-0.0006023326,-0.0004211284,-0.00023542452,-4.629467e-05,0.00013792342,surprised,03-01-08-01-02-02-20.wav
-711.3894,26.909382,-5.676498,4.625255,-6.4992795,-9.896237,-9.0224495,-11.170863,-3.7889397,-5.2305017,-6.7182446,-1.9605707,-5.838693,0.004241199,0.0047596022,0.0014970826,-0.002651773,-0.0063938745,-0.008758871,-0.009277064,-0.007875733,-0.0047254055,-0.00023328676,0.0048421463,0.009374438,0.012135625,0.00017053325,3.723691e-05,-0.0004935446,-0.0011496893,-0.0017001629,-0.0019699729,-0.0018751563,-0.0014092167,-0.00061817793,0.00040280746,0.0014953228,0.0024413452,0.0030139845,fearful,03-01-06-01-01-01-20.wav
-577.73236,27.2024,-10.663376,-4.069108,-9.579173,-7.151253,-5.5385594,-12.176256,-8.965186,-6.5626273,-5.3581166,-4.135693,-8.40884,-0.0007358338,-0.0010329062,-0.0010069379,-0.0009642773,-0.00090567075,-0.0008324096,-0.00074585923,-0.00064771663,-0.0005398389,-0.00042429622,-0.0003031618,-0.00017863586,-5.2872652e-05,-0.00076898135,-0.0010788077,-0.0010520213,-0.0010079183,-0.00094733626,-0.00087138143,-0.0007814354,-0.0006791327,-0.00056631333,-0.00044499716,-0.00031729072,-0.00018542714,-5.1639465e-05,angry,03-01-05-01-01-02-20.wav
-473.23233,21.334826,-10.114379,6.507584,-10.93503,-5.6334267,-8.835558,-14.495771,-7.6875806,-8.649399,-5.2989783,-5.679678,-7.934989,0.0022411472,0.0012130239,-0.0018379859,-0.0016496914,0.0013136022,0.0025008207,-4.58761e-05,-0.0028207318,-0.0019677605,0.0011223063,0.0018902823,-0.0007284139,-0.002795768,0.0014623847,-0.00026561387,-0.00059486215,0.0016477498,6.3568354e-05,-0.0011631928,-1.3516619e-05,-0.00011206686,-0.0007849862,6.1914034e-05,-0.00022918687,-0.001647209,0.00032870675,angry,03-01-05-02-02-02-20.wav
-371.2867,17.98975,-34.80822,-19.066021,-15.570874,-19.657444,-11.063187,-12.256655,-3.1288543,0.6911183,1.5212905,-1.1974415,-6.0054502,-0.0003940788,-0.00020046577,0.00025688673,4.9237005e-05,-0.0004031587,-0.00023726503,0.000333569,0.00038909912,-9.256352e-05,-0.0002073642,0.0002839551,0.0005375582,0.000105874984,-0.00026312275,-9.7823e-06,0.0004276744,0.00015217958,-0.0003564515,-0.00020808802,0.00031169376,0.0002576905,-0.00028690748,-0.0003642993,0.00014907586,0.00033172805,-0.0001348871,fearful,03-01-06-02-02-01-20.wav
-802.7148,39.45842,0.110793255,9.741202,-2.2791438,2.1098502,-5.1756215,-12.984359,-3.8202262,-1.7401009,-3.366963,-3.5169377,-2.158331,0.25075725,0.15399891,0.081831984,0.05784771,-0.001419824,-0.016699009,-0.04468085,-0.05572347,-0.043865338,-0.006228025,0.011075872,0.0013127645,0.03741797,-0.030045928,-0.003371137,-0.0057507004,-0.010869672,-0.0052355924,-0.012994955,-0.015406073,-0.0022488665,-0.007278463,-0.0032337443,0.009442505,0.00075336493,0.0053258203,sad,03-01-04-01-02-01-20.wav
-683.2839,36.40722,2.4992378,0.69317037,-3.6331728,-7.378,-13.95176,-11.922803,-5.423102,-5.844708,-7.419645,-5.250023,-4.707231,0.04664005,0.061167683,0.049292482,0.036094632,0.026409408,0.020523818,0.014698281,0.0059222085,-0.003978258,-0.009746445,-0.008264656,-0.001918764,0.003909071,-0.0035077492,-0.004318415,-0.0028636297,-0.0013422277,0.00021234837,0.00214294,0.0039297673,0.004270009,0.0027633936,0.00064500555,-0.00063079974,-0.0008155955,-0.00047224687,disgust,03-01-07-01-02-02-20.wav
-600.2845,25.344883,-7.619144,0.16359146,-6.323228,-9.356352,-7.4890704,-9.378301,-7.3501086,-5.522023,-4.9046497,-2.989338,-5.6170535,-0.023834402,0.01995494,0.008679363,-0.026909651,0.021218015,-0.000964418,-0.013591658,0.011904107,-0.0010075866,-0.0052200695,0.0016909562,0.0043291724,-0.0038242987,-0.0104651805,0.008792187,0.0037181769,-0.011705638,0.009292977,-0.0005504142,-0.0057489793,0.0050546653,-0.00040986578,-0.0021996982,0.00060075655,0.002024598,-0.0017519698,disgust,03-01-07-02-01-02-20.wav
-668.1253,42.334232,-11.874657,8.760902,-2.5136783,-14.843214,-11.375772,-17.02996,-12.100386,-3.2926,-9.500825,-0.27100247,-5.1346726,5.6167323e-07,-4.68061e-08,0.0,0.0,-7.3134534e-09,0.0,2.340305e-08,0.0,0.0,0.0,0.0,-2.9253813e-09,0.0,-1.4626906e-09,-4.388072e-09,-2.9253813e-09,7.313453e-10,0.0,-2.5597087e-09,7.313453e-10,-1.4626906e-09,7.313453e-10,7.313453e-10,1.8283633e-09,7.313453e-10,0.0,sad,03-01-04-02-01-01-20.wav
-496.97263,32.771957,-25.746128,2.8428419,-8.91668,-9.610417,-9.26302,-22.2606,-13.259588,-3.6816773,-13.249469,-6.624546,-6.3879356,3.989226e-07,0.0,0.0,-6.2331655e-09,6.2331655e-09,2.4932662e-08,1.2466331e-08,0.0,0.0,-1.2466331e-08,1.2466331e-08,-6.2331655e-09,-2.4932662e-08,1.8699497e-08,6.2331655e-09,-3.1165828e-09,0.0,3.1165828e-09,0.0,3.1165828e-09,-7.791457e-10,0.0,3.1165828e-09,0.0,-1.5582914e-09,0.0,surprised,03-01-08-02-02-01-20.wav
-648.93774,32.601078,-16.753366,4.976407,-6.875793,-7.721793,-9.3877735,-15.8735285,-5.60183,-5.080626,-6.6679153,-3.0568774,-5.296223,8.915493e-05,0.000120980396,0.00011106219,9.515286e-05,7.408687e-05,4.9008642e-05,2.1258422e-05,-7.6293945e-06,-3.6082947e-05,-6.260872e-05,-8.574894e-05,-0.000104236606,-0.00011711121,0.0004406316,0.00059302873,0.0005107743,0.00039743356,0.00028132755,0.00018968241,0.00014088665,0.00013943229,0.00017518402,0.00022696938,0.00026946835,0.00028118663,0.00025111265,surprised,03-01-08-01-01-01-20.wav
-637.98096,29.067953,-14.885407,5.460538,-9.839304,-8.342687,-11.442346,-15.2401085,-7.3173113,-4.1612244,-3.8832593,-2.5466647,-6.53667,-0.00149325,-0.0020318902,-0.0018052874,-0.0014768397,-0.001107045,-0.00075882784,-0.0004819474,-0.0003018889,-0.00021431281,-0.00018802079,-0.00017455839,-0.0001221123,9.888373e-06,-0.00023270403,-0.00031316504,-0.00027043564,-0.00021234999,-0.000154836,-0.00011352229,-9.936507e-05,-0.00011541708,-0.00015567309,-0.00020634041,-0.00024930487,-0.00026662546,-0.00024528342,angry,03-01-05-01-02-01-20.wav
-763.5245,36.758694,-1.4255732,10.815436,-4.253779,-6.8310337,-14.415073,-17.199427,-3.3319035,-4.564998,-7.6657166,-2.1363618,-4.639681,0.38752908,0.25538245,0.042711653,0.04929165,0.0015832228,-0.055274237,-0.07647937,-0.051056053,-0.061649162,-0.055126004,-0.010937604,0.0065573114,-0.03203602,0.05320431,0.022594972,-0.0077251806,0.0013586091,-0.0002840749,-0.007738887,-0.011059405,-0.0050372244,-0.007497398,-0.0063736723,0.0006365739,0.0018832571,-0.004579155,fearful,03-01-06-01-02-02-20.wav
-317.35898,23.297577,-39.68282,-12.729726,-22.555912,-15.028671,-10.055991,-21.065584,-5.627685,2.6493883,-8.437783,7.2377443,1.6966288,0.3018626,0.14005324,0.14665045,-0.1262488,-0.1045297,0.21687186,-0.0050837304,0.076904885,-0.06717582,0.034604315,0.012606313,-0.020863384,0.022288756,-0.07462028,-0.017555479,0.019929426,0.0072586113,-0.012513402,0.0010973612,0.008115463,0.00830164,0.0068054292,-0.004019817,0.014828726,-0.0012177746,-8.041196e-05,fearful,03-01-06-02-01-02-20.wav
-427.59357,32.06393,-11.780366,11.589546,-13.965401,-9.615099,-6.647114,-15.024161,-6.4743214,-7.271001,-5.890027,-2.2694187,-5.98047,-0.39176047,-0.100558534,0.12210953,-0.0040099076,0.06257707,-0.02208584,0.12795115,0.15963122,0.037271276,0.013804814,-0.002057944,0.020023357,-0.003464992,-0.117475815,-0.011235717,0.026395518,0.02076065,0.018794756,0.0013809524,0.009356661,-0.000590413,0.0066709532,0.0041357633,0.002080299,0.0054474636,0.007592758,angry,03-01-05-02-01-01-20.wav
-646.4779,39.66173,-7.900526,1.3174213,-7.529614,-8.056024,-8.008975,-11.600614,-7.775033,-2.613552,-6.354182,-5.482719,-3.2563298,0.0023962695,0.0025651213,0.0003978478,-0.0023497392,-0.0048198127,-0.0064098965,-0.0069229505,-0.006476859,-0.0053003733,-0.0035903782,-0.0015219842,0.00064432976,0.002500808,-0.0004937292,-0.00085301884,-0.0012059155,-0.0015159538,-0.0016041687,-0.0014718907,-0.0012556871,-0.0010793873,-0.0009397015,-0.0007155712,-0.00028168736,0.00037465445,0.0011257097,disgust,03-01-07-01-01-01-20.wav
-838.71875,42.25891,-2.245949,12.443267,-2.301683,2.7046156,-8.481028,-8.499538,-6.8461833,-3.1491199,-4.0226107,-5.0580087,0.19252838,0.74746484,0.32697693,0.09293712,0.057164136,0.022203295,0.04614402,-0.00038763386,-0.03006205,-0.023061022,-0.042111564,-0.07305321,-0.040566992,-0.0072053317,-0.01776901,0.004373738,0.016638163,8.4502804e-05,0.0051517757,-0.002411566,0.008241626,0.003947306,0.0019375137,-0.0028966262,-0.009510494,-0.005491874,-0.0062642195,sad,03-01-04-01-01-02-20.wav
-524.672,25.805256,-28.759981,-4.4782043,-13.203758,-23.170143,-15.342791,-17.67038,-23.752401,-1.3071353,-8.108771,-2.7471318,-0.40426344,-1.7742778e-07,-2.2178472e-08,1.1089236e-08,0.0,1.3861546e-08,2.2178472e-08,2.2178472e-08,0.0,0.0,2.772309e-09,-5.544618e-09,5.544618e-09,0.0,1.1089236e-08,-1.1089236e-08,0.0,-2.772309e-09,6.2376952e-09,0.0,-1.039616e-09,-1.3861545e-09,-4.158464e-09,1.3861545e-09,4.158464e-09,-1.3861545e-09,4.851541e-09,sad,03-01-04-02-02-02-20.wav
-561.3209,17.590826,-6.509107,-11.442612,-10.626552,-11.461067,-14.088865,-13.513495,-10.363775,-3.1208894,-8.715496,-9.468602,-4.4030876,-1.3174662e-05,-1.8943228e-05,-1.70824e-05,-1.4021339e-05,-1.0057775e-05,-5.4522257e-06,-4.7451113e-07,4.5032034e-06,9.239011e-06,1.3347079e-05,1.6556716e-05,1.8687364e-05,1.957591e-05,0.0002636235,0.0003343024,0.00022964942,8.866147e-05,-4.926251e-05,-0.00014673035,-0.00017954431,-0.00014373151,-5.6336565e-05,5.014001e-05,0.00013791061,0.0001755982,0.00014779044,disgust,03-01-07-02-02-01-20.wav
-418.2967,10.2824,-31.424139,-14.007898,-16.701632,-18.267788,-12.180178,-16.12798,-7.386583,1.4613161,3.9191544,12.931555,5.820007,1.9073487e-07,0.0,-4.7683717e-08,0.0,2.3841858e-08,2.3841858e-08,-5.9604646e-09,-1.1920929e-08,-5.9604646e-09,0.0,0.0,0.0,2.9802323e-09,1.1920929e-08,-1.4901161e-09,-5.9604646e-09,0.0,0.0,-2.9802323e-09,-1.4901161e-09,2.9802323e-09,0.0,-3.7252904e-10,0.0,-2.9802323e-09,2.2351743e-09,happy,03-01-03-02-02-02-20.wav
-630.4018,33.548485,-13.2710285,1.9080349,-8.341204,-11.790522,-5.847009,-15.826535,-5.6594796,-8.911411,-4.507063,-3.0241494,-9.143473,0.0003473282,0.00047464372,0.0004276514,0.00035262108,0.00025384425,0.00013713837,9.250641e-06,-0.00012266636,-0.00025144816,-0.00037043093,-0.0004739642,-0.0005574703,-0.00061798096,0.00020653308,0.00022488684,7.444471e-05,-5.3019823e-05,-9.131655e-05,-6.425641e-05,-4.5886634e-05,-7.726699e-05,-0.00012521204,-0.00012114793,-3.621541e-05,8.342415e-05,0.0001542732,happy,03-01-03-01-01-02-20.wav
-709.3892,32.52046,-5.224923,6.45404,-5.5436563,-8.129784,-7.816564,-12.571192,-3.795335,-4.843219,-3.8683739,-5.6576853,-4.462496,0.0010154574,0.0017081071,0.0024434382,0.0034093047,0.0042830124,0.004716674,0.004404978,0.0031624464,0.0010101094,-0.0017607197,-0.0046109157,-0.006902461,-0.008138105,-0.004192205,-0.0055863126,-0.0046630185,-0.0034196516,-0.0021616688,-0.0011302412,-0.0004536864,-0.00016208879,-0.00022367247,-0.000560173,-0.0010375034,-0.0014668403,-0.0016512785,neutral,03-01-01-01-02-02-20.wav
-504.05548,45.97423,-5.801963,9.864194,3.4200635,-8.056423,-6.081056,-5.346771,-15.860885,-0.73514557,-6.277342,-10.463298,-1.3690859,-0.0009715086,-0.0013795112,-0.001395013,-0.001420835,-0.0014566252,-0.0015021889,-0.0015572276,-0.0016212707,-0.0016939078,-0.001774545,-0.0018626171,-0.0019574498,-0.0020583633,-0.0037263974,-0.0053415615,-0.0054497686,-0.0054250825,-0.005277157,-0.005177144,-0.0052086017,-0.00524465,-0.005128297,-0.0048975106,-0.00473215,-0.004699124,-0.004660914,surprised,03-01-08-02-01-01-21.wav
-551.85944,51.24745,-6.3508,8.381048,4.0617323,-6.6534657,-3.5446784,-8.174209,-11.961161,-1.3162558,-7.39478,-10.068603,-3.5299463,0.0043943278,0.006197408,0.006144644,0.006057612,0.0059372713,0.0057847085,0.0056019593,0.005390784,0.005153618,0.0048932014,0.004612325,0.0043140664,0.0040017623,-8.644104e-05,-0.00012537003,-0.00013506254,-0.00015108044,-0.00017329375,-0.00020148754,-0.00023535888,-0.00027454534,-0.00031868616,-0.0003672441,-0.00041973154,-0.00047555685,-0.0005340771,surprised,03-01-08-01-02-01-21.wav
-571.9694,61.950554,-6.7789083,14.81245,6.8485622,-7.4396553,-0.45531964,-7.31585,-11.22181,0.29453567,-1.4612738,-8.426432,-2.2445986,0.005297702,0.0074882274,0.007477023,0.007458716,0.00743419,0.0074043744,0.0073704384,0.007333843,0.007296088,0.007258942,0.007224042,0.0071930094,0.007167553,0.00042485897,0.0005994984,0.00059440825,0.00058606215,0.0005747102,0.00056065957,0.0005442789,0.0005260172,0.00050639885,0.0004859203,0.00046517805,0.00044472452,0.00042514605,fearful,03-01-06-01-01-02-21.wav
-440.33414,47.68768,-16.02345,13.288106,6.34553,-12.808204,-2.7384627,-7.263591,-18.636337,-0.045704335,-2.091918,-9.347504,-2.480985,1.7048926e-07,0.0,5.3277893e-09,0.0,-1.0655579e-08,-2.1311157e-08,-5.3277893e-09,5.3277893e-09,1.0655579e-08,-1.0655579e-08,0.0,2.6638947e-09,7.991685e-09,0.00037202888,0.00043754204,0.00025339233,0.00012053924,8.1885126e-05,4.9154187e-05,-5.350832e-05,-0.00016670987,-0.00015704992,1.3512606e-05,0.00022763513,0.0003411773,0.0003394323,angry,03-01-05-01-01-01-21.wav
-383.11816,39.33478,-15.987203,7.0750856,3.7170417,-12.536364,-4.0482183,-8.447646,-17.484186,-1.1906753,-3.7148955,-10.190803,-3.851799,3.0172745e-07,0.0,-5.3879905e-09,0.0,0.0,-1.6163971e-08,-5.3879905e-09,-1.0775981e-08,-1.0775981e-08,5.3879905e-09,0.0,1.0775981e-08,-5.3879905e-09,2.1551962e-08,0.0,2.6939952e-09,-1.3469976e-09,0.0,0.0,-2.0204964e-09,6.734988e-10,0.0,5.3879905e-09,-1.3469976e-09,-1.0102482e-09,6.734988e-10,angry,03-01-05-02-02-01-21.wav
-506.53146,52.41104,-7.8686867,10.411064,8.044756,-6.6281567,-4.126234,-4.9911246,-12.936399,-2.1054387,-6.0680537,-9.201195,-3.079643,0.06296612,0.039505344,-0.025707463,-0.0059351344,0.044573206,0.022400972,-0.045380123,-0.051091764,0.0096463,0.035060667,-0.0015110088,-0.014814668,0.028715037,0.0040334286,0.0036544253,0.0012287705,0.0018503552,0.0018727168,-0.0016530791,-0.004643367,-0.0027651726,0.00055415614,-0.00044604548,-0.0029205957,-7.757639e-05,0.0055013783,fearful,03-01-06-02-02-02-21.wav
-635.8742,65.12513,2.3571582,18.707115,9.498401,-1.4522696,5.0689974,-7.2732744,-8.002488,-1.2840749,-0.7835442,-5.032209,-0.47309205,0.020529108,0.028847747,0.02829906,0.027402164,0.026182981,0.024675976,0.022922637,0.02097019,0.01886897,0.016670961,0.014427353,0.012187049,0.009994769,0.0012113445,0.0016707758,0.0015472266,0.0013511836,0.0010964576,0.0008007065,0.00048381157,0.000166276,-0.0001324985,-0.00039561896,-0.00060987734,-0.0007664722,-0.00086132943,sad,03-01-04-01-02-02-21.wav
-554.5807,59.073185,-4.272215,13.701021,10.895257,-9.489527,-2.7280731,-6.003274,-10.385372,1.1956788,-2.9359102,-7.8539042,-4.4610147,-0.009155079,-0.012915107,-0.012819473,-0.0126612475,-0.012442813,-0.012166892,-0.01183709,-0.011457698,-0.011033684,-0.010570049,-0.010072891,-0.009548163,-0.0090022115,-0.002133175,-0.0030148258,-0.0030084925,-0.0029976156,-0.0029818446,-0.0029607152,-0.0029336875,-0.002900321,-0.002860203,-0.0028131485,-0.0027591214,-0.0026983896,-0.0026314722,disgust,03-01-07-01-02-01-21.wav
-589.25305,66.43617,-5.2495055,13.509134,15.578002,-6.5720644,4.0082717,-5.8214803,-6.988162,5.39318,3.5744402,-2.3056684,-0.89609855,0.09327559,0.07867163,0.010966322,0.00582805,0.018295527,0.031193268,0.030315949,0.0067651584,0.0168669,0.052723493,0.053350557,0.03070854,-0.0025845468,0.010229382,0.0055915224,-0.0045354394,-0.0038621426,-0.0021579294,-0.00039570982,0.00074503705,-0.0017342736,0.00073950534,0.0064378623,0.005683288,0.0028002553,-0.00058040296,disgust,03-01-07-02-01-01-21.wav
-521.14197,61.02581,-13.605838,11.49664,11.710631,-9.045494,-15.827315,-5.482374,-22.642305,-5.285039,1.9326355,-14.487976,-3.9467459,5.8879023e-06,4.809836e-06,-1.9488127e-06,-7.836715e-06,-8.6659975e-06,-4.063482e-06,2.508578e-06,6.1133633e-06,3.9442725e-06,-2.8247418e-06,-9.697416e-06,-1.2221543e-05,-9.033991e-06,0.0001713504,0.00024417043,0.00024774802,0.000250679,0.00025075092,0.00024769618,0.00024343832,0.0002406978,0.00024104895,0.00024381214,0.00024653776,0.0002467451,0.00024368646,sad,03-01-04-02-01-02-21.wav
-488.80295,51.402813,-16.119652,10.139319,6.9788623,-11.043947,-3.5821137,-4.321379,-16.318949,-0.602713,-4.2391844,-9.04933,-1.3807316,0.0014784869,0.002089422,0.0020884345,0.002086774,0.0020844291,0.002081456,0.0020777646,0.0020734337,0.0020684635,0.002062806,0.0020565481,0.0020496256,0.0020420412,0.0003212985,0.00045223796,0.00044635465,0.00043778418,0.00042804796,0.00041891687,0.0004119845,0.00040840052,0.0004086775,0.00041253425,0.00041901122,0.00042660517,0.00043359294,happy,03-01-03-02-01-02-21.wav
-578.7637,65.38314,-6.976967,12.738157,7.1540947,-3.815537,-5.1342335,-9.4458275,-9.314979,-0.16907042,-2.8909104,-5.2850842,-1.0272039,0.016343817,0.023074277,0.022956043,0.022761839,0.022495959,0.022164127,0.021773193,0.021330701,0.020844586,0.020323409,0.01977461,0.01920553,0.01862268,-0.0039510955,-0.0055747465,-0.0055359653,-0.005472149,-0.005384538,-0.005274712,-0.005144633,-0.004996423,-0.0048323907,-0.0046548788,-0.004466102,-0.004268172,-0.004062976,happy,03-01-03-01-02-02-21.wav
-598.21796,69.949936,9.1313,16.657467,8.884528,-3.0784855,4.142081,-4.962176,-7.7622375,0.78429073,0.82486653,-2.3032386,0.23463693,-0.00993631,-0.014062615,-0.014092978,-0.014140285,-0.014199831,-0.01426506,-0.014328302,-0.0143807875,-0.014413079,-0.014415314,-0.014378165,-0.014292573,-0.014150606,-0.0036786005,-0.0052604345,-0.005414927,-0.005611539,-0.0057766377,-0.0058374293,-0.0057419245,-0.005473083,-0.00505348,-0.0045393226,-0.004005701,-0.0035272678,-0.0031598522,neutral,03-01-01-01-01-02-21.wav
-501.41504,60.54876,-11.125348,9.911538,5.7905874,-9.850237,-6.3869753,-7.4223495,-13.895755,0.70180094,-4.6989193,-7.7273793,-0.68155885,0.0012253096,0.0017314887,0.0017290176,0.001724603,0.0017185451,0.0017107838,0.001701187,0.0016899589,0.0016770753,0.001662477,0.0016462698,0.0016284199,0.0016090022,6.528471e-05,1.0460428e-05,-0.00015060857,-0.00027342074,-0.00037964786,-0.00053921284,-0.0006898574,-0.0006994361,-0.00057058217,-0.00043088084,-0.00032750765,-0.0001858321,4.1235917e-06,happy,03-01-03-02-02-01-21.wav
-577.3719,62.684036,-3.1188447,13.210939,7.984893,-6.3764486,-1.3685356,-6.1890464,-9.481478,0.8019968,-2.602592,-4.780108,-0.06561182,-0.0016872912,-0.0023847374,-0.0023786477,-0.0023684215,-0.0023542312,-0.0023360425,-0.002313918,-0.002287876,-0.002258163,-0.0022246176,-0.0021874532,-0.0021468818,-0.0021028863,0.0010679774,0.0015099135,0.001508911,0.0015072464,0.001504952,0.0015020679,0.0014986015,0.0014946102,0.0014901261,0.0014851696,0.0014797801,0.0014739553,0.0014677094,happy,03-01-03-01-01-01-21.wav
-608.67285,69.2496,3.9284782,13.504944,8.574531,-2.6180894,2.3759594,-6.7859535,-10.046228,-0.8034255,0.45965418,-3.1524973,-3.0551002,0.038824033,0.05468251,0.054019794,0.05293687,0.05146479,0.04964534,0.047528744,0.04517187,0.0426355,0.03998225,0.037273284,0.034566667,0.031914778,1.0789969e-05,2.399469e-06,-3.5343262e-05,-9.6328746e-05,-0.00017774335,-0.000275942,-0.0003865254,-0.00050473824,-0.000625592,-0.0007442205,-0.0008561328,-0.0009573805,-0.0010447747,neutral,03-01-01-01-02-01-21.wav
-514.49457,43.662453,-2.8950763,10.270412,3.2072573,-6.500863,-6.1281505,-7.798244,-15.30718,0.3474503,-6.842502,-9.692476,-2.3597832,0.0016323912,0.0023066204,0.002304099,0.0022999882,0.0022942973,0.0022869485,0.0022779976,0.0022674603,0.0022553338,0.0022416208,0.002226362,0.0022095449,0.00219126,0.0001856112,0.00026237886,0.00026188645,0.00026110886,0.00026001182,0.0002585938,0.0002568781,0.0002548461,0.0002525184,0.00024987903,0.00024694827,0.00024372067,0.00024020593,surprised,03-01-08-02-02-02-21.wav
-564.2094,54.83582,-1.1308358,8.562176,5.801779,-7.2459784,-1.0597874,-5.3754287,-12.215322,-1.9711897,-4.943868,-8.046311,-2.7005155,-0.010583496,-0.014940389,-0.014855906,-0.01471611,-0.014521952,-0.014275564,-0.0139789805,-0.013635031,-0.013246842,-0.012817847,-0.012351965,-0.011853269,-0.011326218,9.8215736e-05,0.00014027914,0.00014422735,0.00015072028,0.00015958468,0.0001705893,0.0001834774,0.00019789378,0.00021348159,0.00022984426,0.00024653436,0.00026310285,0.00027908603,surprised,03-01-08-01-01-02-21.wav
-446.50964,48.57398,-12.885489,13.018611,6.3873672,-12.242324,-2.1052678,-7.416417,-19.165827,-0.22982095,-2.6778977,-11.928756,-2.6589541,0.0035224466,0.004979975,0.00497441,0.004965322,0.0049526775,0.004936353,0.0049164826,0.004893051,0.00486614,0.0048356615,0.0048017725,0.0047644335,0.0047237566,0.0003763984,0.0005322288,0.00053162855,0.0005306244,0.0005292237,0.0005274268,0.0005252277,0.0005226402,0.00051966833,0.0005163024,0.00051255943,0.00050844025,0.00050394464,angry,03-01-05-01-02-02-21.wav
-577.0214,55.557106,-3.7890444,12.710327,8.789556,-2.7331014,0.22715786,-6.689024,-9.261845,1.6444738,-3.5958774,-6.9919996,-0.808142,-0.0048038573,-0.006783153,-0.0067492793,-0.006693685,-0.006617513,-0.0065226112,-0.0064109205,-0.0062848744,-0.006147013,-0.005999981,-0.0058465116,-0.0056891553,-0.005530396,-0.0015839754,-0.0022339986,-0.002216511,-0.002187889,-0.0021488778,-0.0021004789,-0.0020439369,-0.0019806332,-0.0019121032,-0.0018399482,-0.0017657585,-0.0016910884,-0.0016173783,fearful,03-01-06-01-02-01-21.wav
-495.30328,49.64343,-15.682055,11.686404,6.791702,-8.740609,-5.812202,-5.764818,-14.11229,0.9766846,-1.9393111,-8.486114,-1.0685139,0.04546374,0.04624309,0.01403665,0.0013443924,0.006298819,0.00030868553,-0.023376072,-0.037175827,-0.020320904,0.010477981,0.025415776,0.021580508,0.020493263,-0.0027810696,-0.0031119876,-0.0014706573,-0.0002458785,0.00059441215,0.0018033399,0.0031255702,0.003359132,0.0021533135,0.0006036322,-0.00030480983,-0.0008857257,-0.0017853323,fearful,03-01-06-02-01-01-21.wav
-376.34265,44.32733,-25.803236,8.432767,5.484146,-10.959433,-8.376334,-6.7583528,-16.790115,0.6953822,-1.6984354,-10.53504,-1.8131856,3.1624432e-07,0.0,-4.9413176e-09,0.0,-1.4823953e-08,-4.9413176e-09,4.9413176e-09,-9.882635e-09,-4.9413176e-09,1.2353294e-09,2.1618265e-09,-9.882635e-09,2.4706588e-09,0.0007528048,0.00051146344,-0.00028875578,-0.0001243532,0.00066264864,0.0007628894,-1.0059133e-05,-0.00046719448,5.165831e-05,0.0006981958,0.0005230156,-7.788443e-05,-0.00010421641,angry,03-01-05-02-01-02-21.wav
-552.8276,59.57169,-7.2718296,14.851331,10.838696,-9.923199,2.5155993,-5.0835376,-9.750592,0.19865452,1.8174688,-5.2028394,-3.475152,0.009586507,0.048750833,0.093698286,0.06579952,-0.01353356,-0.054745242,-0.018535817,0.034432612,0.024801828,-0.031547297,-0.055582367,-0.027892413,0.0020538622,0.031942964,0.037874993,0.023438806,0.0153077245,0.016549282,0.017653478,0.011798715,0.0039193495,0.0015816485,0.004663953,0.007017007,0.00456124,-2.9956753e-05,disgust,03-01-07-01-01-02-21.wav
-649.42505,67.04791,6.037404,18.783705,9.487034,-3.45213,5.10144,-7.867048,-8.149533,-2.9227667,-0.8455111,-6.2540565,-1.3542324,0.024207002,0.03414515,0.03388756,0.033488695,0.03298894,0.03243444,0.03186915,0.031326536,0.03082338,0.030355526,0.029897915,0.029406752,0.028826201,0.0033868307,0.0047667106,0.00469872,0.0045869094,0.0044337492,0.0042429776,0.004019662,0.0037703617,0.0035029266,0.0032262206,0.0029495698,0.0026821147,0.0024320239,sad,03-01-04-01-01-01-21.wav
-535.18945,60.860165,-9.373184,14.285993,13.275306,-11.163129,-6.257502,-8.417634,-19.686415,-1.570524,-2.807295,-10.414595,-3.3830369,0.012479202,0.01763576,0.01759869,0.017536951,0.017450893,0.017340826,0.017207166,0.017050473,0.016871328,0.016670497,0.016448684,0.016206814,0.015945705,-6.099369e-05,-8.572185e-05,-8.371602e-05,-8.037557e-05,-7.5726406e-05,-6.976853e-05,-6.2546e-05,-5.4082793e-05,-4.441842e-05,-3.3597582e-05,-2.1666612e-05,-8.686081e-06,5.280842e-06,sad,03-01-04-02-02-01-21.wav
-587.0356,69.31353,2.3345535,19.348824,15.690975,-2.1961126,3.6675806,-2.5513685,-8.099505,5.6404734,5.107398,-0.23007242,1.3320316,0.050410427,0.053025577,0.022958823,0.013878512,0.02335759,0.026465926,0.008305705,-0.014430495,-0.018809363,-0.00804452,0.00270533,0.0073285103,0.010927156,-0.004224378,-0.0028101732,0.0023154728,0.0031702837,-0.00038751596,-0.0032854122,-0.0015013606,0.0015939807,-9.1311544e-05,-0.0053861435,-0.007676083,-0.0041331095,0.0011712795,disgust,03-01-07-02-02-02-21.wav
-593.522,65.67917,3.8455207,12.965607,9.039052,-6.0359592,3.4791896,-4.248184,-8.886654,-0.344613,-0.5867236,-4.061403,-0.7596514,0.014391428,0.020268314,0.020017704,0.019602051,0.0190247,0.018290646,0.017407825,0.016386429,0.015240221,0.013985817,0.012643136,0.011234376,0.009783545,-0.001372705,-0.0019352637,-0.0019166933,-0.001886003,-0.0018436611,-0.0017904295,-0.0017273627,-0.0016559463,-0.0015780797,-0.0014960134,-0.001412295,-0.0013296403,-0.001250677,neutral,03-01-01-01-01-01-21.wav
-549.6603,65.37474,-10.739664,17.20938,9.080263,-7.2956667,-3.4442735,-9.699303,-11.155634,0.72051764,-4.318597,-6.163099,0.32032868,0.0060632704,0.008567619,0.008547187,0.0085131405,0.008465636,0.008404946,0.008331311,0.008245023,0.008146453,0.008036027,0.0079141855,0.0077814786,0.0076384307,0.00071182253,0.000895521,0.0007510483,0.0008091152,0.00094124227,0.0008835852,0.00070356653,0.0006849833,0.0008330733,0.00086748897,0.000714308,0.0006335095,0.0007598512,happy,03-01-03-01-02-01-21.wav
-479.3951,55.127827,-16.727932,12.098015,4.379315,-12.062542,-4.058893,-5.55199,-15.203384,-1.1661328,-4.12597,-9.760888,-0.33626783,-0.000627099,-0.0010836066,-0.0015789823,-0.0021291594,-0.0024542576,-0.0023847208,-0.0019561104,-0.0013877677,-0.0009627924,-0.0008864519,-0.0011938607,-0.0017340358,-0.0022355812,2.5156067e-05,-0.00010126393,-0.0004014649,-0.00068342686,-0.00089712004,-0.0010662922,-0.001131062,-0.0010113542,-0.000783458,-0.0006271935,-0.0005937015,-0.00056925777,-0.0004839668,happy,03-01-03-02-01-01-21.wav
-518.10114,52.384365,1.1534773,7.0033436,4.326103,-7.9503927,-2.4549346,-6.8883057,-11.183618,-1.2528424,-7.3524647,-8.739859,-5.2292066,0.000856672,0.001210448,0.0012106834,0.0012112407,0.0012119095,0.0012128756,0.0012139345,0.0012152598,0.0012167151,0.0012184203,0.0012202573,0.0012223008,0.0012245302,-0.00040794967,-0.00057672523,-0.0005758784,-0.00057446025,-0.0005724792,-0.0005699412,-0.0005668448,-0.00056318805,-0.000558982,-0.0005542365,-0.00054894947,-0.0005431392,-0.000536801,surprised,03-01-08-01-02-02-21.wav
-508.35916,52.126095,-9.455152,10.642724,1.9711012,-11.005114,-7.1781707,-5.2995014,-15.975144,-3.2241285,-6.1719866,-10.677532,-1.4466201,-9.913353e-06,-1.496722e-05,-1.4930773e-05,-1.4833584e-05,-1.4818777e-05,-1.4821435e-05,-1.4803212e-05,-1.4742469e-05,-1.4651353e-05,-1.4620981e-05,-1.4614907e-05,-1.4517717e-05,-1.44372325e-05,5.269658e-05,7.42279e-05,7.327499e-05,7.180499e-05,7.0046466e-05,6.814519e-05,6.6322886e-05,6.467825e-05,6.327052e-05,6.203705e-05,6.0862036e-05,5.958566e-05,5.8000445e-05,surprised,03-01-08-02-01-02-21.wav
-513.2594,63.328922,-16.948011,12.486663,11.197241,-9.554277,-16.116526,-2.5471234,-22.797113,-7.5084763,0.38756832,-13.846368,-5.4889,0.004859077,0.0068670483,0.0068560387,0.006837887,0.0068126465,0.0067804973,0.0067417147,0.0066964785,0.006645054,0.0065879608,0.0065253363,0.006457647,0.006385353,0.0012902154,0.0018229644,0.0018185934,0.0018113388,0.0018012511,0.0017883937,0.0017728421,0.0017547173,0.0017341216,0.0017111878,0.0016860651,0.0016589032,0.0016298599,sad,03-01-04-02-01-01-21.wav
-581.17993,62.52918,-5.628832,14.731945,11.588447,-8.0205765,6.3955007,-3.938703,-9.463903,2.7270598,1.7183409,-2.5007164,-0.3143382,-0.01085619,-0.015263919,-0.01499574,-0.014558485,-0.013966199,-0.013236473,-0.0123902,-0.01144937,-0.010435839,-0.009369774,-0.008269277,-0.007148754,-0.0060192375,-0.0011746746,-0.0016596783,-0.0016548829,-0.0016463461,-0.0016333755,-0.0016152838,-0.0015915893,-0.0015622237,-0.0015277081,-0.0014892857,-0.0014488505,-0.0014089209,-0.0013723908,disgust,03-01-07-02-01-02-21.wav
-550.6447,50.77066,-6.838806,14.231824,9.436372,-11.294809,-1.2075346,-4.9483314,-11.646096,0.83313066,-1.8743325,-5.812878,-3.6391735,0.029820174,0.042071562,0.04177514,0.041286297,0.040613078,0.039765894,0.03875802,0.037604887,0.036323816,0.034933347,0.03345317,0.031903464,0.030304236,0.003160758,0.0044555482,0.0044126883,0.0043420717,0.0042449473,0.0041229585,0.003978213,0.003813097,0.0036303164,0.003432766,0.0032235123,0.0030056483,0.0027822773,disgust,03-01-07-01-02-02-21.wav
-615.93463,63.874844,4.867468,18.321978,7.1550527,-1.2293271,4.129072,-9.456396,-7.1259403,0.6466035,0.30975178,-3.735776,-1.2129996,-0.012716293,-0.01749923,-0.016134176,-0.014137495,-0.011857727,-0.009664124,-0.007863787,-0.0066391286,-0.0060172514,-0.0058806594,-0.0060105324,-0.006153979,-0.006092183,0.0015175234,0.002060649,0.0018157877,0.0014451824,0.0009967048,0.0005227517,7.032806e-05,-0.00032709606,-0.00065361743,-0.000910488,-0.001112029,-0.001278777,-0.0014306138,sad,03-01-04-01-02-01-21.wav
-480.99225,54.714138,-11.80223,11.226247,6.9123125,-6.918842,-5.115955,-7.631736,-15.160626,-2.4531224,-4.2740207,-9.56722,-3.2368507,-0.002936053,-0.0041480972,-0.0041366294,-0.0041175094,-0.004090865,-0.004056872,-0.0040156944,-0.0039675427,-0.003912686,-0.003851408,-0.0037840158,-0.0037108813,-0.0036323655,0.00036638646,0.00051770476,0.000516716,0.00051507866,0.00051279704,0.00050988153,0.0005063367,0.0005022031,0.00049746985,0.0004921657,0.0004863154,0.00047994684,0.00047308244,fearful,03-01-06-02-02-01-21.wav
-376.01346,37.209133,-20.613798,7.9732285,3.630531,-14.364474,-6.5494914,-7.6373453,-17.275866,-1.9308635,-3.2985382,-9.284761,-2.5236976,-0.0006763062,-0.0002562309,0.0008155583,0.0006890844,-0.00043719975,-0.0009086275,-5.5446e-05,0.0008535906,0.00050573924,-0.00055334996,-0.0007765306,0.00011574896,0.00079563796,-0.00023370753,-7.709649e-05,0.00030827912,0.00025528803,-0.00016090323,-0.00033669916,-3.0637926e-05,0.00029400463,0.00016363853,-0.00021781166,-0.00028958867,4.163075e-05,0.0002900069,angry,03-01-05-02-02-02-21.wav
-448.5653,49.195568,-14.881626,12.763189,7.8369665,-12.23169,-0.8727009,-5.4896016,-17.852242,-0.11868126,-1.9029673,-9.247884,-2.9045432,0.00029494445,0.00041661787,0.00041637532,0.00041577994,0.00041507435,0.00041414823,0.0004130788,0.00041177231,0.00041028945,0.0004085778,0.00040669524,0.00040462252,0.00040237338,-8.239085e-05,-0.00011634275,-0.000116244904,-0.000116078154,-0.000115859715,-0.000115573064,-0.00011521268,-0.00011479924,-0.00011432033,-0.00011378354,-0.00011318267,-0.00011251772,-0.00011179403,angry,03-01-05-01-01-02-21.wav
-558.34766,63.161316,-5.2637353,17.017042,7.489698,-5.7614126,0.3692358,-7.2835646,-11.891166,1.0285751,-1.1872182,-9.13071,-1.2275687,0.02426109,0.03464345,0.035446405,0.036206298,0.036331818,0.035417255,0.0334238,0.030699125,0.027833771,0.025422774,0.023840524,0.023119519,0.022975525,0.017425094,-0.005792366,-0.00023509271,0.014425293,-0.008332191,0.007570112,0.0092205275,-0.0056894124,0.0012003772,0.0008808697,-0.002380188,0.004224776,0.0022710655,fearful,03-01-06-01-01-01-21.wav
-544.1543,59.049656,-2.626377,7.9801435,6.0256734,-9.655318,-3.9884446,-7.3995223,-13.4450865,-1.0647519,-5.9106574,-9.045059,-2.1124208,0.0014476649,0.004629931,0.008648127,0.008526758,0.0051251627,0.004162921,0.007443687,0.010268046,0.00859858,0.004849352,0.00392526,0.006083242,0.0072042327,0.0005174757,-0.00039182435,-0.0021573282,-0.0022774532,-0.0012821393,-0.001408558,-0.0028632414,-0.0035604958,-0.0025595278,-0.0014634882,-0.0016711138,-0.002205953,-0.0015879174,surprised,03-01-08-01-01-01-21.wav
-532.8291,46.737095,-5.719127,8.55888,5.3100977,-7.043122,-4.685838,-8.65051,-15.7959175,2.4505413,-4.8613276,-10.030363,-2.271254,0.025222981,0.005038656,0.0041484833,0.025212351,-0.0053911465,0.005858841,0.025181707,-0.0021966933,0.014914627,0.025903612,-0.0019240824,0.011729443,0.0110527435,0.003596929,-0.0014949227,-0.0016753833,0.002753229,-0.0038295249,-0.0012513225,0.00277644,-0.0031064637,0.0008116913,0.002994994,-0.002977391,0.00020394802,-0.00017822583,surprised,03-01-08-02-02-01-21.wav
-575.07367,56.146996,-3.7745779,16.216343,10.427885,-7.141582,1.6329724,-3.5680826,-8.662047,4.0399084,0.78142345,-3.5523071,-0.40952545,-0.014808655,-0.020823373,-0.020468416,-0.019894134,-0.01912524,-0.01819367,-0.017136436,-0.015992684,-0.014801301,-0.013598294,-0.012414371,-0.011273506,-0.010191917,-0.00072487723,-0.0010098655,-0.00096571975,-0.00089634524,-0.00080769096,-0.0007073058,-0.00060370297,-0.00050562224,-0.00042124325,-0.0003575228,-0.00031950738,-0.00031002727,-0.000329388,disgust,03-01-07-02-02-01-21.wav
-555.2242,65.10565,-10.513551,14.897363,14.240643,-7.8149757,-8.187595,-4.46973,-18.746696,-1.6077945,-0.65655714,-10.261851,-2.4632995,0.02018934,0.028389873,0.027914772,0.027151832,0.026143016,0.02494259,0.02361377,0.022224301,0.020842189,0.019530836,0.018345667,0.01733049,0.016515106,-0.0061982013,-0.008753993,-0.008718571,-0.008657349,-0.008567396,-0.008445145,-0.008286843,-0.008089121,-0.0078494325,-0.0075666285,-0.0072410777,-0.0068750535,-0.006472654,sad,03-01-04-02-02-02-21.wav
-653.72003,71.21062,6.8802004,20.510036,8.238561,-2.4147332,6.00768,-7.119927,-4.8841386,-2.5973191,-1.9711218,-4.2208853,-1.0299677,-0.007703618,-0.010855056,-0.010733143,-0.0105233025,-0.010217595,-0.009808766,-0.00929243,-0.008668765,-0.007942847,-0.0071245893,-0.0062283464,-0.005272549,-0.0042792144,-0.00635703,-0.008813611,-0.008302384,-0.0075094015,-0.006515047,-0.0054169,-0.0043175835,-0.0033129225,-0.0024813013,-0.001875948,-0.0015204896,-0.0014082041,-0.0015047716,sad,03-01-04-01-01-02-21.wav
-550.9513,59.54219,-3.6005778,14.816942,8.165843,-9.044746,1.6738813,-5.4973845,-11.809077,0.6785766,-0.14302547,-7.1595044,-5.1308665,-0.000928181,-0.0013130932,-0.0013126164,-0.0013117208,-0.0013105345,-0.0013089529,-0.001307092,-0.0013048882,-0.0013023353,-0.0012995208,-0.0012963109,-0.0012928887,-0.0012891555,0.00024290783,0.00032784298,0.00030411454,0.0003079641,0.0003320153,0.00033752367,0.00031353225,0.00029359505,0.00030443,0.00032517567,0.00031940526,0.0002907718,0.00027728188,disgust,03-01-07-01-01-01-21.wav
-351.94043,43.042053,-19.995459,8.64041,5.344911,-14.755811,-6.1728115,-3.3973563,-15.82244,0.27129307,-1.4513109,-8.931525,-2.562918,-0.00019699178,-9.704267e-05,0.00021103954,0.00024416082,-4.089194e-05,-0.00027261965,-0.00014908533,0.00016874485,0.0002666756,1.7075312e-05,-0.00025476728,-0.00019461011,0.000119128556,0.00032646945,0.00017615726,-0.00029933767,-0.0003368312,9.196429e-05,0.0003854888,0.00013189972,-0.00033683184,-0.00039866363,2.2742483e-05,0.0003673043,0.0001971381,-0.00022817163,angry,03-01-05-02-01-01-21.wav
-495.68256,51.665394,-14.522228,11.340886,5.2196712,-7.9795346,-7.245261,-4.8519187,-15.039142,-1.7893534,-1.4425211,-9.470503,-2.2448647,0.009006914,0.00965863,0.003689921,-0.0003385429,-0.0026223229,-0.0058868076,-0.008903604,-0.007843638,-0.0032704107,-0.00016050454,-8.450933e-05,0.0012364904,0.0062161963,-0.0051628654,-0.004628584,-0.00060273363,-0.0006823382,-0.003092093,-0.0022744988,0.0015808836,0.0028415185,-0.0003053869,-0.0031667042,-0.0023844386,-0.0008897472,-0.0023021367,fearful,03-01-06-02-01-02-21.wav
-594.71704,57.996655,1.7456127,12.041741,6.3985276,-2.1931,2.5045922,-7.398386,-8.703272,-0.5404534,-3.5356414,-6.849956,-2.5810564,-0.008048925,-0.011360038,-0.011291889,-0.011179084,-0.01102286,-0.010824859,-0.010587251,-0.010312459,-0.0100033935,-0.009663099,-0.009295052,-0.008902815,-0.008490139,0.0015617934,0.0022032396,0.0021871314,0.0021615585,0.0021280944,0.0020883938,0.0020438277,0.0019951665,0.0019425462,0.0018855266,0.0018233467,0.0017553325,0.0016812134,fearful,03-01-06-01-02-02-21.wav
-412.92355,43.38225,-10.774095,10.61818,3.895143,-11.955715,-2.4560626,-6.1900983,-17.141655,-3.027291,-3.0886278,-10.723189,-3.1470056,-1.0837208e-06,-1.9073486e-06,-1.8802556e-06,-1.8856742e-06,-1.8856742e-06,-1.8802556e-06,-1.8721277e-06,-1.8680638e-06,-1.8694184e-06,-1.8910928e-06,-1.8856742e-06,-1.8639998e-06,-1.8694184e-06,0.00018554385,0.00020910394,0.000113831324,8.50626e-05,0.0001322627,0.00015877864,9.843504e-05,1.0522591e-05,3.8668513e-06,9.168549e-05,0.00017279928,0.00016468154,0.00010960617,angry,03-01-05-01-02-01-21.wav
-611.5813,67.66456,3.4359093,12.832648,10.667484,-0.6819884,0.52649236,-7.356469,-8.933831,0.528709,-0.40370768,-2.5529943,-0.76248306,-0.00044144926,-0.00062858535,-0.0006392047,-0.00065658375,-0.0006806955,-0.00071106915,-0.0007475607,-0.0007897743,-0.0008370981,-0.00088908686,-0.0009451452,-0.0010045969,-0.0010668316,0.00061984634,0.00087265397,0.0008611117,0.0008423118,0.0008169308,0.00078583666,0.0007501383,0.00071102416,0.00066984526,0.00062796246,0.0005867526,0.00054752524,0.0005114813,neutral,03-01-01-01-02-02-21.wav
-571.6765,65.34757,-6.9428353,14.912702,12.832798,-6.8796573,-0.42680508,-4.3394504,-10.359017,2.2451158,-1.1697428,-5.237194,0.73737895,0.0016795833,0.0022954242,0.002060399,0.0016836771,0.0011863243,0.00059511606,-6.03199e-05,-0.00074967527,-0.0014449329,-0.002122033,-0.0027633063,-0.003357457,-0.0039001296,-0.001861421,-0.002615321,-0.0025640915,-0.002482519,-0.002375876,-0.0022507207,-0.0021140764,-0.001972751,-0.0018325405,-0.0016976754,-0.0015704079,-0.001450894,-0.0013372862,happy,03-01-03-01-01-02-21.wav
-456.24246,52.5364,-15.026608,10.1174965,2.2603629,-11.237266,-6.025093,-6.554768,-16.307138,-1.8982936,-4.60102,-9.430439,-0.8956699,1.3025796e-06,0.0,-5.815087e-09,2.3260348e-08,-5.815087e-09,0.0,-5.815087e-09,-1.1630174e-08,0.0,-2.3260348e-08,-1.1630174e-08,-1.1630174e-08,0.0,6.454747e-06,9.129687e-06,9.109334e-06,9.077351e-06,9.037372e-06,8.987217e-06,8.91671e-06,8.8376155e-06,8.745891e-06,8.64122e-06,8.523464e-06,8.396986e-06,8.258878e-06,happy,03-01-03-02-02-02-21.wav
-715.2329,78.78551,12.331404,21.444433,8.497773,9.027192,0.88343334,-6.413185,-8.974745,1.2024,2.174991,-1.5778726,5.333694,0.5926365,0.24728268,-0.10840833,-0.050911155,-0.14038885,0.017771367,-0.1309139,-0.18930075,-0.10697488,-0.070717156,-0.062095914,-0.033446856,-0.028439028,-0.1250388,0.047729008,0.020015782,0.032783013,0.023673682,-0.020566124,0.023338985,0.05490893,0.022464465,0.010237834,-0.0033258882,0.00080220617,-0.0024379585,neutral,03-01-01-01-01-02-19.wav
-654.0794,69.5262,3.1824968,18.595871,0.6725032,14.328771,0.106471345,-3.164279,-6.186623,1.9518176,4.695042,-4.9037576,3.983675,-0.035177164,-0.06306466,-0.09613407,-0.09870716,-0.07587708,-0.06422922,-0.02781852,0.0050378814,0.0034759894,0.007974772,0.01674236,0.005345471,-0.007241136,4.421581e-06,0.01910487,0.031477176,0.024130628,0.02159123,0.013740501,0.0078000124,0.0035689145,0.002925724,0.0029252118,-0.0010464988,-0.0013215513,-0.004950648,happy,03-01-03-01-02-02-19.wav
-512.04504,45.327847,-14.858356,2.553741,-2.582554,3.4458983,-11.730612,-15.51819,-8.652678,-3.3532305,2.3326955,-8.222858,-3.5416863,-0.445787,-0.2766045,-0.010952647,0.008209915,0.035998974,-0.0011485495,0.04096016,0.0737153,0.0763101,0.02913289,0.031446982,0.048789263,0.031468026,0.023020802,-0.011528614,0.023788795,0.003155992,-0.0025280453,-0.012416088,-0.0033324463,0.0053281756,0.0019079404,-0.015825469,-0.010729502,0.0064579044,0.0025518225,happy,03-01-03-02-01-02-19.wav
-649.3551,67.22551,1.5718971,17.73429,8.385167,7.0160203,-5.867929,-4.749009,-3.760592,-5.6193705,1.367545,-1.777003,-2.3987994,-0.77118176,-0.50688523,-0.060398497,-0.03450332,0.055735707,0.03907304,0.02903967,0.030817498,0.05947169,0.044100665,0.041024387,0.01393314,0.0040257336,0.13203649,0.08911763,0.03516353,0.02253963,-0.02038389,-0.009980401,0.020271894,0.02813832,0.005822306,-0.0050623766,-0.005283094,0.0119600715,0.0026025786,sad,03-01-04-02-01-02-19.wav
-536.0109,38.65566,4.1223927,10.077127,-2.8295398,-0.46897516,-5.9358606,-11.744134,-8.169708,-10.245455,0.2408481,-5.719638,-5.72247,-0.0047364165,-0.0066912924,-0.0066693258,-0.0066326987,-0.006581638,-0.0065163136,-0.0064369976,-0.006344016,-0.0062376405,-0.006118364,-0.0059865704,-0.0058427295,-0.0056873932,0.0030753785,0.004346304,0.0043378314,0.0043241275,0.004305791,0.0042834696,0.004257819,0.0042293416,0.004198337,0.00416488,0.004128775,0.0040896493,0.0040470543,disgust,03-01-07-02-01-01-19.wav
-600.77997,61.937077,10.454112,15.238348,-0.9374367,7.5869946,-7.0726557,-9.415427,-3.6534305,0.92338204,0.3387275,-5.3292747,4.2779493,0.012377591,-0.23319775,-0.014320527,-0.07184245,-0.054133467,-0.031562626,0.0110235,0.0012168037,0.012705231,0.03494628,0.01044853,-0.028619967,0.016406711,-0.21613778,-0.065751225,-0.015469518,-0.027399916,-0.042166594,0.008014823,-0.01752419,0.006838163,0.006061246,0.01803973,0.017293524,0.015073379,0.020143433,disgust,03-01-07-01-02-01-19.wav
-732.8713,77.6709,16.079626,22.830603,9.022008,13.979758,4.3485913,-3.443726,-3.215893,2.0780516,6.349282,-0.5328102,6.028026,0.07743058,0.10952708,0.11545397,0.12753932,0.11122225,0.1019717,0.077531226,0.076675214,0.06749356,0.037669465,0.012164146,0.022586595,0.028777374,-0.016690047,-0.0011284787,0.0011223487,0.000106821644,0.0037975372,0.0021188844,0.00017302591,0.0019408697,0.0031819898,0.00043813238,-0.0057588606,-0.00011377365,-0.003451428,sad,03-01-04-01-02-02-19.wav
-421.60892,23.5916,-23.464867,2.6500206,-9.310788,-2.4989946,-14.611822,-17.830305,-4.31773,-1.5379428,-0.09147311,-5.6349998,5.474283,-0.08703157,-0.043374896,-0.007960287,0.015042919,0.13781059,0.10009221,-0.014327302,0.00029509095,0.030355783,-0.03039279,-0.09778202,-0.06175759,0.013006394,0.0030518016,0.028235912,0.021912644,0.0024858562,0.017569862,0.0021077874,-0.020116009,-0.02297171,-0.004401977,0.00051412097,-0.026918741,-0.018907342,0.005588157,fearful,03-01-06-02-02-02-19.wav
-307.82556,28.292263,-33.72175,-2.3927782,-15.855717,-10.578615,-11.1157255,-2.9570417,-11.549768,-4.4357595,2.916804,-11.1946335,0.258481,0.0012208663,0.0019675372,0.0024205989,0.0025870176,0.0023031686,0.0019013002,0.0018050454,0.0020610585,0.0023407221,0.002353454,0.0021458794,0.0019698627,0.0019559625,-0.0017253192,-0.0024945927,-0.0025968757,-0.0026330454,-0.0025658505,-0.002471041,-0.0024452363,-0.0024990665,-0.0025576106,-0.0025545973,-0.0025006507,-0.0024532322,-0.0024421222,angry,03-01-05-02-02-01-19.wav
-527.4075,47.9863,-5.8064785,12.859312,-0.09204457,-1.0074635,-2.6718621,-4.159374,-9.203556,-3.963417,4.694654,-5.433742,-0.08250765,0.02920345,0.04127484,0.04120271,0.041082814,0.040915545,0.040701415,0.04044103,0.04013531,0.03978518,0.039391734,0.038956255,0.03848006,0.037964646,0.013254903,0.017279072,0.013768837,0.010125482,0.0077763745,0.0068427464,0.0065726885,0.0062995562,0.005898277,0.0055318316,0.005264759,0.005021836,0.004768955,angry,03-01-05-01-01-01-19.wav
-641.917,53.971024,3.363122,13.621787,8.870889,4.7283826,-8.052875,-8.17187,-2.1967156,0.10560643,0.55016637,-2.464843,0.70026416,-0.13367549,0.027359968,0.31917542,0.25501388,0.034513816,0.03576673,0.19583909,0.24401884,0.1450603,0.036570366,-0.011228735,-0.0061681885,0.020177424,0.031248692,0.0011294472,-0.04346629,-0.003814421,0.05319609,0.049792454,0.017402371,0.0076331333,0.013568161,0.01442533,0.01185753,0.010653621,0.007796612,fearful,03-01-06-01-01-02-19.wav
-661.369,72.991516,11.900957,24.883938,1.6417642,4.4949865,1.5281148,-8.164683,-1.4110138,3.6911225,0.2829507,-4.851383,2.9835265,0.5226161,0.18685292,-0.009739461,0.07525568,0.020226603,0.038591046,-0.03345316,0.011595559,0.044795733,0.09267798,0.0738417,0.01810074,0.0006106977,0.05614339,-0.007483584,-0.019832302,0.010467961,0.007424148,0.013358363,-0.0045087575,-0.00015605245,0.007333447,0.010099033,0.009940138,0.0106924195,0.0030535238,surprised,03-01-08-01-02-01-19.wav
-571.72986,58.163986,3.4545522,10.492102,0.53769773,1.266897,-4.883177,-12.496987,-5.8489275,-7.070827,-2.60894,-6.1435866,0.5586529,0.013967396,-0.009614244,-0.05333863,-0.064573124,-0.05483666,-0.03500655,-0.025361007,-0.045502592,-0.05511552,-0.03566283,-0.01711899,0.00028262704,0.00828584,-0.056078408,-0.037217267,0.009836247,0.020181458,0.019679584,-0.0051999255,-0.010817139,0.01591874,0.026386581,0.01107997,-0.011978949,-0.02672895,-0.034320164,surprised,03-01-08-02-01-01-19.wav
-461.8207,42.560097,1.0175211,13.702183,-0.3739023,-1.8548245,-2.585919,-4.931312,-8.516481,-3.6068087,3.311025,-6.0900245,-1.768051,0.25456932,0.108928554,-0.10147387,-0.13648231,-0.0092600295,0.13188949,0.06424595,-0.056320615,-0.08144653,-0.00872218,0.04837723,0.025749244,0.01681657,-0.03710164,-0.019159231,0.0020279055,0.0051565706,0.028034883,0.014818418,0.006994895,0.013378112,0.0054504815,0.0065899943,0.010821294,0.007849008,0.0034958695,disgust,03-01-07-02-02-02-19.wav
-626.9533,67.89747,1.6370763,12.935054,4.454488,7.4641128,-11.544701,-5.5035925,-4.029398,-11.448175,-4.9080462,-3.1096563,-0.91300416,-0.11512912,-0.10271823,0.102039725,0.08312464,-0.015002673,0.007789651,0.043325722,0.12392623,0.17225918,0.10632279,0.033474565,0.06677757,-0.0061693774,-0.19024152,-0.038000118,0.060576227,-0.0005521158,0.018889803,0.00027878754,0.039887022,0.007546146,0.019569987,0.025515633,-0.005136324,0.029451558,-0.0075570554,sad,03-01-04-02-02-01-19.wav
-723.7131,67.22469,17.922281,18.497843,9.793799,13.58976,7.0026054,-1.6399391,-0.71690094,1.2053953,3.7638078,-0.9194548,4.500656,-0.31653488,-0.24597035,0.060445342,0.19822478,0.12610102,-0.063288085,-0.15832181,-0.02538242,0.17414556,0.22233103,0.059418805,-0.11831845,-0.16860324,0.040713087,0.023514709,-0.020484746,-0.03981428,-0.03135276,-0.0048436173,0.013349733,-0.0038535092,-0.034332592,-0.04307495,-0.018414216,0.0069175893,0.016565753,sad,03-01-04-01-01-01-19.wav
-610.9525,73.92171,3.0044444,9.20349,-2.6038723,4.6616335,-5.565025,-13.24523,-1.9621769,-3.9715781,1.5371786,-5.619384,3.5524902,-0.07626577,-0.065088265,-0.010528857,0.015099084,0.021932602,0.011793538,0.004395316,0.023361096,0.026280673,0.009939833,0.021237006,0.0027360094,-0.0057340967,-0.017954092,0.0034612126,0.029335959,0.031115318,0.032103978,0.029030165,0.028587025,0.018905217,0.015449596,0.016915238,0.012889963,0.010605112,0.0071885227,disgust,03-01-07-01-01-02-19.wav
-347.855,33.441124,-35.798573,1.0275849,-17.729235,-12.269428,-7.8326936,-3.2187953,-12.785457,-4.541448,5.6252823,-10.893541,-0.3196964,0.08445556,0.04603838,-0.03197057,-0.027774258,0.017880213,0.058314998,0.006160909,-0.051510915,-0.02678316,0.021754177,0.039886303,0.01420514,-0.00690996,-0.03393042,-0.019538594,0.010793126,0.009460157,-0.008102026,-0.024133286,-0.0041362904,0.018587027,0.0094044795,-0.00943575,-0.01707414,-0.0075687664,0.0011731867,angry,03-01-05-02-01-02-19.wav
-488.19852,42.98017,-32.8679,4.590628,-4.9839582,-3.6056643,-19.53075,-14.279503,-13.213705,-8.078819,3.8451111,-15.884318,1.8152062,0.029214147,0.031965047,0.03878444,0.032630563,0.037434865,0.031982515,0.032345816,0.03293312,0.028828403,0.030535894,0.02439978,0.030088753,0.02114297,0.012712115,0.015696848,0.0025592083,0.01554527,0.011708026,0.008739445,0.006734677,0.009519598,0.011205843,0.0039823973,0.009890356,0.007043608,0.01034912,fearful,03-01-06-02-01-01-19.wav
-620.8491,37.739964,-1.2242045,14.249456,-0.57987404,8.097854,-8.8985405,-13.757989,-2.7904768,-1.308525,-2.805045,-6.6869016,0.23091276,0.7425511,0.41894603,-0.11337208,0.027303508,0.011889756,-0.10361317,-0.24082364,-0.16509467,-0.03560011,-0.024705952,0.015453023,-0.030027483,0.04123574,0.014603969,0.039141826,0.049668048,0.037976038,0.030815516,0.024469566,0.027440835,0.026924953,0.014522813,0.013395504,0.01786028,0.013031055,0.009736356,fearful,03-01-06-01-02-01-19.wav
-539.57227,53.837452,8.056617,17.697256,1.6958224,-0.39242405,-0.8793002,-2.243308,-10.379378,-2.065264,2.2684884,-7.3525105,0.05668759,-0.2986036,-0.30960593,-0.12430079,-0.050352912,-0.049223598,-0.04472672,-0.042877443,-0.043748498,-0.040229995,-0.041372832,-0.0422448,-0.038088586,-0.035412725,0.113442846,0.106621794,0.025692903,-0.0046369857,0.0017253981,0.009917659,0.0065573747,0.00019833678,-0.0018660391,0.0018311662,0.004522484,0.0026332024,0.0034322212,angry,03-01-05-01-02-02-19.wav
-647.87634,78.7864,2.392293,8.779392,-0.52615297,3.9145696,-3.8181674,-10.349934,-5.101916,-6.318324,1.3437749,-4.130209,1.8805534,-0.6801032,-0.53196985,-0.0593073,-0.029442519,-0.00024314332,0.0058798324,-0.087719135,0.010878644,0.06701159,0.022169312,0.003574527,-0.037723802,-0.037620686,-0.035486173,-0.020462113,0.009558675,0.004261924,-0.0056942645,-0.008227403,-0.0025672228,0.015320699,0.019117203,0.012549856,0.001897226,-0.0061629433,0.00520265,surprised,03-01-08-01-01-02-19.wav
-662.58167,59.485302,14.303701,17.203342,1.4268258,8.966417,0.80214846,-5.7661786,-0.82902485,-1.3970659,2.262509,-4.88903,2.2767868,-0.067960486,-0.09547311,-0.093612574,-0.09067192,-0.0868679,-0.08245869,-0.077709496,-0.07285742,-0.06808374,-0.06349666,-0.059127863,-0.054941867,-0.050857395,-0.0039970214,-0.0056662727,-0.0056911088,-0.0056893476,-0.0056340685,-0.005531454,-0.005417387,-0.0053317617,-0.005291954,-0.005285543,-0.005285428,-0.0052710255,-0.005236491,surprised,03-01-08-02-02-02-19.wav
-719.37946,69.116356,12.223126,24.287369,10.61512,11.088133,2.7483995,-2.811094,-8.260197,4.2461877,3.1495256,-3.0344627,5.15219,-0.05112775,-0.23995389,-0.15545733,-0.056327898,0.040443048,-0.011522055,-0.021681521,-0.047991805,0.020027796,-0.038961273,0.0010296106,-0.013294882,-0.052391768,-0.0035304362,0.06577529,0.044312987,0.01667947,-0.013782182,0.015270848,0.011489606,0.021672832,-0.004053134,0.02335121,0.0020026043,0.0017852179,0.013704764,neutral,03-01-01-01-02-01-19.wav
-653.7885,74.39236,8.322383,11.348934,3.7483213,8.154741,-6.0013266,-5.279405,-7.9763937,-1.2269653,5.6431417,-5.650707,-1.27464,0.3221115,0.23955394,0.15386666,0.050068066,0.020067967,0.01342726,0.02968821,0.03085603,-0.0052663656,-0.01060357,-0.010654443,-0.008110629,-0.015062472,0.098064,0.022280596,0.046653807,0.03097895,0.00958717,0.011560282,0.02425424,0.02863436,0.016375914,0.0040095453,0.007754751,0.010016464,0.009418945,happy,03-01-03-01-01-01-19.wav
-496.21652,44.47926,-5.133743,10.619376,-0.9217922,4.399442,-9.489511,-11.7184515,-9.245917,-1.501283,1.5846658,-9.393461,-0.58778816,2.3420053,0.17673898,-0.2963626,-0.028313557,-0.0555168,0.121523894,-0.08411297,-0.117594436,-0.012808178,0.017709551,-0.103682175,0.05247068,-0.05120672,0.38459724,0.031995486,-0.03752687,0.031565793,0.009554041,0.01604701,-0.0140983835,0.004303302,0.0115369195,-0.005121901,-0.006485974,-0.013131123,-0.0051283813,happy,03-01-03-02-02-01-19.wav
-611.49084,53.697193,-2.787697,15.713755,3.3997245,0.4294773,-6.5267158,-8.406367,-5.2088532,-2.651443,0.9351779,-9.086231,1.471776,-0.16704598,-0.11633997,0.0047678472,-0.05608196,-0.08881234,-0.027175928,-0.0087494375,-0.014668834,-0.009233296,-0.035971474,-0.043608952,-0.01256426,-0.028670546,-0.053865366,-0.03348745,0.014251038,-0.006833522,-0.028480817,-0.00752531,0.00960277,0.010159773,0.0043511437,-0.008433506,-0.0076567405,0.0056303088,-0.0012062989,fearful,03-01-06-01-01-01-19.wav
-555.4774,56.743263,-3.7796593,16.597498,5.283414,2.7290711,-3.6292763,-2.8404536,-8.249215,-0.71704113,6.0218363,-6.601494,1.6466786,0.29232827,0.13265137,-0.021055926,0.032150246,0.024697417,0.06493504,-0.0018496156,-0.028813431,-0.0238006,0.010802185,0.04993819,-0.03102069,0.029275233,-0.041626655,-0.013175446,0.009891203,0.0063942047,0.0069698603,-0.006137747,0.0033838614,0.011171606,0.009671589,-0.002239734,-0.008597521,0.008665267,-0.010079049,angry,03-01-05-01-01-02-19.wav
-404.84164,27.947756,-21.580803,9.363353,-7.7175384,-12.304215,-9.229844,-3.673386,-13.242595,-4.502452,2.7416246,-9.525413,-0.6882434,0.0028398589,0.0040137297,0.004009419,0.0040022423,0.0039921994,0.0039792894,0.0039635245,0.0039449465,0.0039235805,0.0038994395,0.003872575,0.003842983,0.0038107424,-0.0013697242,-0.001936433,-0.0019343102,-0.0019307756,-0.0019258341,-0.0019194811,-0.0019117412,-0.001902616,-0.0018921125,-0.0018802499,-0.0018670443,-0.0018525049,-0.0018366555,angry,03-01-05-02-02-02-19.wav
-459.72464,18.374693,-18.822191,-2.7690644,-13.273498,-2.8400788,-11.864756,-12.17954,-2.9253616,-3.9706964,-2.2168698,-5.183168,6.2745132,-0.020228399,-0.028599136,-0.028572528,-0.028528312,-0.028466435,-0.028387038,-0.028290141,-0.028175948,-0.028044585,-0.027896237,-0.027731016,-0.02754916,-0.027350884,-0.003403608,-0.0048118564,-0.004806667,-0.0047980137,-0.0047859047,-0.004770375,-0.0047514206,-0.0047290716,-0.0047033373,-0.004674272,-0.004641886,-0.004606218,-0.004567303,fearful,03-01-06-02-02-01-19.wav
-710.8944,73.407845,9.818445,14.052332,8.829359,14.78057,1.7163377,-9.149677,-2.9311123,6.036691,6.2791777,-3.7994576,5.985358,-0.12051436,-0.1597938,-0.103657596,-0.039963547,-0.040227488,-0.048851993,-0.028507886,-0.026288442,-0.015666489,0.015081312,-0.0009657449,-0.030051183,-0.010845825,-0.0012461426,0.013717679,0.040904164,0.039389603,0.0031545013,-0.020297904,-0.007135819,0.0124079585,0.013826642,0.0007674242,-0.013889354,-0.013040753,4.6455076e-05,sad,03-01-04-01-02-01-19.wav
-613.28876,47.951588,3.7413344,9.859426,-9.253015,4.4127545,-8.412171,-10.12008,-4.2375975,-4.373463,1.3066595,-7.2366557,0.6151851,0.017296286,-0.15068027,-0.12521346,0.034608506,-0.05862152,-0.05966099,-0.05322343,-0.04594934,-0.032727603,-0.048691604,0.016728558,-0.02357148,-0.062366065,-0.028005062,-0.07676305,-0.023383237,-0.013650794,-0.013446035,0.0039184513,-0.024352785,-0.012620244,-0.007888994,-0.008067883,-0.001900621,-0.000792463,-0.0034890624,disgust,03-01-07-01-02-02-19.wav
-462.58087,27.427088,-11.2738495,7.746214,-12.376983,-5.101374,-10.368076,-10.745537,-7.3626595,-8.93566,-1.4785191,-5.7350044,-4.148855,1.2266759,0.27679315,-0.18536484,0.08373346,-0.18342546,-0.09679222,-0.2256456,-0.028265772,-0.03297945,-0.21630715,-0.1047852,0.14200294,-0.022770626,0.08623595,0.02878377,-0.0040981895,0.0058597387,-0.014110473,-0.015512097,-0.0085354475,0.009247391,-0.02284419,-0.015447006,0.0013289133,-0.004459763,-0.010544062,disgust,03-01-07-02-01-02-19.wav
-527.9239,47.095097,3.1827118,14.730712,8.611144,3.3703122,-9.218029,-4.8669004,-3.3626413,-6.1321683,-1.9571228,-4.739739,-2.9758434,0.09956827,0.13288191,0.11252925,0.08865956,0.07102323,0.06388772,0.06348869,0.06275513,0.058558945,0.053259518,0.04966985,0.046995,0.042907625,0.015831757,0.019675042,0.013104027,0.006017663,0.0008906946,-0.0019301906,-0.0033716108,-0.0042432044,-0.0048343125,-0.005262985,-0.005598988,-0.0057128486,-0.005452781,sad,03-01-04-02-01-01-19.wav
-566.9929,53.43414,-2.1927025,13.196092,3.6094968,1.2126051,-8.423932,-13.740657,-9.800324,-3.3352268,0.057782706,-8.794668,2.3004112,0.010276489,0.01449255,0.014374247,0.014178009,0.013905115,0.013557549,0.013137842,0.012649217,0.012095499,0.011480999,0.0108109,0.010090657,0.009326227,-0.00023713111,-0.00033977508,-0.0003530717,-0.00037489235,-0.00040477514,-0.0004421377,-0.00048635722,-0.0005368507,-0.0005930686,-0.0006545055,-0.0007207322,-0.00079133274,-0.0008658287,surprised,03-01-08-02-01-02-19.wav
-744.68634,67.081535,18.314056,21.004875,5.289451,7.817583,5.3798113,-2.2679353,-4.1002693,2.317279,4.18106,-1.7214876,5.420078,-0.12623562,-0.1483635,-0.11172112,-0.098512374,-0.09008909,-0.07415841,-0.068290725,-0.068127535,-0.0515061,-0.023690747,0.005261615,0.028674005,0.039820325,0.036846586,0.042389963,0.027137225,0.015683113,0.0069435933,0.00030567413,-0.0019459114,-0.0014897003,-0.0016350584,-0.0042621735,-0.009429236,-0.011041833,-0.009826956,surprised,03-01-08-01-02-02-19.wav
-589.8053,56.514385,8.005781,12.291095,-0.6592061,6.4381247,-4.252529,-5.804587,-7.1720166,-0.14448534,6.475974,-4.630664,-0.5421841,-0.10359089,-0.1403254,-0.11789441,-0.07582773,-0.027818311,-0.0037350098,-0.01703535,-0.03892932,-0.029423965,0.0051396843,0.014805115,-0.024456633,-0.07362871,-0.01066477,-0.013209928,-0.009189582,-0.004583034,0.0013924069,0.0072558643,0.007630778,0.0011445627,-0.004775723,-0.0026982985,0.004593684,0.008312784,0.0059414515,happy,03-01-03-02-01-01-19.wav
-688.4569,78.13203,15.737865,19.704098,5.8113074,17.669943,-2.0204675,-3.3101795,-6.127248,0.24654664,3.3371825,-3.0471015,2.8938234,-0.16936001,-0.029132979,0.2197926,0.17207439,0.05436858,0.0289415,0.075569846,0.11826963,0.04067478,-0.054783367,-0.014896907,0.013150398,-0.06407371,-0.032610416,-0.046642628,-0.03463071,-0.017873818,-0.016335264,-0.019204095,-0.016734697,-0.012108324,-0.008350959,-0.0032577903,-0.0015187922,-0.0043485663,-0.0064125494,happy,03-01-03-01-02-01-19.wav
-720.9089,77.156685,12.188697,18.508013,7.5342426,7.921146,3.8615196,-2.4131787,-5.895042,1.0444314,2.1494434,-2.052845,6.5107737,0.037480604,0.052133534,0.048553996,0.042589527,0.03664633,0.03160359,0.028039971,0.026191829,0.023702575,0.018892223,0.012139438,0.0049237227,5.9121274e-05,0.019073607,0.012701802,-0.004831639,-0.009619318,-0.008053942,0.0005792722,0.004534427,-0.0044839,-0.01138977,-0.00922895,-0.0039003654,0.0014613802,0.004299661,neutral,03-01-01-01-01-01-19.wav
-597.3229,54.19757,13.435554,18.300003,0.9876305,6.3637443,-1.902704,-2.3356755,-7.223956,-2.5983107,1.6532677,-7.3848715,-1.0984821,-0.009924035,-0.0053138733,-0.00016463836,-0.0064626816,-0.0019830898,0.0049125473,0.003102363,0.0074398285,0.009915677,0.0014478209,0.004746553,0.014749031,0.007239138,0.020966023,0.022766504,0.013022303,0.011674378,0.013313771,0.01215339,0.008612949,0.004884691,0.0059218304,0.010222334,0.00890319,0.004382366,0.005711453,happy,03-01-03-02-02-02-19.wav
-620.7034,65.76584,7.1538744,17.170689,3.6706784,11.238317,-1.463578,-3.670237,-4.2807136,-3.2870603,4.2488656,-8.081536,-0.10348439,0.026472664,0.03819909,0.03987546,0.041585706,0.04215769,0.040603124,0.03838376,0.03707577,0.03552528,0.03269595,0.029648656,0.028303463,0.029235536,-0.008888411,-0.011584632,-0.009911438,-0.009875381,-0.011348,-0.0115354685,-0.00979608,-0.008895648,-0.010227142,-0.011836043,-0.011355823,-0.008749601,-0.0064065875,happy,03-01-03-01-01-02-19.wav
-704.80066,62.916447,11.644164,21.798393,7.5285296,9.319738,-0.2566826,-6.3060317,-8.013031,1.4976572,1.0483433,-3.9194763,4.884593,-0.15942276,-0.17306286,-0.074270286,-0.010478786,0.014241248,0.035982765,0.06901648,0.08875317,0.0737922,0.04924439,0.037645392,0.024972662,0.0085657695,0.0053935316,0.0025250763,-0.00735611,-0.015967287,-0.022236068,-0.02404429,-0.0218879,-0.019304816,-0.017910974,-0.018034145,-0.016261322,-0.009841082,-0.0052753906,neutral,03-01-01-01-02-02-19.wav
-588.5234,45.450775,7.311466,14.144736,1.1154832,1.9374495,-4.525715,-6.233553,-6.0377464,0.62545216,1.184415,-6.365095,2.7289822,-0.025253616,-0.0357083,-0.035690814,-0.0356592,-0.035609525,-0.03553708,-0.035436258,-0.035300873,-0.03512516,-0.034903552,-0.03463141,-0.034305397,-0.033923674,0.026452515,0.010578329,-0.014603015,-0.010429461,-0.002423108,-0.0017086793,-0.012886164,-0.018866846,-0.0114822555,-0.0028677008,0.00015553228,-0.008946961,-0.007967461,angry,03-01-05-01-02-01-19.wav
-650.553,56.693214,14.16307,20.68129,5.5986,9.607708,-3.515335,-8.629577,-2.6955056,2.2635138,-0.26282242,-3.8181033,3.0980303,0.23681322,0.24582417,0.11872375,0.13276832,0.21336983,0.18763748,0.07855,0.038453314,0.090572,0.118590645,0.06742211,0.011911635,0.025254589,0.004180465,0.0044171107,-0.00094967574,-0.008069385,-0.011708201,-0.012313843,-0.013678305,-0.014782443,-0.01420225,-0.014487181,-0.015524571,-0.013460426,-0.008513259,fearful,03-01-06-01-02-02-19.wav
-429.91806,13.987488,-25.794744,-0.56750757,-13.151171,-9.664351,-17.374819,-16.185963,-8.834062,-4.984042,-2.60371,0.9205713,2.7866795,0.017112449,0.024188794,0.024156803,0.024105214,0.024036797,0.02395432,0.023860326,0.02375652,0.023643635,0.02352099,0.023387032,0.023239328,0.023075372,0.00061269285,0.00086693285,0.0008679379,0.0008689764,0.0008692038,0.0008676992,0.0008636417,0.0008564894,0.00084607187,0.0008326567,0.00081687694,0.0007996143,0.0007818117,fearful,03-01-06-02-01-02-19.wav
-405.7788,30.750471,-20.098661,7.2605095,-7.3632345,-10.164588,-6.5748363,-2.5392823,-11.707139,-4.1256943,1.8933975,-9.83238,1.383794,-0.005622864,-0.007951581,-0.007950095,-0.007947456,-0.007943929,-0.007939233,-0.007933586,-0.007926896,-0.007919156,-0.007910418,-0.007900626,-0.007889847,-0.007878009,-0.00047709775,-0.00067453884,-0.0006739206,-0.00067291147,-0.00067148375,-0.000669661,-0.0006674445,-0.0006648205,-0.0006618028,-0.0006583967,-0.0006546032,-0.0006504277,-0.00064587244,angry,03-01-05-02-01-01-19.wav
-611.4189,70.55179,13.21813,20.10846,-3.532452,3.0900905,-6.042665,-8.805466,-2.7453647,-7.3818307,2.9615252,-4.5519934,2.4116151,-0.12911463,-0.09484525,0.09773488,0.15739219,0.103424974,0.13204747,0.13772982,0.11400392,0.10832885,0.073022984,0.066070154,0.057111345,0.018852307,-0.035804234,-0.018956497,-0.0024907282,-0.009155243,0.0033997027,-8.3202955e-05,-0.0028934493,-0.0042327605,-0.0017080519,0.008485989,-0.00091262796,-0.0020836336,0.0069466312,disgust,03-01-07-01-01-01-19.wav
-746.20166,69.81426,17.723703,19.79093,10.562504,15.267721,4.12747,-4.623531,0.51091576,1.2657973,3.0497658,-1.619721,0.9664017,0.42451736,0.109479316,0.087144315,0.07715546,0.015894476,0.07873417,0.062346987,0.06346801,0.042147983,-0.0022921292,0.01716639,0.062140565,0.010169068,0.02636639,0.027125392,0.017660165,0.011827835,0.0059989775,-0.01021001,-0.00023729996,-0.0032385476,-0.011587183,0.0049202573,0.011889149,0.007708506,0.0039158068,sad,03-01-04-01-01-02-19.wav
-602.4325,68.88658,-1.8606311,15.500684,9.796137,8.231955,-10.699219,-2.784713,-3.4582875,-10.586457,-0.86157984,-3.8031127,-1.1522769,-0.8462221,-0.20201083,0.3582636,0.023507243,0.02030234,-0.05226309,0.17558381,0.1869169,0.11551885,0.1267968,0.057149474,0.08843335,0.066877365,-0.061286513,-0.008627363,0.008935321,-0.013880351,0.0114695,0.0014407443,0.017271392,0.0065584714,0.004484347,0.0063353,-0.007517541,0.0028402924,-0.0062425,sad,03-01-04-02-02-02-19.wav
-432.0462,6.4564004,-3.9966435,2.3966894,-23.25739,-0.10892476,-10.391572,-15.024604,-6.507032,-4.929522,-2.9989994,-3.1663778,-2.8523486,0.03711787,0.051382236,0.04822346,0.043492787,0.03786564,0.032071628,0.026748657,0.022332048,0.019002447,0.016699664,0.015189742,0.014160642,0.0133172255,0.010606797,0.0147042945,0.013863053,0.012603262,0.011104962,0.009562581,0.008146052,0.006971253,0.006086157,0.005474467,0.005073536,0.0047998857,0.004574562,disgust,03-01-07-02-02-01-19.wav
-604.0621,68.545105,5.828717,16.088617,2.647091,1.6866603,-1.7424055,-6.686627,-2.1180472,0.087534115,-0.72161126,-5.515543,3.721256,0.10033657,0.13023922,0.1023078,0.06963098,0.040121023,0.020025184,0.009145246,0.0011009489,-0.0050715446,-0.0043720244,0.0026786532,0.0077479295,0.007849673,0.011898175,-0.0048931376,-0.016642526,-0.004407705,-0.0025599557,-0.0024005761,-0.0061286613,-0.007388522,-0.006551597,-0.008897915,-0.010477115,-0.014438685,-0.015177468,surprised,03-01-08-02-02-01-19.wav
-658.7429,72.99359,10.064396,17.445618,5.805036,6.9497995,-1.6157024,-8.050132,-7.6615696,-3.2846582,-0.6894246,-5.6375685,1.146823,0.058887742,0.07123561,0.04306464,0.011411655,-0.015289538,-0.031594746,-0.039649148,-0.044083785,-0.045146935,-0.045583144,-0.047726188,-0.047388356,-0.042155,-0.016545502,-0.025360033,-0.02745395,-0.025957784,-0.021439571,-0.014298256,-0.007480008,-0.0042887097,-0.0023071426,-0.0002137852,0.00024837884,0.0011153955,0.0036337452,surprised,03-01-08-01-01-01-19.wav
-358.6942,27.176294,-31.601574,-0.7222065,-2.088923,-18.586979,-10.272689,-18.13579,-17.38893,0.7742666,-14.395023,-8.621026,-1.1814071,-0.0008234423,-0.0011640593,-0.0011621742,-0.0011590248,-0.0011546445,-0.0011490555,-0.0011422135,-0.0011340962,-0.0011248034,-0.0011142908,-0.0011025695,-0.0010896506,-0.0010755783,4.3048414e-05,6.101298e-05,6.1140505e-05,6.13512e-05,6.165615e-05,6.204427e-05,6.250725e-05,6.305478e-05,6.368479e-05,6.438272e-05,6.515741e-05,6.6001056e-05,6.690907e-05,happy,03-01-03-02-02-02-10.wav
-499.60046,46.04002,-10.466602,4.0297976,2.1355753,-9.660834,-8.2017355,-15.407224,-8.206768,-0.03969574,-8.581497,-6.846234,-1.5078919,0.0025354004,0.0035697937,0.0035217793,0.0034429678,0.003335317,0.0032014211,0.0030442683,0.002867864,0.0026763724,0.002474645,0.0022677358,0.002060941,0.0018598493,0.001043841,0.0014751188,0.0014716943,0.0014659055,0.0014576896,0.0014468892,0.0014333661,0.0014169014,0.0013973019,0.0013742972,0.00134764,0.001317062,0.0012822829,happy,03-01-03-01-01-02-10.wav
-598.68207,51.607494,10.780659,13.437082,5.4782753,0.050054923,-4.452173,-8.553011,-3.2690914,0.2612308,-4.6167455,-3.6933422,0.20232823,-0.011829496,-0.017595183,-0.01907645,-0.018973915,-0.016255438,-0.012101284,-0.008682419,-0.0069597354,-0.0057969005,-0.003303336,0.0009979752,0.0054576923,0.00781148,0.0040381225,0.003754628,0.0012730983,0.0006140688,-0.0008260709,-0.002849405,-0.0036712491,-0.0043275394,-0.004994351,-0.004660625,-0.0038383128,-0.002605156,-0.00042015483,neutral,03-01-01-01-02-02-10.wav
-589.2219,50.802753,6.3687205,8.737354,5.062105,-0.3739714,-4.391338,-12.517468,0.79103994,2.807722,-5.699457,-4.130198,0.90154904,0.02368287,0.0339579,0.035161205,0.036599383,0.037673358,0.037911307,0.03711949,0.035420924,0.033187155,0.030883482,0.028874775,0.027279796,0.025949229,-0.00792127,-0.010798928,-0.009712949,-0.008240252,-0.006691051,-0.0052847317,-0.0041380697,-0.003281347,-0.0026526344,-0.0021124927,-0.001534798,-0.00092704984,-0.00045876135,fearful,03-01-06-01-02-02-10.wav
-501.0539,60.413498,-8.94306,3.0704255,-1.3424346,-4.6550336,-10.38445,-16.751627,-5.925301,-1.0315286,-7.2745175,-0.12950902,0.1232124,-0.011200986,-0.014896124,-0.011976735,-0.007313098,-0.0020695704,0.0021106268,0.0043008234,0.0046996316,0.0037529685,0.0013362216,-0.0027254287,-0.0075509613,-0.011339985,-0.0020609642,-0.0016775724,0.0005781502,0.0013457133,0.00022792816,-0.00070232723,0.0002245728,0.001957201,0.002016275,-0.00027068995,-0.0028059739,-0.0032918092,-0.002011266,angry,03-01-05-01-02-01-10.wav
-354.05734,39.831474,-20.934713,4.3984823,-9.215746,-12.859122,-7.3000393,-14.337289,-7.213743,-4.1370945,-8.112433,-5.7007174,-3.7743754,0.00029856365,0.0014283498,0.0029847252,0.0028125285,0.0011214362,0.00031731394,0.0015376091,0.0030149035,0.0026301278,0.0009674761,0.00045883257,0.0018560197,0.0031299433,-0.00074680644,-0.00082100235,-0.00032561354,6.736384e-05,0.00027522113,0.0005102969,0.0008768545,0.0011331055,0.00096905645,0.00042742092,-0.00011516544,-0.00038991505,-0.0005051394,angry,03-01-05-02-01-01-10.wav
-469.8711,38.700233,-22.003654,2.9810452,-1.4398863,-14.88663,-9.309187,-17.981142,-9.32103,1.3245261,-7.554901,-9.311862,1.2783248,-0.011486435,-0.016227674,-0.016176844,-0.016092395,-0.015974443,-0.015823413,-0.015639614,-0.0154237505,-0.015176361,-0.014898228,-0.014590192,-0.014253264,-0.013888478,-0.00326958,-0.0046123564,-0.0045779287,-0.004520446,-0.0044398443,-0.004336165,-0.004209604,-0.004060735,-0.0038904897,-0.0037002917,-0.0034920156,-0.0032679937,-0.0030309507,fearful,03-01-06-02-01-02-10.wav
-599.16284,63.423653,2.7849183,8.7383375,5.11806,-3.06575,-4.7748647,-17.148153,-3.2631037,3.2804234,-2.2247143,-5.148883,0.9728795,-1.1894332,-0.22336283,0.05915891,0.023505036,0.32572114,0.15669377,0.1871412,0.1263652,-0.102641754,0.05493639,0.06525305,0.20226812,0.042543747,0.14592054,-0.0022161945,0.026929881,0.0016564687,-0.056074817,-0.0111450795,0.0110291,0.023638697,0.013690354,-0.02255045,0.00775776,-0.024705626,-0.022250596,sad,03-01-04-01-01-02-10.wav
-602.56934,67.10299,-3.8499122,12.443233,2.6809392,-2.366467,-2.2520547,-15.19425,-1.9916308,1.1678178,-5.6597643,-1.0534089,2.7392373,0.28326225,-0.09850707,-0.33981642,-0.032031894,-0.06032412,0.0061530233,-0.016266864,-0.13073635,0.08083148,0.15624583,0.08480446,0.093004875,0.039403252,-0.006121719,0.0065193325,0.010160404,-0.0045514195,-0.0002466917,-0.0025193996,-0.020161036,-0.014984928,-0.0035231784,-0.013327564,-0.007818186,-0.008561254,-0.022210853,disgust,03-01-07-01-01-01-10.wav
-489.20673,53.997875,-20.182741,1.013678,-2.2566922,-9.16301,-11.204889,-23.213806,-1.5148641,-1.7471111,-13.48365,-0.6162024,-5.7765408,0.1563771,0.0992528,-0.07818949,-0.0876787,-0.010896918,0.0005641979,-0.062659934,-0.1201605,-0.0758137,0.020192135,0.046927944,0.039225884,0.023197278,-0.036167454,-0.018987786,0.0065387213,-0.0057350383,-0.00166104,0.005872543,0.007977692,0.0055502444,-0.013653166,-0.01399626,-0.0013111843,-0.00928564,-0.006585078,disgust,03-01-07-02-02-01-10.wav
-583.7695,52.00445,6.553226,16.23505,5.5693393,-1.1075398,-4.012472,-17.150143,-2.9669795,-4.0927362,-9.049511,-2.2563999,-1.6603012,-0.9952222,0.1628363,0.20873706,-0.17840885,0.14869368,-0.022886524,-0.01766024,0.08019928,-0.0020711825,-0.009585393,0.04777839,0.07138386,0.06893347,-0.16858156,-0.0055727833,-0.020176537,0.017210867,0.006992747,-0.0026621106,0.006535507,0.0059698834,0.018984007,0.016028427,0.004738873,0.004360782,-0.001705196,sad,03-01-04-02-02-02-10.wav
-444.25198,34.59674,-6.22568,-5.8585873,-1.6350039,-9.584788,-6.85531,-8.922427,-10.052692,-1.9948903,-10.465378,-9.200804,-5.1197124,-0.003225922,-0.005073766,-0.006356549,-0.007906962,-0.009391683,-0.010713928,-0.011716696,-0.012030547,-0.011358625,-0.009850745,-0.008051763,-0.0064626983,-0.005256507,0.00029856004,0.00016624002,0.00035684276,0.0014972151,0.0021891773,0.0021445036,0.0026158872,0.003257838,0.002770398,0.0018099622,0.001517319,0.0012094128,0.00034830638,surprised,03-01-08-02-02-01-10.wav
-545.06085,42.954937,-0.25586003,8.24722,2.4213808,-5.9821577,-6.449633,-8.582764,0.0017387936,-0.90717816,-7.7501345,-2.3016422,-3.28796,-0.0017876761,-0.0024346488,-0.0021627971,-0.001737758,-0.0011985779,-0.0005931854,2.6171549e-05,0.00060905557,0.001112032,0.00150327,0.001764965,0.0018949509,0.0019053051,-0.002713333,-0.0038243907,-0.0037854637,-0.0037182502,-0.0036196471,-0.0034860782,-0.0033140506,-0.0031009826,-0.0028457504,-0.0025492038,-0.0022145794,-0.0018475498,-0.0014560785,surprised,03-01-08-01-01-01-10.wav
-468.5465,59.23374,-19.681047,6.6476974,-5.056707,-9.605193,-6.2733364,-16.64664,-6.9043546,-2.11481,-3.8826551,-6.262873,-1.4412878,-0.57351756,0.024175456,0.15727612,-0.16735767,0.18780224,9.996491e-05,0.029975472,0.10696635,0.084518485,0.040376294,-0.059733186,0.049531203,0.0083658295,0.068430066,-0.013924251,-0.0035983236,0.023933422,-0.0033401782,0.0048961337,-0.005628996,0.0004276006,0.004485094,0.0049500978,0.011661361,-0.0042408896,0.0054160245,angry,03-01-05-01-01-02-10.wav
-535.4293,53.829716,-9.728312,5.498387,5.5866547,-6.045388,-13.718677,-21.878216,-5.1880217,5.834102,-5.046766,-3.375176,3.5024223,-0.1482108,-0.1256842,0.028513864,0.05057083,-0.012657607,0.039342336,0.16590625,0.19470659,0.03294885,-0.12471412,-0.09039874,-0.03167587,-0.05394231,-0.03410306,0.00046651057,0.033109,0.0010987148,-0.0072140014,-0.0015081378,0.0016174179,-0.00015046888,-0.011415445,-0.0029070762,0.009225235,0.0021532278,0.0040112124,fearful,03-01-06-01-01-01-10.wav
-454.70084,38.14282,-15.037809,2.681096,-3.2385826,-13.290631,-10.809224,-18.476036,-11.810647,-0.6325908,-9.237891,-10.612815,0.89022076,-0.015724368,0.013545594,0.0128693,-0.0037669204,-0.006478135,-0.014665604,-0.039065246,-0.004422211,0.0007810709,-0.02435126,-0.009057568,-0.0033930568,-0.0040264945,0.00083543616,0.0016721865,-0.004492664,-0.0031489185,-0.0035663946,-0.0016567765,-0.005325671,-0.007315164,-0.006894552,-0.0033939146,-0.00084326905,-0.0017513015,-0.001959132,fearful,03-01-06-02-02-01-10.wav
-388.14795,33.640766,-20.053806,-0.539158,-14.654188,-11.592291,-9.567249,-12.972133,-12.25135,-5.4565926,-8.447279,-6.151445,-6.8480735,0.012118718,0.017245688,0.017301911,0.01696041,0.016396912,0.016071256,0.016018873,0.015817396,0.015281454,0.014756826,0.0145515995,0.014449642,0.014112339,0.0055934004,-0.0069172475,0.006405705,-0.0040118443,0.0034130926,-0.00048761794,0.0009843416,0.0013975537,0.00010676457,0.001928783,-0.0001682749,0.0019967023,-0.0006839776,angry,03-01-05-02-02-02-10.wav
-527.2224,52.442856,-12.099637,3.512607,2.3489702,-5.5473356,-7.432994,-17.458382,6.457947,2.5424867,-11.923866,2.630283,-2.61733,0.23184288,0.18858138,-0.08133393,-0.12902136,0.04596411,0.022325123,-0.1756858,-0.20150125,-0.043904837,0.083305195,0.039771546,-0.019750644,0.02474841,-0.055719707,-0.019581405,0.021499375,-0.002075448,0.006588936,0.0020319172,-0.007285908,0.0011464539,-0.012915502,-0.004439013,0.013225644,-0.006741676,-0.013071358,disgust,03-01-07-01-02-02-10.wav
-614.7926,65.31736,11.483773,14.287218,7.11256,-3.726844,-4.6424346,-16.081049,-3.4544199,-0.8328543,-7.22965,-2.337464,2.492524,-0.04803028,-0.046685386,-0.02871431,-0.04384504,-0.0361145,-0.019412246,-0.033688165,-0.021479389,0.0020403643,-0.011997721,-0.015329997,-0.0059986613,-0.03151466,-0.024655398,-0.0037161822,0.010318417,-0.0037632098,0.014347223,0.022521289,0.015088384,0.008700511,0.0026995926,0.0029834672,0.003128139,0.00021202269,-0.012049323,sad,03-01-04-01-02-01-10.wav
-515.41815,55.977753,-8.31817,13.66586,8.768181,-11.594915,-5.4184213,-18.491133,-5.277203,-1.5609426,-8.365988,-3.2964737,1.5786597,-0.018633507,-0.025993247,-0.02547955,-0.025219727,-0.024576213,-0.023331814,-0.022100868,-0.020946767,-0.019406231,-0.017560745,-0.015762039,-0.014001268,-0.012175915,-0.0063737403,-0.009050167,-0.009027298,-0.008845427,-0.008640886,-0.008454523,-0.00814108,-0.007686832,-0.0072055976,-0.0066943034,-0.006094402,-0.0054333834,-0.0047611855,sad,03-01-04-02-01-01-10.wav
-440.06522,53.196682,-25.834059,4.659356,-3.7714708,-12.942803,-13.296346,-20.799854,-5.305216,-1.8555937,-13.675419,-3.4391592,-1.9741566,0.14859445,0.07438597,-0.07863687,-0.04607393,0.03479296,0.05259292,-0.022133846,-0.061163917,0.019432506,0.06406083,0.042598918,0.02657396,-0.013266535,-0.019543776,-0.0037617635,0.016349679,0.0030530277,-0.00034533715,0.0041692895,0.0009197687,0.001793078,0.0010323768,0.0012562677,0.0066209976,0.0013556088,-0.0033006133,disgust,03-01-07-02-01-02-10.wav
-474.9345,39.292084,-15.090651,3.6525934,-7.020548,-9.719821,-11.001763,-10.882,-6.676032,-3.8303015,-9.965902,-6.705989,-1.8895779,-0.010658109,-0.015053055,-0.0149921235,-0.014891865,-0.01475364,-0.014579682,-0.0143726375,-0.014135763,-0.013872691,-0.013587251,-0.013283826,-0.012966792,-0.012640654,-0.00028946286,-0.0004094247,-0.0004101708,-0.00041134178,-0.00041286476,-0.00041459693,-0.0004163936,-0.0004180613,-0.00041942045,-0.00042022328,-0.00042027803,-0.0004193422,-0.00041721386,surprised,03-01-08-02-01-02-10.wav
-568.1055,58.250523,7.18741,7.540136,1.7126603,-6.212817,-7.5283527,-7.425894,-2.263079,-0.7079999,-8.541883,-3.3034577,0.015132141,-0.015301717,-0.019454574,-0.013336665,-0.0047954815,0.003648615,0.00951706,0.0116198985,0.010128581,0.005676435,-0.0009658559,-0.008238869,-0.0137095,-0.015551936,-0.011323164,-0.0138526475,-0.008875113,-0.0039436077,-0.00027263165,0.002919213,0.0058303485,0.0068321135,0.0043237563,-0.000885884,-0.005918567,-0.008820742,-0.010154944,surprised,03-01-08-01-02-02-10.wav
-368.76047,35.37936,-30.616266,-1.8428165,-4.069356,-22.080816,-10.706038,-20.744633,-16.658773,0.9068197,-14.629668,-10.207644,-1.8648676,0.00316482,0.004548291,0.0076641175,-0.010501149,0.000286424,0.011037803,-0.01237332,0.0009994176,-4.0927564e-05,-0.0037168078,0.005529622,0.0026488993,-0.00229353,-0.00698466,-0.0021577198,-0.0028328593,-0.0030560608,0.0011190765,-0.00044552181,0.0009515163,0.0037703256,0.00598431,-0.0014259269,0.0031599966,0.0036050645,-0.0029978964,happy,03-01-03-02-01-01-10.wav
-508.07986,41.09106,-21.134468,5.562583,-0.4568985,-10.349299,-13.767448,-19.092196,-4.6328998,-0.76024425,-11.571668,-5.3044996,-0.3787097,0.4612256,-0.06290142,-0.1805522,0.14691527,-0.1502512,-0.006520078,0.009353691,-0.069202796,-0.0023973105,0.022755656,-0.033169087,-0.060044423,-0.012172218,0.0067750355,0.010820272,0.010130042,-0.0004184296,0.00024952923,0.002523719,0.0018032755,0.012470549,0.010847284,0.0047294153,-0.002332113,-0.0035596644,-0.00022130246,happy,03-01-03-01-02-01-10.wav
-571.1634,51.561947,0.6186624,4.7337565,5.0447693,-3.5404563,-6.744277,-7.723666,-3.9377508,-1.3471267,-6.1218038,-3.3092368,-0.045675416,0.013804517,0.019278781,0.018638186,0.017814126,0.01702765,0.01641817,0.01603665,0.015893051,0.015983358,0.016258689,0.0165739,0.016691258,0.016370168,0.0029412252,0.004175426,0.004200147,0.0041872784,0.0041118227,0.0039923517,0.0038680313,0.0037536279,0.0036187808,0.0034142367,0.0031216815,0.0027804943,0.0024659412,neutral,03-01-01-01-01-01-10.wav
-597.3418,54.922146,13.857038,15.087155,6.475436,-1.8379027,-7.1805925,-15.216527,-0.94292754,-0.9085937,-7.0019107,-1.6418464,2.1787455,-0.010062739,-0.01310087,-0.011639937,-0.012158022,-0.013581996,-0.01362447,-0.012340546,-0.01215642,-0.013959402,-0.014739342,-0.012641919,-0.010226176,-0.008952534,0.0018030446,0.00093452283,-0.00055148616,0.0015503367,0.004445291,0.004645687,0.0033857059,0.0035058006,0.004682226,0.0037974734,0.00054418703,-0.00095379294,0.00053212035,sad,03-01-04-02-02-01-10.wav
-450.6204,51.33882,-20.775837,-6.873812,-5.9626284,-13.552369,-11.10877,-20.65752,-10.321869,1.7176555,-13.16383,-6.851688,-3.050496,0.21976653,0.14960253,-0.0980211,-0.10625361,0.045601,0.06958931,-0.055156555,-0.11668094,-0.04353478,0.030162293,0.030178152,0.02349779,0.03141851,-0.0039425,-4.257645e-05,-0.00031392006,-0.00644478,-0.0014770369,0.0033683593,0.006118963,0.0077604204,0.00046820924,-0.0006819086,0.003627316,-0.0015580938,-0.0030449107,disgust,03-01-07-02-02-02-10.wav
-590.1032,76.60503,-7.75772,8.753841,5.736782,-1.7331474,-9.704854,-18.730282,3.201312,3.7379985,-9.482098,0.1748913,2.1437533,0.13573347,0.09787683,-0.023505243,-0.024248458,0.00037329536,-0.033610668,-0.10519358,-0.12444473,-0.035465613,0.037012927,0.009564284,-0.011478314,0.004555042,-0.01025864,-0.003102554,0.008225837,0.0028637948,-0.0029246623,-0.0035025373,-0.0014399424,0.0003777893,-0.00398703,-0.0053018946,-0.00078716053,-0.0028850178,-0.003322524,disgust,03-01-07-01-01-02-10.wav
-624.97906,57.132313,3.1001515,14.05481,7.3249974,-3.784239,-0.025897367,-12.55737,-2.1418548,-0.84867465,-4.030422,-4.939935,1.7669932,-0.046190597,-0.058831595,-0.050029196,-0.045334224,-0.035886496,-0.025149725,-0.020282706,-0.01491412,-0.0102212075,-0.013517713,-0.017466486,-0.018380933,-0.024907533,0.021534553,-0.0024310718,-0.019800926,0.00720279,-0.00024008918,-0.013895819,-0.0020268147,-0.0029716596,-0.005277237,0.0020201881,-0.0013368771,-0.0039611473,-9.672156e-05,sad,03-01-04-01-01-01-10.wav
-430.77304,38.091976,-19.585054,1.8117789,-3.8755527,-15.210368,-12.50311,-16.848984,-9.975202,-0.08920359,-10.321105,-8.276354,0.2331068,0.0194015,0.03982948,-0.002848341,0.009981383,0.004807289,0.02031373,-0.009650508,-0.013692136,-0.009659256,0.014987067,0.0207733,0.017234538,0.0056100427,-0.011035553,0.011933409,0.007888942,-0.007139978,0.0027046897,0.008705589,-0.011977893,0.004290232,0.009520852,-0.0086452095,0.0024764917,0.007919246,-0.003624392,fearful,03-01-06-02-01-01-10.wav
-371.62064,43.29596,-24.856642,-3.555483,-12.670344,-12.135927,-7.685782,-11.729778,-14.028131,-5.0646863,-7.5344768,-8.662998,-7.6264763,0.0056535,0.00676415,0.004730027,0.0045325942,0.006093139,0.0067873346,0.005231225,0.0033009138,0.003517398,0.005502661,0.0065207705,0.0053276,0.003875683,0.0007244058,0.0012325919,0.0016699338,0.0019733992,0.002004737,0.0020079094,0.0022691018,0.002650167,0.0026690972,0.002141352,0.0015167869,0.0013339408,0.0014876464,angry,03-01-05-02-01-02-10.wav
-505.67227,64.34391,-13.255367,9.259449,-3.5119991,-5.2564683,-9.266663,-20.238007,-0.6286122,-3.1473975,-5.6927505,-0.8209029,-2.1785002,-0.09769222,0.14879782,0.03775655,-0.14446098,0.14348458,0.1056155,0.009564852,-0.093601555,-0.072250396,0.057089806,0.04966398,0.07361189,0.02114053,0.030850288,0.010320983,-0.010528961,-0.0007097015,0.0029137721,0.004009564,-0.0038157469,-0.0024671487,-0.0038642962,0.0046965345,0.009202939,-0.007718226,-0.00599749,angry,03-01-05-01-02-02-10.wav
-590.92255,51.387817,4.4047914,5.548818,4.5104613,-3.2006562,-8.905848,-17.970787,-5.3685827,3.6348734,-4.2752423,-4.186919,-0.25882712,-0.27830595,-0.23507054,-0.09588467,0.013465322,0.096750125,0.15169796,0.16602099,0.15997125,0.06053595,-0.08809645,-0.13282491,-0.062798895,-0.08771722,-0.047434587,-0.029560301,0.032178104,0.011400325,-0.021086752,-0.011782534,0.022158105,0.047281034,0.023076272,-0.00892096,-0.0034594599,-0.006942696,-0.00731238,fearful,03-01-06-01-02-01-10.wav
-561.5467,56.164726,3.4010215,8.411776,1.9494778,-2.3823402,-6.5012007,-9.792822,-4.353765,2.289361,-4.0997496,-2.9154825,0.9570975,0.36253846,-0.06845264,-0.09750636,-0.0052891294,-0.03655588,0.020429078,-0.090679534,-0.08006458,-0.067293525,-0.0014518686,0.07300364,0.045079257,-0.012650386,-0.1812334,0.09333328,0.03483885,-0.034172796,0.01929119,-0.018339504,0.021781804,-0.02578274,-0.003268158,0.0156672,-0.0058121886,-0.012946452,-0.0019065404,surprised,03-01-08-01-01-02-10.wav
-429.13376,40.78348,-6.922619,-2.155332,-3.651916,-8.737791,-8.689832,-11.481401,-9.146136,-0.1374212,-8.545829,-8.276807,-3.3285735,-0.0073349304,-0.010340482,-0.010248083,-0.010112996,-0.009958678,-0.009809431,-0.0096842535,-0.009592599,-0.009531476,-0.009486906,-0.009437018,-0.00935792,-0.009229414,0.0009791962,0.0013716995,0.0013350177,0.0012823963,0.0012245936,0.0011731804,0.0011379853,0.0011249764,0.0011350019,0.00116371,0.0012025643,0.0012408566,0.0012680829,surprised,03-01-08-02-02-02-10.wav
-541.2133,51.384304,-1.9913619,3.9068868,4.130061,-7.7187157,-11.512618,-16.831387,-5.490235,0.8539548,-6.8502645,-4.911651,-0.76192534,-0.05435048,0.042497553,-0.06564084,0.01432542,-0.04928817,-0.004189983,-0.051723458,-0.006564241,-0.049670484,-0.006996297,-0.03918964,-0.0094893975,-0.020857094,-0.00610008,0.031466886,-0.0014969695,0.011548878,0.0073843463,0.017985122,-0.0031227458,0.011867247,0.0061462116,0.02019668,0.0015633166,0.005982454,0.015309502,neutral,03-01-01-01-02-01-10.wav
-504.37604,46.859726,-13.033638,3.9919806,3.5750587,-8.070892,-4.563449,-14.073465,-6.542047,-1.6981945,-5.5625825,-4.476897,-2.7842555,0.005342597,0.0074824654,0.0074792826,0.007394633,0.007270715,0.0071869404,0.00696625,0.0068313647,0.006580631,0.006335391,0.0060918443,0.00573637,0.0054675224,0.00010103264,0.00014005147,0.00013574702,0.00012742604,0.00011546722,0.00010161052,8.27644e-05,6.238041e-05,3.8041184e-05,1.0569364e-05,-1.8754543e-05,-5.238498e-05,-8.722331e-05,happy,03-01-03-01-01-01-10.wav
-350.38382,22.168152,-24.089972,-1.5148797,-6.0608683,-16.068365,-11.252088,-16.567402,-16.30282,-2.4123826,-12.346526,-11.863238,0.91207516,0.0027209928,0.003846826,0.0038444863,0.0038406064,0.00383521,0.0038282264,0.0038198861,0.0038101007,0.003798941,0.0037864423,0.0037727356,0.003757862,0.0037418862,0.0002747589,0.00038841498,0.00038792333,0.0003871059,0.00038596266,0.00038451733,0.0003827699,0.0003807456,0.00037845175,0.0003759239,0.00037317246,0.00037022194,0.0003671054,happy,03-01-03-02-02-01-10.wav
-549.5522,56.109127,2.035173,9.34057,-0.39742914,-8.137466,-9.939144,-12.575841,-4.9851933,-0.5168188,-4.8387814,-3.720804,0.98026305,-0.5219539,0.027910255,0.17197983,-0.11217503,0.16309902,0.08438816,0.07970419,0.051710013,0.012183396,-0.060759004,-0.014760908,-0.005015132,-0.03631831,-0.018612979,-0.015133062,-0.010388931,-0.011454778,-0.008483773,-0.0052989773,0.00022459892,0.0057276213,-0.0077108275,-0.01281013,-0.003163059,-0.01315724,-0.009840737,neutral,03-01-01-01-01-02-10.wav
-510.3927,52.358643,-11.021526,5.8815145,-3.4479122,-13.537929,-9.505345,-19.779882,-8.268833,0.5983479,-11.007748,-4.7907686,-0.9370418,0.45726097,0.19441567,-0.018591829,0.035662778,-0.13672432,-0.103638224,-0.044093583,-0.13920492,-0.07232043,0.011010355,0.039357398,0.027196633,0.038509063,-0.027402487,-0.0016239153,0.012588865,-0.009554267,0.00024455122,0.004605131,-0.0063501946,-0.0058070603,0.008270534,0.014360236,0.018170334,0.0075631905,-0.0011271933,happy,03-01-03-01-02-02-10.wav
-389.27267,32.408558,-26.381165,-1.0842646,0.14543402,-17.258318,-12.371322,-18.894285,-14.545598,0.38169003,-12.051966,-11.026863,0.36496574,0.0006691636,0.0009457923,0.0009432029,0.00093890814,0.00093288353,0.00092517777,0.0009157421,0.000904639,0.0008918939,0.000877513,0.00086141424,0.0008437807,0.00082454935,-0.00012945023,-0.0001834323,-0.00018428177,-0.00018567222,-0.0001876224,-0.0001901396,-0.00019319558,-0.000196794,-0.00020092528,-0.00020559813,-0.0002107865,-0.00021649276,-0.00022269232,happy,03-01-03-02-01-02-10.wav
-450.70886,54.345684,-21.362358,3.0029736,-2.5676873,-10.298941,-12.558613,-20.105515,-5.133086,-2.5564392,-12.484488,-5.089608,-4.7570996,0.099156596,0.08108551,-0.015105975,-0.019384932,0.037703466,0.010074568,-0.087681234,-0.10027104,-0.021123243,0.02441937,0.007875839,-0.0033491908,0.02608897,-0.0068521877,-0.0061067934,0.00064198097,0.0012161944,-0.0036370177,-0.0012341859,0.0062176436,0.0054646065,0.00063949294,0.0010900545,0.0021706084,-0.00012195243,-0.0024883093,disgust,03-01-07-02-01-01-10.wav
-547.8121,62.277164,-11.830584,14.239296,9.86028,-10.6945095,-12.24324,-25.7019,-4.6056933,2.7516627,-5.7539473,-2.8512251,2.5861728,0.17848285,0.019140566,-0.021153538,0.056652874,-0.12786125,-0.05414777,0.11005652,0.11254573,0.06857386,-0.066366754,0.011855609,-0.019890834,-0.06540188,-0.15828602,-0.032184504,0.06794169,-0.017322406,0.007866568,0.023547925,0.03423199,0.047688074,0.018785851,-0.005138493,-0.010358928,-0.0017091118,-0.008952028,sad,03-01-04-02-01-02-10.wav
-617.0359,68.70589,13.196307,7.48718,3.8583448,-0.4561507,-5.692604,-13.71404,-0.23038454,0.052973304,-7.0742517,-2.8741682,1.6059855,-0.06664137,-0.008974633,-0.032379594,-0.045191392,-0.015754757,-0.047771472,-0.0020021345,-0.04058382,-0.023066312,0.0122652985,0.0021922763,0.0042829397,0.0032958025,-0.002244996,-0.008607492,-0.005581431,-0.0025528814,-0.0024930823,0.001626062,5.3453736e-05,0.0061145877,0.007955811,0.0069545247,0.009462803,0.008807833,0.007695127,sad,03-01-04-01-02-02-10.wav
-580.0727,65.95309,3.9161818,5.080708,4.9359107,-2.4230032,-5.0631156,-14.62768,-0.89788693,4.7323585,-4.4346128,0.15753886,0.06341375,0.08407008,0.090428635,0.003701273,-0.0498387,-0.011145356,0.008563487,-0.028014999,-0.06589798,-0.06349657,0.009477958,0.06472386,0.025697136,-0.016324209,-0.040080555,-0.019940257,0.012708932,-0.004032449,-0.013228362,-0.009797002,0.0019747226,0.015061359,-0.0004482562,-0.0136662405,-0.0021496483,0.0013525436,-0.003280115,disgust,03-01-07-01-02-01-10.wav
-393.29196,37.42764,-14.803538,-2.0039258,-10.825532,-11.668421,-8.092074,-12.388587,-13.540403,-5.169626,-7.4497437,-7.137653,-6.389458,-0.021207524,-0.028378343,-0.0238862,-0.017405739,-0.01003409,-0.0028293803,0.0032419902,0.007305168,0.008707674,0.0072629666,0.0033851212,-0.002055996,-0.008071356,-0.0043766,-0.0062751225,-0.0055434033,-0.0034770481,-0.000995988,0.001767681,0.004312719,0.005365536,0.0054022246,0.005148514,0.0037610042,0.0013943561,-0.0008991714,angry,03-01-05-02-02-01-10.wav
-534.7181,48.85495,-8.730752,6.322406,-2.7332969,-10.209533,-7.318885,-17.622158,-6.549259,-2.5092049,-8.734786,-5.0028377,0.7443526,0.06485534,0.06841915,0.025300717,0.0047728373,0.0072055305,-0.0022312552,-0.035067737,-0.05820054,-0.041153047,-0.0010118884,0.02096086,0.015639825,0.013500157,0.0014601953,-0.0020184773,-0.008096655,-0.0072559495,-0.0013993629,0.0003806845,-0.0039045804,-0.006771026,-0.0033670121,0.0015866635,0.00166905,-0.0020668404,-0.0038442225,fearful,03-01-06-02-02-02-10.wav
-608.37274,55.73641,3.1065104,8.106891,3.4878757,2.0326881,-5.4258604,-12.726156,1.0863323,4.8144736,-3.2712345,0.03148667,0.66502905,0.081255935,0.057610333,-0.035218805,-0.043812413,0.017437594,0.030935895,-0.0401889,-0.09836457,-0.061648976,0.017450182,0.035322536,-0.013530029,-0.04007038,-0.010174804,-0.0065773916,0.006083058,0.007956948,0.0015486921,0.0009552615,0.008439157,0.011371631,0.0025340726,-0.00897692,-0.0119018555,-0.007926854,-0.0057002273,fearful,03-01-06-01-01-02-10.wav
-518.1155,67.98113,-9.445531,10.802843,-2.0825214,-9.911334,-10.25027,-20.9847,-7.0064316,-2.3927772,-3.7619307,-4.3951077,3.599194,0.050101556,0.11642528,0.10081342,-0.021791447,-0.02635817,0.001100258,-0.048645645,-0.04274988,-0.041053336,-0.025303429,0.039093062,0.021071736,-0.04892346,-0.047454562,0.0026749112,0.026123075,-0.0008357107,0.018216508,0.006308028,0.0038463336,0.009079604,0.0080750035,0.001160525,0.00025669922,0.0054197838,-4.963127e-05,angry,03-01-05-01-01-01-10.wav
-492.20914,45.14953,-4.0253487,2.2186325,-3.309884,-5.713071,-7.9491863,-9.225386,-6.007238,-0.4461085,-10.958221,-6.483559,-2.491687,0.007957812,0.011226983,0.011146097,0.011011945,0.010825552,0.010588488,0.010302512,0.009969698,0.009593029,0.00917513,0.008719312,0.008229085,0.0077081327,-0.003409779,-0.0048137563,-0.0047892104,-0.00474864,-0.004692551,-0.0046216385,-0.004536716,-0.004438858,-0.0043291934,-0.0042089988,-0.0040796325,-0.0039424947,-0.0037990604,surprised,03-01-08-01-02-01-10.wav
-475.99533,45.401077,-10.204731,1.4581827,-1.1011555,-7.6377034,-6.3073554,-12.698923,-10.170321,-1.4320084,-6.317785,-6.768,-0.85706365,0.0002427259,0.00014116906,-0.000105321014,0.00012376293,0.0006511764,0.0007436386,7.525106e-05,-0.0008670479,-0.0015079422,-0.0019654469,-0.0027551083,-0.003885067,-0.004710924,0.0039764303,0.0053519225,0.0047972566,0.0043966523,0.0042257025,0.0040172143,0.003666443,0.0034483916,0.0036175258,0.0039869538,0.004127305,0.003921041,0.003683953,surprised,03-01-08-02-01-01-10.wav
-530.5419,34.004772,3.5500555,9.185852,4.4407277,8.999503,-3.9507961,-5.2554193,-7.5055513,8.199636,-1.7384976,-1.0004791,3.836135,-0.6056398,0.20279892,0.023280717,-0.1371155,0.015075555,0.03553704,0.07110255,0.040527433,0.14636794,-0.03957074,0.08433566,0.010428483,0.041242193,-0.055393267,-0.011313125,0.017381364,0.00971743,0.007932841,-0.0094136335,0.0022964608,0.021267708,0.008489987,0.010993034,-0.01604606,0.009523456,-0.0060368744,disgust,03-01-07-02-02-01-17.wav
-539.16754,53.853718,-13.574288,10.628253,7.74055,2.7703204,-1.2468541,-13.059281,-10.986108,6.833075,0.7793336,-5.329584,6.852956,-0.3609617,-0.08280073,0.15639096,-0.047634497,-0.016118705,-0.049413618,0.030237148,0.12269565,-0.015568795,-0.056063753,-0.032856088,0.038591247,0.031770542,0.027390452,0.012065262,0.01198293,0.017514171,-0.010424289,-0.006080759,-0.003189587,0.006242434,0.008152161,-0.009026662,0.0076699196,0.006835117,-0.0050869295,sad,03-01-04-02-02-02-17.wav
-594.5893,67.6659,0.5864589,11.003987,11.4811735,4.8641343,8.608369,-4.438407,-5.4650455,4.6163144,2.4595273,0.683611,6.8485994,-0.015194318,-0.009560642,0.008592768,0.008072329,-0.010813795,-0.027869541,-0.023201015,-0.0013723058,0.009491119,-0.0013798467,-0.013372206,-0.007729101,0.012039187,0.008479908,0.0091440445,0.0049254396,0.0051013036,0.008720481,0.01059405,0.0073588146,0.0017809599,2.3784227e-05,0.00253334,0.003970632,0.002122234,-0.0003893565,sad,03-01-04-01-01-02-17.wav
-602.2244,52.795216,4.488655,15.993023,7.9604845,4.2464266,3.8747706,0.28712803,-2.4634445,4.8021703,-0.24239731,0.3198757,3.4918513,-0.005274761,-0.0074836086,-0.0075499984,-0.0076585794,-0.0078064217,-0.007989197,-0.008201065,-0.008434859,-0.008682013,-0.008932533,-0.009175243,-0.009397984,-0.009588046,-0.0022642957,-0.0031781772,-0.0031062667,-0.0029884232,-0.0028274914,-0.0026273113,-0.002392508,-0.0021283003,-0.0018402596,-0.001534225,-0.0012158259,-0.00089055946,-0.0005635267,disgust,03-01-07-01-01-01-17.wav
-446.66174,44.11984,-12.628798,11.272433,6.6586237,-2.3296175,2.868333,-1.3336437,-7.8111663,2.7443476,-4.4506087,-3.4525635,3.922783,-0.0072272094,-0.010276592,-0.01034585,-0.010259022,-0.009979065,-0.009649631,-0.009424241,-0.009284224,-0.0090656215,-0.008662435,-0.008159385,-0.0077335155,-0.007442948,-7.049611e-05,-6.0910814e-05,9.34964e-06,2.8016551e-05,-2.38987e-05,-7.835919e-05,-6.277435e-05,1.2039349e-05,6.497025e-05,4.2924818e-05,-1.4819846e-05,-2.4243696e-05,4.156733e-05,angry,03-01-05-02-01-01-17.wav
-439.9635,31.649323,-7.5788064,6.162613,3.954988,1.0610714,-1.4179009,-1.2168574,-4.004846,1.5954586,1.4388154,-2.8479772,2.4386725,-0.0020461942,-0.0028870387,-0.0028657855,-0.002830541,-0.002781329,-0.0027184102,-0.0026419384,-0.0025521982,-0.002449486,-0.002334266,-0.0022068645,-0.0020677436,-0.0019174081,-0.00087444234,-0.0012362018,-0.0012357264,-0.0012349223,-0.0012337939,-0.0012323087,-0.001230456,-0.0012282139,-0.0012255511,-0.0012224452,-0.001218855,-0.0012147515,-0.0012100916,fearful,03-01-06-02-01-02-17.wav
-433.25504,31.592743,-4.991961,7.805425,2.4692154,3.434323,1.3787805,-1.6571409,-5.621179,3.5171003,0.32468623,-2.7346523,3.2106917,0.0016106283,0.0022790509,0.0022848821,0.002294768,0.0023084993,0.002326042,0.0023473508,0.0023723713,0.0024009023,0.0024330632,0.0024685108,0.0025071672,0.0025489284,-4.6948717e-05,-6.4933374e-05,-6.0289527e-05,-5.2563704e-05,-4.178561e-05,-2.801874e-05,-1.1293751e-05,8.314279e-06,3.0745083e-05,5.587271e-05,8.3636325e-05,0.00011390865,0.00014657275,fearful,03-01-06-01-02-02-17.wav
-568.7948,56.275955,-2.8641253,16.210632,10.341205,-0.20120278,9.284495,-5.1839876,-5.9393716,5.027119,-2.776834,-0.06047694,7.169597,-0.16154715,-0.12580623,0.035611812,0.08725134,0.052948143,-0.002249351,-0.008859207,0.054382715,0.070697196,0.00045415072,-0.046007574,-0.047393825,-0.034340564,-0.010116895,-0.00976804,-0.0034084595,-0.0037916608,-0.0064887633,-0.0035170775,0.003429908,0.0065828096,0.003456954,-0.00020872286,-4.638464e-06,-0.0004258324,-0.005732292,angry,03-01-05-01-02-01-17.wav
-560.2413,43.53539,-1.8488518,7.772685,5.6617327,3.2767026,1.0169655,-4.465504,-5.1483173,-0.09680363,-1.4298104,-5.039868,1.6746947,0.02930248,0.041332997,0.04101768,0.04049687,0.039777804,0.03887027,0.037786413,0.036540546,0.035148684,0.033628255,0.031997863,0.030276421,0.028483436,0.008228004,0.01158242,0.011422386,0.011158331,0.010794179,0.010335268,0.009788345,0.009161341,0.008463261,0.0077039986,0.006894141,0.0060447957,0.0051673544,surprised,03-01-08-01-01-01-17.wav
-451.5745,33.759045,5.180044,9.241871,-1.3843293,2.4383843,0.67528605,0.96156526,-4.223878,0.7987751,-0.40419397,-3.6614516,-1.4511119,-0.029748084,-0.040127132,-0.03481825,-0.027438372,-0.019465273,-0.012109917,-0.006267025,-0.0027060253,-0.0021200853,-0.0048434366,-0.010452629,-0.017671866,-0.024780318,-0.0020720398,-0.0032015403,-0.003922594,-0.004875444,-0.0058369334,-0.0066626156,-0.0072763767,-0.0076058437,-0.0075545153,-0.007056793,-0.0061679753,-0.005093617,-0.004111506,surprised,03-01-08-02-02-01-17.wav
-626.3087,68.77038,6.123121,16.59997,12.538299,6.208741,12.122707,-5.6712246,-6.6812954,6.1465163,0.07691162,0.6434047,5.7245355,-0.15110697,-0.061014403,0.10942267,0.053399608,-0.057004724,-0.09726982,-0.027351005,0.093254775,0.05780731,-0.06053901,-0.045680415,-0.0016035652,-0.016501125,0.014388847,0.010651499,0.0016065502,0.007529524,0.01348843,0.012705759,0.006765171,0.0023789962,0.008212436,0.011476046,0.0035060581,0.0006952095,0.005264829,neutral,03-01-01-01-02-02-17.wav
-579.5533,56.864445,-1.7325172,14.813868,11.037873,6.269977,2.2304752,-7.3029976,-5.016215,6.15389,0.46992272,-4.959186,4.7066965,-0.23686947,-0.08768493,0.17070018,0.07557428,-0.05252616,-0.07566694,0.006395957,0.10038004,0.0009340336,-0.11990259,-0.047894247,0.06648401,0.03332501,-0.018909136,0.020577788,0.03401578,-0.009656123,0.002448447,0.017182926,0.0068031917,0.00771662,0.010215313,0.00011118487,-0.0023252103,0.005255154,-0.003632681,happy,03-01-03-01-01-02-17.wav
-493.38986,36.77482,-2.4481893,2.3409157,-0.34594783,3.6381967,-3.7313406,-7.8429112,-7.3500376,-1.3226568,-3.6178231,-5.669362,-0.6605527,-0.08686661,-0.019631037,0.05251469,0.0013843193,-0.044843454,-0.07082276,-0.012972052,0.022146102,-0.012660038,-0.027809631,-0.027496407,-0.0059190784,-0.0078000384,-0.024027847,-0.011252118,0.004645201,-0.0017026692,-0.0031057582,-0.006207396,0.0075711245,0.017346496,0.0022608344,-0.0081787035,-0.0054539074,-0.0012353673,-0.0056502386,happy,03-01-03-02-02-02-17.wav
-643.41547,74.270744,10.128962,19.266329,17.357733,7.3468747,10.001107,-5.4697943,-4.187753,6.5542226,-0.9718298,0.68910354,5.4083524,-0.09415188,-0.11922436,-0.08564232,-0.0496585,-0.023795117,-0.009920695,-0.0041724574,-0.0032395627,-0.0047712442,-0.005523673,-0.0030271634,0.001590407,0.0053325505,0.02255144,0.02851439,0.02001464,0.010195765,0.0025321217,-0.0017398467,-0.0034461338,-0.0038687917,-0.0037200975,-0.0033626426,-0.0030702883,-0.002722265,-0.0019107526,neutral,03-01-01-01-01-01-17.wav
-577.4067,53.992435,-0.9469043,13.104203,9.927899,1.5296686,4.818401,-7.331412,-7.351755,2.7587748,-1.0207433,-3.0734956,5.6586614,0.013039348,0.018112538,0.018051198,0.017835764,0.016221955,0.01496034,0.014714381,0.013590826,0.011665306,0.010220286,0.0093427785,0.008483073,0.0071782335,-0.0024615098,0.00047545115,0.0012799263,-0.002242869,0.0007890415,0.0025227673,0.00089480716,0.0026638205,0.003564632,0.0037730949,0.0051083057,0.004840843,0.0057256287,happy,03-01-03-01-02-01-17.wav
-499.1761,41.350513,0.9967068,5.921628,-1.0114537,-0.22103256,-3.1113482,-3.8604653,-5.553369,-0.20316271,0.6400574,-3.0265372,-0.5295208,0.14705113,0.20705447,0.16387871,0.035344873,-0.12726443,-0.21255128,-0.15757363,-0.01662408,0.08746079,0.09155744,0.036810633,-0.0060338206,-0.007751684,0.0005228764,0.00018363117,-0.0020672637,-0.00635375,-0.008567505,-0.0031400705,0.005762454,0.007949985,0.0028670167,-0.0010887984,0.00043235486,0.0032746806,0.0014652902,happy,03-01-03-02-01-01-17.wav
-541.98645,58.271225,-9.036556,8.323259,11.543167,6.1027365,2.2123795,-9.480306,-7.110378,9.1999445,4.1514883,-0.7134835,6.4728413,0.005677997,0.009702958,0.033950906,0.08405245,0.07756686,0.033104602,0.03385754,0.020245114,0.026125023,0.05761287,0.011394189,-0.011094147,0.027424222,-0.030836739,-0.016655967,0.00484899,0.00094637537,0.001980065,-0.0051263003,0.0038682034,0.021110378,0.01177177,-0.0047661257,-0.010305289,-0.007323709,-0.008041013,sad,03-01-04-02-01-01-17.wav
-544.763,44.693695,6.442477,8.703506,6.180235,4.227541,-4.390126,-2.514524,-4.325866,4.4793158,-4.9997444,-1.5314559,2.6212525,-0.013307529,-0.0056939865,0.012387975,0.0067415237,-0.011342054,-0.009525855,0.011738003,0.019892136,0.00435267,-0.006197278,0.007905038,0.024505667,0.017239157,0.009257778,0.011830389,0.009885019,0.009881226,0.011063915,0.010488275,0.007827926,0.0060547423,0.00663664,0.0070724487,0.0050926176,0.00258428,0.0024006777,disgust,03-01-07-02-01-02-17.wav
-606.3514,60.87057,6.207551,15.446459,8.91234,11.426212,10.660781,-4.252827,-4.748149,9.308038,-1.7442439,-0.67669815,5.930463,0.033730615,0.0415176,0.029062847,0.02156557,0.022582881,0.0245725,0.018707778,0.0060317437,-0.0034301202,-0.0024855027,0.004650672,0.007275215,0.00075447006,-0.011213732,-0.012649138,-0.0066518625,-0.0043686493,-0.0073185535,-0.0102552185,-0.0076130526,-0.00037281995,0.004950512,0.003953506,-0.0005979633,-0.002313175,0.0010747736,disgust,03-01-07-01-02-02-17.wav
-633.9332,72.08551,3.6037407,19.79301,11.057418,5.7668023,12.411337,-4.7705545,-6.4159546,4.799714,-3.0498452,-1.1222653,6.8557043,-0.26426578,-0.022931483,0.18238899,-0.053338263,-0.05434171,-0.00926741,-0.0076269857,0.08879997,0.011013849,-0.06162835,0.022133172,-0.0052285627,-0.032606132,-0.033105224,-0.018990783,-0.0012062648,-0.0062344507,-0.0037916047,-0.0008965096,-0.012091897,-0.0134428535,-0.0072455895,0.004454125,0.004916259,-0.0030567183,0.0040888214,sad,03-01-04-01-02-01-17.wav
-453.9747,33.316418,-6.158022,4.653771,3.092502,3.2903783,-1.6199058,-2.5744977,-6.7018275,2.154419,1.6111243,-3.4074476,1.989142,-0.06367445,-0.02253819,0.06666911,0.05001509,-0.018433109,-0.031340845,0.034557763,0.089954644,0.045439355,-0.026254222,-0.01815188,0.023436911,0.026228,0.0077483277,0.005964507,-0.0002225255,0.0003550956,0.002716441,0.0025353166,-0.0009954508,-0.004788459,-0.0025323112,0.002234693,0.0024650053,0.001770159,0.0024424423,fearful,03-01-06-02-02-01-17.wav
-438.70746,42.740883,-18.446583,13.064196,5.8443236,-2.8793333,1.2530917,-6.118626,-12.818413,3.1956334,-4.280478,-5.834002,4.8926754,-0.11284154,-0.01455179,0.081810325,-0.038473174,-0.060524233,-0.0063185925,-0.009454431,-0.007413434,-0.004785026,0.0035659287,0.0072958875,-0.012829548,0.006712649,-0.005060359,0.0025321797,0.00815964,0.0014286848,0.0012972064,-0.0012969404,-0.0031966683,0.007798493,0.008314071,-0.004883958,-0.00543028,0.0024747893,0.0027166794,angry,03-01-05-02-02-02-17.wav
-594.48914,65.46622,4.326873,15.879797,11.388667,5.0765076,7.6904745,-1.9026371,0.55219054,7.15906,-1.3409593,1.4464381,5.230456,-0.095108986,-0.026057243,0.14196531,0.17664707,0.11743279,0.023712475,-0.04222079,-0.04948315,0.0369627,0.01582402,-0.055556335,-0.057378493,-0.00995863,-0.23513837,-0.13633043,0.054898243,0.011556799,0.014767146,0.022400018,-0.014818879,0.0021538497,0.0005671084,-0.028129125,0.009154487,0.009970667,-0.008144971,angry,03-01-05-01-01-02-17.wav
-556.2728,56.37991,-2.377074,9.249948,14.1540985,11.603291,4.296411,-8.402614,-7.5673804,5.585204,3.995218,-2.2150671,3.9914556,0.06719503,0.0020645142,-0.07892316,-0.03731116,0.010034066,0.027651634,-0.028066825,-0.08366281,-0.046606794,-0.010120862,-0.025134671,-0.042985674,-0.032653987,-0.031562015,-0.004713033,0.034931257,0.02070795,-0.0037904708,-0.012928394,0.012474523,0.037658703,0.021770535,-0.001128192,-0.0031875912,0.003961147,0.004653581,fearful,03-01-06-01-01-01-17.wav
-567.5041,54.492767,3.1281898,11.667905,3.9791687,9.5031185,5.1726265,-6.3126535,-6.5232997,5.2628307,1.7869259,-1.7644805,2.212773,0.05175986,-0.079436645,0.077921614,0.020664874,0.033629816,-0.0656055,0.026575262,0.018514557,0.085640974,-0.012918581,-0.02832862,-0.05158695,0.020065133,-0.051825177,-0.04074659,0.033204176,-0.0037299946,0.00623486,-0.010550652,0.0024485355,0.019450674,0.0138999475,-0.023955803,-0.002590589,0.010037405,0.008659953,surprised,03-01-08-01-02-02-17.wav
-484.9677,39.593258,2.3516064,10.072573,4.4900174,6.7035904,2.7526236,-1.6916201,-2.5209153,2.7781165,2.1745906,-1.3063803,2.6740136,-0.11136152,-0.12102988,-0.048652228,-0.00037616753,0.012812968,0.018320618,0.027656555,0.029687459,0.01982112,0.00351979,-0.017799066,-0.041378926,-0.055729706,0.0012377013,0.0006629086,-0.0010679698,-0.0021677646,-0.004193837,-0.007078756,-0.0068897773,-0.0022327593,0.0018891197,0.0012146066,-0.001122851,0.00014439647,0.004077113,surprised,03-01-08-02-01-02-17.wav
-485.4603,38.73135,-5.7136254,4.8874784,-0.5471612,5.1731634,-4.663788,-9.0268345,-7.2447753,-0.027366592,-0.9045577,-6.4002786,1.0298612,-0.0013626762,-0.0019231287,-0.001908711,-0.0018849135,-0.0018517749,-0.0018094815,-0.0017582438,-0.0016983459,-0.0016301434,-0.001553962,-0.0014702608,-0.0013795047,-0.0012822384,0.0013651936,0.00034864497,-0.0022177177,-0.0023242466,-3.6523208e-05,0.0013460002,-5.1328116e-05,-0.0022199682,-0.0022234642,-0.00019686489,0.0011311355,0.00024709938,-0.0014352206,happy,03-01-03-02-02-01-17.wav
-610.1369,61.73306,5.957527,14.201258,11.472875,7.9942775,3.772366,-5.5965853,-3.750156,2.536601,-0.45057598,-1.196938,3.949305,-0.08785766,-0.05114329,0.053915817,0.039783094,-0.0483109,-0.06487778,0.013830643,0.067608766,0.015876302,-0.061441,-0.05942378,-0.009498317,0.0042017745,-0.0049355696,-0.0017985948,0.0028705406,0.00045656998,-0.0030461366,-0.00887596,-0.010307103,-0.0005258139,0.0039542355,-0.0031821572,-0.0067342147,-0.004450149,-0.0007480123,happy,03-01-03-01-01-01-17.wav
-635.13477,70.68799,8.320676,17.101685,13.083545,5.285191,10.842829,-4.535258,-6.748482,4.712247,-1.4344004,-0.66278255,6.0088053,-0.06635613,-0.05556882,0.0002645783,-0.008975427,-0.059263054,-0.0623392,-0.0076760487,0.025594521,-0.0014616353,-0.030629275,-0.0073350817,0.0336056,0.032506414,0.004610327,0.0032703576,-0.0016266162,-0.0010501706,0.0037290023,0.005523666,0.0022839766,-0.0005792788,0.0008842444,0.003729373,0.0036680999,0.0014006674,0.00018899962,neutral,03-01-01-01-02-01-17.wav
-616.10614,57.966923,5.3546352,18.125034,13.297171,5.6371384,8.387172,-6.558273,-2.407176,5.8679104,-3.2523603,-0.06225197,7.1696715,-0.31507346,-0.046310175,0.2367169,-0.023462234,-0.07805424,-0.016228894,0.012931886,0.08638467,0.025501352,0.015505853,0.06838119,0.010354572,0.048773255,0.014448191,-0.0031129052,-0.016840544,-0.0020268804,-0.0012220829,-0.0044864714,-0.0044421963,-0.009183154,-0.008302358,-0.0063517024,-0.003137451,-0.0039888727,-0.0077327387,angry,03-01-05-01-02-02-17.wav
-509.456,61.376415,-8.839116,10.134284,11.146511,6.242722,2.201151,-10.7745,-11.233102,7.8054743,2.9656296,-2.4225447,8.100012,-0.8763422,-0.34855068,0.11169887,0.0082963435,0.0835355,-0.014445336,0.04198429,0.2018464,0.052316044,0.002995759,0.009105227,-0.01564638,-0.056376338,0.0023010916,0.0011846785,-0.0011288014,0.005050644,0.0028075003,0.00053647766,0.0011514706,0.0019393957,-0.0029245447,-0.007631692,0.0028912725,0.009048837,-0.00017306238,fearful,03-01-06-01-02-01-17.wav
-398.91257,30.023468,-4.879326,7.091316,3.7345703,3.4802976,0.8237066,-2.6026344,-3.2756734,1.4539975,1.1734152,-2.4282217,-0.14666963,0.14121132,0.010553503,-0.045759987,0.016455045,-0.0044346927,0.02324925,-0.019477963,-0.05382687,-0.0023104667,0.0043636085,0.010661466,-0.014697689,-0.0021799654,-0.026390726,-0.00657399,0.01797805,-0.0014362916,0.0016047865,-0.010555593,0.0026596948,0.024923498,0.008049297,-0.0033007183,-0.0054465295,0.0010759399,-0.003574036,fearful,03-01-06-02-01-01-17.wav
-388.09854,40.811184,-15.649464,9.209648,3.6600568,-7.2018924,1.4131637,-4.551252,-10.416011,4.4034433,-3.6672924,-3.9561958,4.3246593,0.0047398917,0.010009529,0.024665074,0.020859808,-0.0031772638,0.007570089,0.02621213,0.012755782,0.00020989128,0.0044790586,0.015601472,0.015296575,6.894887e-05,-0.0061595202,0.003380897,0.008995832,-0.0005845476,0.0011012984,0.0011642257,0.0009970665,0.0075015933,0.003160313,-0.00016795256,0.005342021,0.0039949957,0.003983465,angry,03-01-05-02-01-02-17.wav
-614.9007,59.88457,11.601456,17.549051,11.184234,5.7949724,5.1088867,1.7587547,-2.2189984,4.16399,-0.14656013,-0.032818317,4.623698,0.009619331,0.014434529,0.01612091,0.017097378,0.016709637,0.015887046,0.016104227,0.017753432,0.019680072,0.020379812,0.01956712,0.018432224,0.018319165,-0.0016310513,-0.0023874342,-0.0025231473,-0.0025107234,-0.0022715032,-0.0019396015,-0.0017213896,-0.0016782299,-0.0016662531,-0.0014973894,-0.0011469305,-0.0007835025,-0.0005903013,disgust,03-01-07-01-01-02-17.wav
-608.63434,67.91341,-2.6763542,12.063808,11.49799,4.7372723,9.130805,-6.4666495,-7.8018966,5.048292,4.362212,0.8087415,5.8125114,0.043175846,0.058129318,0.053025022,0.05227959,0.056819543,0.059738796,0.05395461,0.04108659,0.029944308,0.025692597,0.023742868,0.016862888,0.005944348,-0.0017746979,0.0005222589,0.0058157803,0.0067189145,0.0022373649,-0.001718135,-0.00012673748,0.0050107837,0.0076271566,0.004899395,0.00040425596,-0.00028261487,0.0035181127,sad,03-01-04-01-01-01-17.wav
-532.9795,57.797268,-14.447856,13.213606,7.329324,4.155716,1.2125369,-12.97953,-10.216127,5.6420403,3.3270385,-3.5230174,7.1566067,0.021545019,0.016503945,-0.010969052,-0.012391653,0.022551242,0.04324232,0.021822056,-0.0060248864,-0.004923087,0.020722609,0.032885186,0.0064266156,-0.020594973,-0.008806543,-0.0029367667,0.012232158,0.010516078,-0.0043625482,-0.008431396,0.0027962923,0.011668706,0.005659903,-0.0052852044,-0.006346469,-0.0007188962,0.0029609432,sad,03-01-04-02-02-01-17.wav
-542.7193,38.76492,10.153911,9.869172,4.729287,6.4907994,-2.1681492,-5.41093,-5.7098694,5.5095983,-2.989245,-2.404049,2.8111851,-0.25048658,-0.062357496,0.18958113,0.06703398,-0.004665346,-0.02603527,0.037938684,0.15911123,0.06564552,-0.046919987,-0.003571769,-0.005240032,-0.026967255,0.015444353,0.0028250061,-0.008100022,0.0018322803,-0.0016670934,-0.0017899296,-0.0009293245,-0.007084037,-0.0037475284,0.0011881763,0.00014688201,-0.00019887823,0.0006938831,disgust,03-01-07-02-02-02-17.wav
-468.19852,32.91342,5.056079,7.3331466,-0.65768015,3.7178867,-0.58324105,1.4114872,-4.433888,0.118382074,0.59676516,-3.2516272,-0.85536134,-0.016925089,-0.023894615,-0.023769718,-0.023562625,-0.023274584,-0.022907568,-0.02246398,-0.021946777,-0.021359306,-0.020705516,-0.019989612,-0.019216213,-0.01839034,-0.0037674732,-0.005318592,-0.005290181,-0.0052430145,-0.0051774425,-0.0050938963,-0.0049929493,-0.00487527,-0.0047416557,-0.0045929626,-0.0044302023,-0.004254416,-0.00406674,surprised,03-01-08-02-02-02-17.wav
-561.74585,45.268932,6.7633142,13.041379,5.400476,7.017509,5.5638437,-0.5118653,-1.8083422,3.1117315,1.1664808,-0.26284006,3.6458304,-0.026043352,-0.03668587,-0.036253624,-0.035548847,-0.034594446,-0.033420287,-0.032062046,-0.03055917,-0.02895269,-0.027283723,-0.02559083,-0.02390916,-0.022268802,-0.0015571087,-0.0022092292,-0.0022300116,-0.0022623008,-0.0023027263,-0.0023469094,-0.0023899241,-0.0024265538,-0.0024517938,-0.002461107,-0.002451003,-0.002419057,-0.0023642436,surprised,03-01-08-01-01-02-17.wav
-527.9911,58.093357,-2.4987073,9.931731,9.660175,6.1495433,3.5511718,-5.9949427,-7.525609,5.764008,3.7954252,-2.133995,6.033367,0.066809446,0.026958946,-0.04827689,-0.04274501,-0.030785365,-0.022831948,-0.031644605,-0.0555199,-0.026036553,0.0013253104,-0.026840627,-0.018148985,0.019219352,-0.036822874,-0.02023222,0.023260258,0.027574489,0.012826045,0.0037815901,0.016346084,0.037492353,0.029150976,0.007919216,0.0065279333,0.0063012657,9.139642e-05,fearful,03-01-06-01-01-02-17.wav
-641.7649,54.49306,7.0726757,15.5961275,14.794381,6.824033,6.8121657,1.3340626,1.8020953,4.6208544,1.4182926,2.933359,6.208747,0.03950704,0.054996133,0.052440032,0.048402797,0.04319426,0.037202194,0.030853488,0.02457262,0.018743303,0.013676135,0.009587453,0.006589012,0.004690088,0.00087509153,0.0010966269,0.0006923294,7.810036e-05,-0.0006664387,-0.0014475059,-0.0021711262,-0.0027562093,-0.0031448982,-0.0033084473,-0.0032479302,-0.0029902193,-0.0025803368,angry,03-01-05-01-01-01-17.wav
-466.1172,47.087505,-9.3294735,8.377161,6.12285,-3.6829884,2.4693828,-0.44208783,-11.773795,2.1289046,-3.5406961,-3.952903,4.077891,-0.013288558,-0.018794138,-0.018747585,-0.018558478,-0.018203104,-0.017759664,-0.017322043,-0.016895987,-0.016400015,-0.015768945,-0.015039979,-0.014318308,-0.013664128,-9.6989286e-05,-0.00012009615,-9.7071286e-05,-0.00012166029,-0.00020836873,-0.0003149555,-0.00039039145,-0.00043262646,-0.0004890299,-0.0005988376,-0.00074482267,-0.00087081664,-0.00094465085,angry,03-01-05-02-02-01-17.wav
-425.13553,28.831585,-8.427588,5.738923,3.1494358,4.5526934,-2.9508152,-2.479055,-5.478449,-0.37851027,2.8324845,-3.10255,2.6218688,0.024143448,0.0341659,0.034019288,0.03357706,0.03328231,0.03347572,0.033599634,0.032879222,0.03165701,0.031116623,0.031495728,0.031528026,0.030241432,-0.0034949593,-0.0048377714,-0.0046985536,-0.0047542197,-0.0048941546,-0.0048456467,-0.004635903,-0.0045629106,-0.0047036074,-0.0047694803,-0.00456905,-0.0043326467,-0.004353872,fearful,03-01-06-02-02-02-17.wav
-590.1187,64.28956,-2.4364867,14.269321,7.102041,4.4800534,7.944392,-4.0307727,-7.172329,4.212894,0.736656,-1.4158323,6.247197,0.04347581,0.04695907,0.026360787,0.020212894,0.024495993,0.038774908,0.041126955,0.012291676,-0.011486726,-0.0015402818,0.020927258,0.0343209,0.023797508,-0.0007469471,0.002693482,0.009501188,0.010759492,0.0050693466,0.0007744065,0.002922376,0.00672932,0.006170868,0.0012603143,-0.0024147094,-0.00037052386,0.0038190116,sad,03-01-04-01-02-02-17.wav
-582.4461,48.863873,5.6797347,13.83985,9.732798,5.5043063,4.643978,-3.567576,-3.9662294,5.644174,-1.9080119,-1.7453903,4.316178,-0.09216527,-0.050682463,0.06732066,0.057860807,-0.04613351,-0.089551665,-0.011856853,0.07875251,0.056431968,-0.03289574,-0.05143661,0.012567504,0.06214128,0.013642141,0.009586607,-0.0039133932,-0.0020434237,0.008663574,0.011296242,0.0017702928,-0.0073984233,-0.003591607,0.0053814556,0.0041401726,-0.003785443,-0.0066999593,disgust,03-01-07-01-02-01-17.wav
-543.04376,39.17172,7.284026,9.059318,4.559974,4.443625,-3.0651312,-1.160175,-2.8612046,4.8887725,-4.1968455,0.512867,2.8401182,0.01584885,0.022298498,0.021954196,0.021388745,0.020614263,0.019647326,0.018508313,0.017221052,0.015811993,0.014309542,0.012743206,0.01114296,0.009538222,0.0007082499,0.0009852294,0.0009366988,0.0008572694,0.0007491623,0.0006153027,0.0004593311,0.00028540636,9.815903e-05,-9.757477e-05,-0.00029677612,-0.00049452076,-0.0006860426,disgust,03-01-07-02-01-01-17.wav
-557.65906,55.78794,-8.522721,12.111011,9.804062,1.1556833,3.0540059,-6.903962,-8.128246,5.9532204,1.1419591,-1.4098365,5.407528,-0.012168884,-0.0038957596,0.010614539,0.0035144568,-0.008338255,-0.008728099,0.0024410666,0.0102480175,-0.0009581089,-0.012828261,-0.0052378178,0.002884978,-0.0021033227,-0.007883543,-0.007195875,-0.000795722,-0.0018053778,-0.008134617,-0.008317108,-0.001623182,0.0022235706,-0.002429971,-0.008072006,-0.005134578,0.00056801364,-0.0007140547,sad,03-01-04-02-01-02-17.wav
-505.7452,36.266914,4.1524763,12.930088,3.9361627,4.2173977,3.9895647,1.9202371,-0.5649818,1.4699268,1.3139524,-1.8042704,-0.8754875,0.0002973968,0.00046424617,0.0005956538,0.00081114675,0.0011056034,0.0014720353,0.0019020317,0.0023858687,0.002912886,0.0034720353,0.004051844,0.004641092,0.0052289926,-0.0016188248,-0.0022861257,-0.0022766318,-0.0022610528,-0.0022397977,-0.0022133305,-0.0021822457,-0.0021471872,-0.002108825,-0.0020677794,-0.0020246692,-0.0019799906,-0.0019341632,surprised,03-01-08-02-01-01-17.wav
-553.6738,39.75291,5.814755,11.754298,1.9084468,8.718876,1.6656218,-6.803348,-5.881535,2.2232704,-1.8675016,-5.355981,0.03556071,0.006449451,0.00905907,0.00887977,0.008584781,0.008179658,0.0076719606,0.0070712273,0.0063885204,0.0056362543,0.0048278915,0.0039775665,0.0030999053,0.002209482,-0.0010138473,-0.0014188273,-0.0013741401,-0.0013005896,-0.001199621,-0.0010731416,-0.0009236356,-0.0007539906,-0.0005675636,-0.0003680301,-0.00015939752,5.4116117e-05,0.0002681221,surprised,03-01-08-01-02-01-17.wav
-417.975,33.882317,-4.2771435,3.581803,0.16259904,1.3603492,-2.0349865,-5.9920883,-6.419454,-1.2584411,-1.7545136,-4.137938,-1.4698563,-0.04151494,-0.01384248,0.043479748,0.029508779,-0.021941546,-0.04704689,-0.01577843,0.036144644,0.030269839,-0.022087049,-0.034820475,-0.004245544,0.016885282,-0.012064456,-0.009310685,0.0038207679,0.007138451,0.00052850123,-0.00412148,-4.9421342e-05,0.006692462,0.007703125,0.0029309874,-0.0023157885,-0.0041382825,-0.0023692108,happy,03-01-03-02-01-02-17.wav
-550.58545,63.863407,-4.448419,13.594885,4.8513756,6.507198,1.8665656,-15.731583,-7.7440457,2.7967021,-0.7166384,-4.8513756,5.0106673,-0.743271,-0.12100868,0.30477607,-0.103490554,0.017592635,-0.07749594,0.1394659,0.253607,0.11060159,-0.020352557,-0.08468728,0.08633277,0.046886396,-0.034321193,0.0027264333,0.0033600978,0.008513148,0.01033978,0.0050726505,-0.012518378,-0.0065347524,-0.003743773,-0.002596431,0.01589744,-0.006183733,-0.007114013,happy,03-01-03-01-02-02-17.wav
-646.3001,68.106094,6.5149803,18.003637,14.267371,4.8580866,10.486649,-0.8842274,-3.3458776,4.516688,1.673311,0.225611,5.887637,-0.014019088,-0.01869823,-0.01563615,-0.011494952,-0.0073723067,-0.0042482084,-0.00268519,-0.002696612,-0.0038189667,-0.005346172,-0.00662407,-0.0072877905,-0.007352106,0.0023577923,0.003085225,0.0024032719,0.0014604859,0.0004808824,-0.0003299066,-0.0008437791,-0.001038035,-0.0009845331,-0.0008076153,-0.000629114,-0.0005233069,-0.000497665,neutral,03-01-01-01-01-02-17.wav
-463.18295,24.793516,-25.707607,0.52359486,-9.254231,-13.261864,-11.202356,-17.998287,-5.264429,-5.4458246,-9.750963,-11.561937,-6.168905,-0.060378186,-0.026096765,0.009757621,-0.016904304,0.020287074,0.0362528,-0.011717574,-0.01717283,0.0065951203,0.012394934,0.0055987,-0.021163167,-0.037318904,-0.017729621,-0.02829664,-0.002947462,-0.003048496,-0.016545614,0.0027170356,0.02186769,0.018722612,0.0051229554,-0.0051647844,0.01016673,0.01041722,-0.009748592,happy,03-01-03-02-02-02-04.wav
-598.9671,39.636375,-20.287094,5.7025824,-6.8105197,-11.35649,-5.1394043,-15.260247,-8.590344,-2.932332,-7.2160583,-7.563582,-6.929523,0.00055609806,0.0006200753,0.00027934555,7.994658e-05,0.00019494849,0.00048329472,0.0006189533,0.00039760116,-6.852742e-05,-0.00045219122,-0.00051276514,-0.0003115087,-0.0001384012,-0.00025429757,-0.00033346188,-0.00025574677,-0.00013291601,1.831265e-05,0.00017012178,0.00029073664,0.00035592387,0.00035690248,0.0002997046,0.00019801344,6.650554e-05,-7.998408e-05,happy,03-01-03-01-01-02-04.wav
-726.7585,46.6224,-3.2128232,2.1592417,-5.93375,-4.6862373,-8.642963,-14.1078415,-9.158596,-5.6859665,-5.028535,-8.541236,-6.1935973,0.13144618,0.1506927,0.082202315,0.03135214,0.008488744,0.00085703307,-0.0018778392,-0.0058387485,-0.016105311,-0.025057867,-0.027599934,-0.023185028,-0.016517462,-0.005234913,-0.0053875344,-0.001988874,6.309322e-05,0.00091168797,0.001037407,0.0010540724,0.001215368,0.00071362674,-0.00062979973,-0.0017497301,-0.0029715062,-0.0040763565,neutral,03-01-01-01-02-02-04.wav
-558.1368,28.355152,-11.212071,-0.30566198,-10.303314,-10.182581,-7.7437744,-16.63668,-9.197367,-6.4138184,-4.8877254,-7.786608,-8.337311,0.0070292153,0.009809807,0.00942571,0.008802974,0.007966537,0.006948242,0.0057849884,0.0045161694,0.0031817437,0.0018200683,0.00046697617,-0.0008448029,-0.0020863088,0.0010777807,0.0015113067,0.0014723619,0.0014071326,0.0013153362,0.0011968081,0.0010518424,0.0008814343,0.0006875833,0.00047353745,0.00024396201,4.9285095e-06,-0.00023619454,angry,03-01-05-01-02-01-04.wav
-552.1154,26.722322,-11.747662,-1.1329128,-6.9620004,-7.84423,-5.9756184,-15.200843,-11.389807,-4.245503,-7.252174,-7.878588,-6.944064,0.039195355,0.053782985,0.049076512,0.041971385,0.033421528,0.02449239,0.016165936,0.009178492,0.003923912,0.00043993632,-0.0015278689,-0.0024041876,-0.002642339,0.0055731996,0.007642956,0.0069632814,0.00594455,0.0047331396,0.0034907942,0.0023637994,0.0014575378,0.00082201086,0.0004505976,0.0002913948,0.00026746004,0.00029993535,fearful,03-01-06-01-02-02-04.wav
-445.38785,16.975613,-17.705778,-2.5899856,-10.445666,-5.972775,-5.137366,-13.530623,-10.611827,-5.4091887,-6.0235505,0.008023632,5.2528005,0.0,1.29751605e-08,0.0,0.0,0.0,0.0,-6.4875803e-09,2.5950321e-08,-1.29751605e-08,0.0,-8.109476e-09,0.0,-1.29751605e-08,2.0273688e-10,-3.2437901e-09,-2.4328426e-09,1.6218951e-09,-3.2437901e-09,-6.4875803e-09,-4.0547377e-10,-2.4328426e-09,-1.2164213e-09,0.0,0.0,4.0547377e-10,-2.027369e-09,fearful,03-01-06-02-01-02-04.wav
-414.1331,17.078741,-18.997747,0.13165078,-15.076841,-5.8485146,-2.7221534,-16.15158,-3.6624568,-7.548866,-3.0178201,-4.9005747,-2.0164182,-0.0014644694,-0.0019194129,-0.0014892531,-0.00085024454,-0.00010555946,0.0006246684,0.0012230376,0.0015940754,0.0016795667,0.001467851,0.000995677,0.00034181325,-0.0003858695,0.00013906677,3.4240125e-05,-0.00030511728,-0.0005416519,-0.00056286895,-0.0005152767,-0.00059195276,-0.00077715825,-0.000854754,-0.000669317,-0.00032687042,-9.361074e-05,-0.00010870717,angry,03-01-05-02-01-01-04.wav
-611.3766,45.335247,-4.4751697,1.8758899,-4.229502,-4.015012,-4.0428815,-7.677704,-10.80253,-2.9307017,-3.4347336,-6.704493,-4.07548,0.00010509604,0.00032716108,0.0011184287,0.0022640117,0.0029854632,0.0033909357,0.0036705062,0.0034788572,0.003091688,0.0027615926,0.0019013247,0.0004640839,-0.0011148425,-0.005004736,-0.006817118,-0.0062170126,-0.005422677,-0.0044230116,-0.0034222808,-0.0025260828,-0.0015803127,-0.00066091394,8.241877e-05,0.00072047854,0.0011558221,0.0012377719,disgust,03-01-07-01-01-01-04.wav
-583.75903,30.812733,-9.237397,0.46807748,-7.2963576,-8.624813,-4.9801617,-14.939533,-8.910186,-4.0143685,-4.7838635,-6.3318644,-8.213782,-0.004357578,-0.0060133385,-0.0055749207,-0.004880073,-0.0039807535,-0.002946406,-0.0018587761,-0.0008044859,0.00013405936,0.0008885066,0.001412442,0.0016866801,0.0017198187,-0.0020930297,-0.0028758608,-0.0026311064,-0.0022460262,-0.0017524868,-0.0011905651,-0.0006048533,-4.058144e-05,0.00046014867,0.0008615474,0.001136811,0.0012700331,0.0012573729,sad,03-01-04-01-01-02-04.wav
-474.2247,10.371182,-25.052898,-2.335564,-9.799411,-17.97335,-9.226477,-17.656708,-9.360544,-6.716874,-8.166136,-6.3468003,-0.4579919,-0.00045439362,-0.00063982187,-0.00063174195,-0.00061883515,-0.0006015169,-0.0005805829,-0.0005569575,-0.0005317407,-0.00050585694,-0.00048037103,-0.0004563478,-0.00043454784,-0.00041569668,-0.0010191327,-0.0014416543,-0.0014433012,-0.001445861,-0.0014491337,-0.0014527868,-0.0014564786,-0.0014598271,-0.0014624493,-0.0014640187,-0.0014642316,-0.0014628713,-0.0014597925,sad,03-01-04-02-02-02-04.wav
-553.03973,29.512745,-11.008969,-2.796222,-6.4368005,-9.781474,-9.809281,-17.477476,-14.033826,-3.4900398,-7.868993,-10.347182,-5.0843406,-0.0040202797,-0.005431798,-0.0046938364,-0.0035454757,-0.0021003222,-0.00050011365,0.0010996608,0.002546025,0.0037040368,0.0044697174,0.0047801584,0.0046184678,0.004014181,-0.0029801694,-0.0040396387,-0.0035312218,-0.0027384015,-0.0017369165,-0.0006215358,0.000503797,0.0015365428,0.0023858994,0.0029815857,0.0032803195,0.003269292,0.0029662768,disgust,03-01-07-02-02-01-04.wav
-496.95483,27.006504,-14.196354,-3.086637,-10.475182,-10.803608,-9.8571,-14.995303,-5.006221,-4.3577785,-6.1834817,-3.5786514,-1.8976927,0.0,-2.5431316e-08,-2.5431316e-08,1.2715658e-08,0.0,0.0,-2.5431316e-08,0.0,6.357829e-09,1.2715658e-08,6.357829e-09,0.0,2.5431316e-08,6.357829e-09,0.0,3.1789145e-09,-5.5631e-09,0.0,3.1789145e-09,1.5894572e-09,-3.973643e-09,-1.1920929e-09,1.5894572e-09,1.5894572e-09,0.0,-4.7683715e-09,surprised,03-01-08-02-02-01-04.wav
-609.34863,38.87973,-12.866604,1.0386298,-8.010664,-9.956301,-7.2982535,-14.28893,-9.076167,-5.3666053,-6.486024,-8.550782,-6.676304,0.0040276665,0.0055202483,0.005014474,0.004224096,0.0032220297,0.0020984036,0.0009505953,-0.00012747901,-0.0010554586,-0.001774386,-0.00225279,-0.0024881703,-0.0025056566,0.080118954,0.021188715,-0.0045242854,-0.005188246,0.0005176382,-0.0014036349,-0.008054156,0.0006646735,-0.005429086,-0.006676851,-0.006111036,-0.0030767585,-0.004250237,surprised,03-01-08-01-01-01-04.wav
-556.4647,26.454718,-14.584363,0.0054334095,-8.514774,-6.4391947,-5.733729,-16.837591,-10.86787,-2.7984521,-6.635927,-7.3337173,-5.5277143,0.008341969,0.010397478,0.006819665,0.0024079385,-0.0017526533,-0.005254338,-0.007929731,-0.009306021,-0.008768335,-0.0062968447,-0.002839702,0.00025679183,0.0022401877,0.00041808948,0.00051540096,0.00032686687,0.00010599123,-8.711448e-05,-0.00023863866,-0.0003504403,-0.00040226715,-0.00036077565,-0.00022660269,-5.8438603e-05,6.3842825e-05,0.00010288366,fearful,03-01-06-01-01-01-04.wav
-538.26654,28.846996,-12.098068,2.4300659,-11.566413,-7.382821,-4.111086,-13.692854,-6.6502805,-3.651649,-3.5020978,-6.0251465,-4.433503,-0.00036855845,-0.00051630463,-0.0004983804,-0.0004690855,-0.00042903118,-0.00037914055,-0.0003206852,-0.00025493672,-0.0001835334,-0.00010816868,-3.0542033e-05,4.7463636e-05,0.0001240388,-0.00051631074,-0.0007225298,-0.0007001299,-0.00066336914,-0.00061301544,-0.0005501723,-0.00047621437,-0.0003927304,-0.0003015292,-0.00020458148,-0.00010396425,-1.8401024e-06,9.962324e-05,angry,03-01-05-01-01-02-04.wav
-465.65955,12.01359,-19.443047,-7.2162995,-19.932617,-9.410554,-8.407402,-19.104116,-5.6628056,-9.245563,-3.6615982,-4.956833,-3.1268282,0.005235787,-0.0042521004,-0.0023936767,0.006715005,-0.0051946067,-0.00039514288,0.0049668164,-0.0048877993,0.0009518704,0.0029356393,-0.0036199754,0.0012681743,0.0014341308,-0.0015623082,0.0012832406,0.0007143631,-0.0020058716,0.0015758922,0.00010159935,-0.0014892601,0.0014927258,-0.0003162723,-0.00088787475,0.0011199225,-0.00042218473,-0.00044181835,angry,03-01-05-02-02-02-04.wav
-434.03998,17.54592,-17.301336,-6.3568764,-15.193073,-8.273635,-10.430404,-15.404466,-8.748728,-7.2922745,-8.275878,-6.2063437,0.7617644,1.565004e-06,-1.2226594e-08,4.8906376e-08,-2.139654e-08,1.2226594e-08,0.0,-2.4453188e-08,0.0,0.0,-2.4453188e-08,0.0,-3.6679783e-08,2.4453188e-08,-9.169946e-09,-6.113297e-09,0.0,6.113297e-09,0.0,7.641621e-10,3.0566485e-09,-3.0566485e-09,0.0,0.0,0.0,-3.0566485e-09,0.0,fearful,03-01-06-02-02-01-04.wav
-587.75366,29.174334,-9.301201,1.7135642,-6.03707,-12.69398,-6.61461,-16.797312,-9.780381,-6.466271,-7.6239057,-6.910489,-7.9059434,0.06570455,0.085814185,0.067798205,0.046291504,0.027560676,0.013129881,0.00058572245,-0.012521654,-0.025468653,-0.034550853,-0.036140416,-0.029741671,-0.018551808,0.004955591,0.0064612525,0.005096589,0.003494202,0.0020915247,0.0009900243,6.623556e-05,-0.0008120609,-0.0015791663,-0.0019147572,-0.0015281414,-0.0005955508,0.00023156885,sad,03-01-04-01-02-01-04.wav
-559.72186,26.708374,-7.2052703,1.354545,0.11719411,-8.937725,-5.7326756,-10.572844,-3.631262,-1.2715577,-4.98619,-3.571005,-1.7439244,-9.211098e-05,-0.00013039752,-0.00012821105,-0.00012458242,-0.000119302334,-0.00011225444,-0.000103374805,-9.250641e-05,-7.93992e-05,-6.4128784e-05,-4.6619556e-05,-2.7021257e-05,-5.477812e-06,0.0013874274,0.001961301,0.0019591697,0.0019554277,0.001949825,0.0019420349,0.0019316368,0.0019181869,0.0019011957,0.001880198,0.001854733,0.0018244007,0.0017888804,disgust,03-01-07-01-02-02-04.wav
-517.4884,25.390278,-9.163463,0.86340123,-7.7482047,-5.5317945,-5.484214,-9.325698,-10.822277,-4.059269,-4.5936627,-4.942143,-5.360818,1.7538838e-07,-2.1923547e-08,0.0,-1.0961774e-08,0.0,5.480887e-09,-1.644266e-08,-1.0961774e-08,1.0961774e-08,0.0,4.110665e-09,5.480887e-09,-1.0961774e-08,-1.0961774e-08,-2.7404434e-09,1.0961774e-08,5.480887e-09,-2.7404434e-09,-2.7404434e-09,2.5691657e-10,1.3702217e-09,1.7127771e-09,2.7404434e-09,-1.3702217e-09,-1.5414995e-09,-6.8511086e-10,disgust,03-01-07-02-01-02-04.wav
-542.54443,20.911835,-21.317019,-0.60955966,-7.505916,-15.848934,-9.21483,-17.795975,-8.568598,-1.7897053,-5.9995837,-3.980407,-2.7875605,-0.0014128295,-0.00070759037,0.0009892782,0.00026580523,-0.0015651295,-0.001291185,0.0007423725,0.0012294122,-0.0004878614,-0.0013316907,0.00026725672,0.0017233479,0.0007034158,-0.00048174948,-0.00024469543,0.00032994882,8.5253385e-05,-0.0005342818,-0.00044115985,0.00024774988,0.000413197,-0.00016759627,-0.00045262568,8.934924e-05,0.00058298477,0.00023838747,sad,03-01-04-02-01-01-04.wav
-495.35617,22.472437,-16.769918,-4.4897895,-12.413191,-11.252778,-9.707645,-18.954952,-6.2976475,-1.4862951,-3.910358,-2.1672757,-0.7729425,1.3871627e-06,-2.4770761e-08,2.4770761e-08,6.1926904e-09,0.0,-6.1926904e-09,1.70299e-08,0.0,1.2385381e-08,6.1926904e-09,1.3933553e-08,3.0963452e-08,2.4770761e-08,-8.127906e-09,0.0,0.0,0.0,-1.5481726e-09,0.0,-1.1611294e-09,-2.3222588e-09,-7.740863e-10,-3.0963452e-09,1.5481726e-09,6.1926904e-09,0.0,surprised,03-01-08-02-01-02-04.wav
-562.5901,34.550163,-13.847545,-3.5208905,-12.19526,-11.7945385,-8.195071,-19.833433,-9.118533,-4.220745,-9.021542,-10.332402,-7.7124104,-0.0011021147,-0.0015611072,-0.0015407793,-0.0014585585,-0.0013056506,-0.0011296368,-0.0010052496,-0.0009797628,-0.0010422444,-0.0011467134,-0.0012630104,-0.0014050151,-0.0016067813,-0.0018126533,-0.0024955801,-0.0023080613,-0.002039671,-0.001723475,-0.0013726797,-0.0009905827,-0.00059352146,-0.00022147885,7.624594e-05,0.00026798164,0.00035453352,0.00035776387,surprised,03-01-08-01-02-02-04.wav
-498.47202,34.721436,-23.286215,2.3580852,-6.037968,-8.6032,-4.7190843,-16.445896,-7.56346,-0.08698204,-4.075589,-8.949427,-1.7021711,-0.020353397,-0.006219784,0.02560016,0.03298981,0.03222389,0.03131147,0.027233295,0.023151478,0.01414894,0.0069605433,0.007911787,-0.0039741723,-0.022321781,-0.012429495,-0.014771713,-7.333013e-05,0.0081652235,-0.004627749,-0.0074591795,0.005996133,0.011340367,0.0046616085,-0.0010344625,0.00083720917,0.0041384026,0.00019177991,happy,03-01-03-02-01-01-04.wav
-620.30194,44.094635,-12.841683,8.851802,-4.1408367,-7.575772,-3.3067167,-12.536225,-7.0538363,-5.823918,-4.1522613,-6.5915527,-5.185892,0.024122225,0.033316202,0.030499704,0.025024781,0.01726606,0.009021228,0.0024875363,-0.0013513123,-0.0034057668,-0.005533332,-0.008807927,-0.012605487,-0.015324201,0.000687716,0.0012253325,0.0016366947,0.0015288126,0.000615521,-0.00063983334,-0.0014065907,-0.0012575649,-0.00058979465,-0.00028412626,-0.0009134115,-0.00223114,-0.0034010126,happy,03-01-03-01-02-01-04.wav
-695.8503,42.93426,-7.2745566,8.97773,-4.170578,-4.92489,-6.53796,-12.679187,-7.3114724,-3.6008549,-3.2500982,-7.0833125,-4.540171,0.050316658,0.061442822,0.036573716,0.010526885,-0.0030554659,-0.0051307613,-0.0070002815,-0.017220011,-0.031619906,-0.03782756,-0.032324318,-0.0208113,-0.008368952,-0.018380404,-0.022705082,-0.016249247,-0.011134709,-0.0073181856,-0.003111886,0.00093318283,0.002379462,0.0013587404,0.0012513191,0.0029630824,0.004499497,0.0051299194,neutral,03-01-01-01-01-01-04.wav
-528.0298,28.220623,-9.753429,-5.6995435,-10.860774,-9.032713,-12.176502,-17.008005,-13.10613,-4.317123,-8.805315,-9.82459,-5.171969,0.565182,0.0755132,-0.015199773,0.077486,-0.029233562,0.06703574,-0.1843811,-0.12988494,-0.012934904,0.00755245,-0.06776366,-0.062221095,-0.02381306,-0.012986508,-0.0067818696,-0.013212546,-0.00832427,-0.00084111973,0.0024967685,-0.0023782926,0.0025388086,-0.0034098465,0.005897069,0.0062845033,0.0012615572,0.007338679,disgust,03-01-07-02-02-02-04.wav
-451.35953,4.6217623,-29.532095,-7.4787784,-13.878373,-19.614393,-13.992751,-20.348259,-9.624734,-4.336583,-6.3229413,0.93654513,7.387649,3.744488e-07,0.0,9.36122e-08,-1.1701525e-08,-1.1701525e-08,-4.68061e-08,0.0,-2.340305e-08,0.0,2.340305e-08,0.0,1.1701525e-08,0.0,5.8507625e-09,0.0,1.0238835e-08,0.0,2.9253813e-09,2.9253813e-09,-2.9253813e-09,0.0,-2.9253813e-09,0.0,0.0,7.313453e-10,1.8283633e-09,sad,03-01-04-02-02-01-04.wav
-691.12683,44.154297,-0.76953626,9.253673,-3.7831838,-5.292316,-4.1421084,-11.63506,-9.185786,-7.2622457,-3.666642,-7.3636684,-6.591632,0.05035233,0.07174045,0.05467927,0.03857721,0.019888943,0.017889984,0.022590853,0.035535716,0.026408613,0.011985008,-0.012601055,-0.024328128,-0.03192897,-0.0051103616,-0.0064783487,-0.006512668,-0.0034960133,-0.00012160654,0.003556774,0.005135482,0.0075554717,0.0069901887,0.0052899434,0.0009059547,-0.0018161135,-0.0021685685,sad,03-01-04-01-01-01-04.wav
-594.86475,44.845543,-7.845333,3.4191215,-6.708541,-7.1398168,-12.0874195,-12.093907,-10.353761,-0.9920412,-7.046266,-6.9894543,-4.2046924,0.008897951,0.011913683,0.009942534,0.006825103,0.0029367865,-0.0011310464,-0.004732352,-0.0073984475,-0.008975588,-0.009577954,-0.009422996,-0.008699908,-0.007565137,0.0015344112,0.0019722169,0.0014642145,0.0008152166,0.00014104646,-0.0005098652,-0.0010820018,-0.0015108417,-0.0017986041,-0.0020131543,-0.0021743022,-0.0021994496,-0.0020186885,disgust,03-01-07-01-01-02-04.wav
-433.97296,18.50037,-16.828972,-0.20778629,-15.573719,-7.006859,-5.1936984,-16.722635,-5.2655687,-4.7923284,-3.6874835,-2.6248202,-1.4055008,1.8274e-07,-3.426375e-08,1.142125e-08,2.28425e-08,0.0,0.0,5.710625e-09,0.0,0.0,2.28425e-08,1.7131875e-08,0.0,1.142125e-08,-1.4276561e-08,-9.9935935e-09,0.0,0.0,-2.1414843e-09,0.0,1.4276562e-09,0.0,-2.8553124e-09,1.4276562e-09,-1.7845702e-09,7.138281e-10,-2.8553124e-09,angry,03-01-05-02-01-02-04.wav
-416.50098,6.6681943,-17.3809,0.767832,-5.946579,-3.814862,-6.422159,-17.368046,-6.747866,1.1414888,-2.3264804,-0.10881132,9.668005,-0.019941263,-0.014275966,0.007154128,0.008269571,-0.0024162068,0.001944699,0.019606939,0.02375376,0.0077765747,-0.0050911624,-0.0009582022,0.0048528784,-0.0025744382,-0.0044085784,-0.0049167858,-0.0022231047,-0.0020264178,-0.003590145,-0.0017591265,0.0024461115,0.004379703,0.0021653646,-0.0014795415,-0.0025330936,-0.0016390296,-0.0024757013,fearful,03-01-06-02-01-01-04.wav
-554.54443,27.38366,-13.845182,0.972135,-5.3332324,-9.02961,-7.556149,-16.879862,-8.84716,-3.0903883,-8.034658,-6.3768415,-7.830512,-0.012600912,-0.016084163,-0.011373189,-0.0049993643,0.0013943227,0.0063972217,0.009241981,0.009914068,0.008956986,0.007104848,0.004937973,0.002715184,0.00042818705,-0.0067758528,-0.008784517,-0.0065941126,-0.0035512447,-0.00034577053,0.002402535,0.0043096193,0.0052799652,0.005443565,0.0050255316,0.0042206007,0.0031312322,0.0017873335,fearful,03-01-06-01-02-01-04.wav
-572.8906,34.44174,-12.106582,2.0249743,-11.63511,-7.98282,-8.429833,-15.815235,-8.44146,-3.9047265,-3.7777076,-7.9589796,-4.949235,0.0033194027,0.004783891,0.0050190515,0.0053126886,0.0055414047,0.005573083,0.005296885,0.0046467516,0.0036152313,0.0022546283,0.00066596677,-0.0010202479,-0.002666361,0.000476307,0.0006146638,0.00044891404,0.00020394415,-7.97177e-05,-0.0003568578,-0.0005857267,-0.0007350252,-0.0007882271,-0.000744633,-0.00061729015,-0.00042872177,-0.00020576116,angry,03-01-05-01-02-02-04.wav
-584.3528,34.6282,-13.153768,0.9661785,-9.562156,-10.736145,-6.4449954,-16.658525,-8.532529,-5.1483226,-7.0458345,-8.758818,-7.1568646,0.0021423763,0.002951569,0.002725482,0.0023725033,0.001919402,0.0013911724,0.0008102854,0.00020011266,-0.0004100667,-0.0009844569,-0.001486063,-0.0018853612,-0.0021664302,-6.8338384e-05,-9.3605784e-05,-8.562041e-05,-7.418957e-05,-6.0888007e-05,-4.6430363e-05,-3.0655e-05,-1.3248788e-05,5.2948794e-06,2.338489e-05,3.88941e-05,5.017138e-05,5.680074e-05,surprised,03-01-08-01-01-02-04.wav
-485.34558,24.697906,-14.503859,-5.96371,-13.36788,-11.233029,-11.204813,-20.215559,-6.724523,-7.657445,-9.250828,-7.140695,-4.010658,1.994613e-07,0.0,2.4932662e-08,-3.7398994e-08,6.2331655e-09,0.0,0.0,0.0,-3.1165828e-09,2.4932662e-08,-3.1165828e-09,6.2331655e-09,-1.2466331e-08,-2.4932662e-08,-6.2331655e-09,0.0,0.0,0.0,0.0,1.1687186e-09,0.0,3.1165828e-09,0.0,-7.791457e-10,-1.5582914e-09,0.0,surprised,03-01-08-02-02-02-04.wav
-719.3511,46.50712,-6.7230554,2.0493104,-5.955283,-4.5575995,-9.712335,-14.664018,-8.84066,-6.0597134,-5.4943438,-9.315281,-5.9593353,0.09836119,0.12019345,0.084032804,0.05980786,0.046261836,0.026784822,0.00064170785,-0.01905356,-0.028403634,-0.035900332,-0.042224515,-0.038350314,-0.025592385,-0.0027813236,-0.0037380701,-0.0011463622,0.0034892221,0.005875063,0.0040144133,0.00044242118,-0.0015190738,-0.0011760318,-0.001087833,-0.0020798962,-0.0025779153,-0.0024862844,neutral,03-01-01-01-02-01-04.wav
-650.4511,46.445557,-16.175936,6.3346853,-7.7138896,-8.613978,-7.716543,-14.304403,-8.141252,-4.4529977,-7.792504,-8.840263,-6.3597956,0.0396005,0.052749887,0.043748163,0.03111252,0.017746463,0.0063775107,-0.0014499789,-0.0057953084,-0.007794336,-0.008568019,-0.008491462,-0.0074634743,-0.0058517708,0.0018492377,0.0025762944,0.002502492,0.0023617398,0.0019281748,0.0010988065,0.00026244676,4.3946387e-05,0.0005930232,0.0013462503,0.0016274753,0.0013120865,0.0007242681,happy,03-01-03-01-01-01-04.wav
-520.53156,23.30079,-18.062801,1.0941865,-9.181804,-11.704225,-7.67495,-15.642747,-7.8233547,-5.098839,-7.404884,-6.0623636,-6.794501,1.173753e-06,-1.2226594e-08,2.4453188e-08,1.2226594e-08,-2.4453188e-08,1.2226594e-08,-2.4453188e-08,0.0,1.2226594e-08,1.2226594e-08,0.0,0.0,0.0,1.2226594e-08,6.113297e-09,0.0,0.0,3.0566485e-09,-3.0566485e-09,0.0,-3.0566485e-09,-1.5283242e-09,-1.5283242e-09,7.641621e-10,-3.8208106e-10,0.0,happy,03-01-03-02-02-01-04.wav
-699.05884,43.971985,-7.463786,6.14891,-8.039637,-7.6064873,-8.504781,-14.781916,-10.882157,-5.3247323,-4.3787713,-8.113154,-5.362907,0.034715835,0.044988606,0.0342597,0.020672916,0.009446654,0.004323097,0.0025722394,-0.0014730348,-0.008800206,-0.01619147,-0.020480571,-0.021176351,-0.020375997,-0.0120543195,-0.014080952,-0.0076573305,-0.0025837345,-0.00069265557,0.000102276674,0.001150733,0.0014426365,0.00064661936,-2.5941901e-05,0.00036840426,0.0014359567,0.0021282842,neutral,03-01-01-01-01-02-04.wav
-607.9138,43.23118,-15.182761,5.7042065,-3.8453712,-9.988029,-5.7680507,-14.328465,-5.538021,-3.9313366,-5.839097,-5.6219506,-4.76296,0.021010635,0.028699478,0.025843883,0.021627644,0.016669404,0.011553694,0.0067326208,0.0025198509,-0.0008651298,-0.0032710005,-0.0046475176,-0.005113096,-0.004990565,-0.0007589327,-0.00088201434,-0.00040198333,0.00013923325,0.0005036953,0.0005711789,0.00039575883,0.00015552892,2.7102911e-05,6.748686e-05,0.00018568487,0.00022536756,9.775642e-05,happy,03-01-03-01-02-02-04.wav
-499.70184,21.139517,-21.555294,2.1008766,-8.45818,-10.92014,-2.0158954,-13.438692,-4.9641995,-3.4350839,-6.676212,-6.928919,-6.1735225,1.9816609e-07,0.0,0.0,1.2385381e-08,2.4770761e-08,1.2385381e-08,1.2385381e-08,-2.4770761e-08,0.0,6.1926904e-09,-1.2385381e-08,0.0,-1.2385381e-08,2.7885684e-05,3.6967263e-05,2.9867346e-05,1.9023944e-05,5.7901657e-06,-8.174351e-06,-2.1100044e-05,-3.1391814e-05,-3.7747544e-05,-3.9363837e-05,-3.605965e-05,-2.8231701e-05,-1.6866179e-05,happy,03-01-03-02-01-02-04.wav
-499.68155,17.458511,-14.90823,-2.7058265,-10.538855,-10.712952,-4.0934663,-12.201355,-7.9325395,-0.631634,-1.8222833,0.6834241,1.6654305,-0.011001306,0.019245364,0.065824,0.046351425,-0.010113903,-0.01911505,0.020298403,0.029562185,-0.017655496,-0.056387175,-0.038072307,-0.0016357328,-0.0027272042,0.005077175,0.0014947836,-0.0065883794,-0.00484921,0.0025473498,0.002684049,-0.004736934,-0.007541923,-0.0011795986,0.004615887,0.0018720685,-0.0039667645,-0.0039297673,sad,03-01-04-02-01-02-04.wav
-502.9451,24.970226,-7.889403,3.6815531,-6.554233,-5.8474984,-4.6020026,-12.381574,-7.8906016,-4.564123,-3.7703195,-5.502883,-3.9235165,0.00023673174,0.0003304454,0.00031772238,0.0002970146,0.00026872667,0.00023367777,0.00019265738,0.00014677765,9.712043e-05,4.5037683e-05,-8.2193255e-06,-6.123361e-05,-0.00011273202,5.407278e-05,7.534027e-05,7.246271e-05,6.773293e-05,6.129976e-05,5.3301024e-05,4.3939304e-05,3.346818e-05,2.2150705e-05,1.0270948e-05,-1.8756514e-06,-1.396747e-05,-2.5710619e-05,disgust,03-01-07-02-01-01-04.wav
-587.2258,33.320942,-9.141921,-2.2073765,-3.9124014,-9.170167,-7.773768,-13.806401,-7.909743,-3.772444,-5.993184,-6.661029,-4.3904324,-0.0024369129,-0.0032343953,-0.0026293795,-0.0017196328,-0.0006358726,0.0004710332,0.0014546635,0.0021959317,0.002620934,0.0027092074,0.0024931035,0.0020470298,0.001470595,-0.0006834861,-0.00091078825,-0.00075173815,-0.0005132662,-0.00023028895,5.731261e-05,0.0003115736,0.0005027187,0.00061378925,0.0006424796,0.0006003793,0.00050935935,0.00039632773,disgust,03-01-07-01-02-01-04.wav
-601.31134,20.895056,-9.512455,-2.490804,-8.214501,-15.522899,-6.5326576,-18.267887,-9.641227,-5.123626,-8.326988,-6.1638255,-6.9624543,0.0046398924,0.0063616307,0.0057762656,0.0048509724,0.0036557515,0.0022779845,0.00081443787,-0.00063842774,-0.0019916408,-0.0031703822,-0.0041178004,-0.004796427,-0.0051878486,0.00081725436,0.0011152776,0.0009972954,0.0008114974,0.0005730788,0.0003008302,1.5379588e-05,-0.00026279927,-0.00051520683,-0.0007265997,-0.0008858673,-0.0009863109,-0.0010254637,sad,03-01-04-01-02-02-04.wav
-438.20703,15.033668,-17.468126,-8.893362,-11.907525,-10.659395,-8.692335,-14.220006,-7.606932,-5.5634675,-6.3371778,-4.7888594,0.55118877,0.0009048264,0.0012792302,0.001277874,0.0012755084,0.0012722635,0.0012680648,0.0012629993,0.001257017,0.0012500937,0.0012423156,0.0012336087,0.001224041,0.0012136311,0.00053656177,0.00075828255,0.0007570564,0.0007550113,0.000752158,0.00074850663,0.000744061,0.0007388269,0.0007328198,0.00072605966,0.0007185518,0.00071032014,0.000701381,fearful,03-01-06-02-02-02-04.wav
-399.0657,11.352523,-17.753008,0.094037056,-13.359732,-11.505839,-7.0176506,-19.160471,-3.7646542,-4.9437814,-3.1658785,-7.6607866,-5.3175836,-0.001184845,-0.0016663611,-0.0016389608,-0.0015964747,-0.0015430928,-0.0014841079,-0.0014250875,-0.0013710499,-0.0013262093,-0.0012930393,-0.0012723624,-0.0012628793,-0.0012616366,-0.00033572913,-0.0004716933,-0.00046272873,-0.00044885726,-0.00043150634,-0.00041247756,-0.00039361714,-0.0003766641,-0.0003630072,-0.000353501,-0.00034839212,-0.00034726263,-0.00034909844,angry,03-01-05-02-02-01-04.wav
-554.8937,34.205566,-10.455088,3.291901,-9.409958,-7.5281434,-7.36387,-13.511052,-8.225047,-5.0386534,-4.2980013,-8.199027,-3.7463448,0.00030994415,0.0004213333,0.0003721714,0.000294888,0.00019590855,8.34465e-05,-3.3447148e-05,-0.00014560223,-0.00024473667,-0.00032410622,-0.0003788799,-0.00040684937,-0.00040825008,0.0003247857,0.00044997333,0.0004217729,0.00037673413,0.0003175795,0.0002478361,0.00017153732,9.288229e-05,1.5971065e-05,-5.5525452e-05,-0.00011856891,-0.00017094836,-0.00021134019,angry,03-01-05-01-01-01-04.wav
-540.16656,26.451569,-19.33491,3.4997504,-9.038829,-9.210032,-5.81895,-14.695152,-9.383957,-3.6379137,-8.011439,-6.721807,-6.1835475,0.007355172,0.009984098,0.008770398,0.0068684476,0.0044472287,0.0017197609,-0.0010773914,-0.0037065235,-0.005951241,-0.007635716,-0.008640316,-0.008910404,-0.008459214,-0.0006612369,-0.00089996913,-0.0007961716,-0.0006333045,-0.0004255231,-0.0001906429,5.152489e-05,0.00028105805,0.000479778,0.0006328889,0.0007301786,0.00076683494,0.0007435756,fearful,03-01-06-01-01-02-04.wav
-560.31885,36.45198,-8.997946,-2.892304,-9.292503,-12.401764,-9.327457,-17.534668,-8.068563,-5.4065266,-8.555841,-8.800331,-6.7815037,0.0032966759,0.004599699,0.0044136047,0.0041068615,0.0036851768,0.0031571358,0.0025347813,0.001833618,0.0010730597,0.0002756058,-0.0005337114,-0.0013286263,-0.0020829188,0.00044454588,0.0006356148,0.0006550892,0.0006805104,0.0007025193,0.0007103006,0.0006932001,0.00064254564,0.000552961,0.00042317095,0.00025628327,5.9298174e-05,-0.00015783006,surprised,03-01-08-01-02-01-04.wav
-487.135,26.173935,-20.055986,-3.0713713,-13.245498,-11.544784,-5.0240664,-18.547415,-7.6098404,-2.2313175,-6.4483123,-3.9942243,-0.81132615,-0.007981018,-0.00950481,-0.0052992143,-0.00090984127,0.0024060183,0.0048430054,0.0066596936,0.0071280617,0.005402595,0.0021050652,-0.0007141641,-0.0014833055,-0.00060987775,-0.00043224238,-0.001025014,-0.0015117837,-0.00088852155,0.00070407253,0.0018227693,0.0015090726,0.00043507342,-7.675166e-05,0.00025024056,0.00050610414,4.0991126e-05,-0.0006005614,surprised,03-01-08-02-01-01-04.wav
-471.6132,56.512657,-6.448634,8.021735,3.909885,0.78775084,-10.7165165,-10.060941,-12.068987,-11.433295,-2.5220733,-6.6461515,-5.86166,0.025076102,0.18776803,0.24386057,0.10438653,0.0807505,0.083786726,0.07054707,0.08077822,0.12002871,0.09989891,0.026368547,0.047938816,0.054810584,-0.02702571,0.012040793,0.045518603,0.0050870865,-0.010931646,-0.003821412,-0.0019367397,0.010416518,0.02751191,0.01954823,-0.001909437,0.0021264076,0.0072959876,sad,03-01-04-02-02-02-03.wav
-498.98886,66.9362,-0.6750154,5.629608,-5.4688005,-6.4138412,-13.545594,-1.0937096,-7.636962,-11.604571,-3.2730515,-4.9393687,-7.277763,-0.19291228,0.3767542,0.2719114,0.009620643,-0.024298415,0.017147431,0.027496522,0.019832209,0.05533161,0.05139068,0.03351185,-0.021748807,0.057991084,-0.25575417,-0.05983786,0.0064275004,-0.028907035,0.030031092,0.059894945,0.02160737,0.007697781,0.018136937,0.015264672,0.026237281,0.0015655663,0.032164194,disgust,03-01-07-02-02-01-03.wav
-536.8378,62.423958,-10.484186,9.94076,1.1762114,-5.7606134,-8.437291,-7.849988,-6.6615925,-0.8201094,0.0675718,-8.02755,-4.887729,-1.0541563,-0.14772625,0.55937177,-0.03524195,0.08536348,0.095163085,-0.0048100473,-0.0797932,-0.103522375,-0.10654948,-0.08787037,-0.08185972,0.0733517,0.052881286,0.07583926,-0.025148211,-0.009797258,0.0051559606,-0.010373016,-0.0065187956,-0.011269761,0.012775047,-0.0033125083,-0.0155512085,-0.01369555,-0.030108387,disgust,03-01-07-01-01-01-03.wav
-658.1883,73.13754,1.8630134,9.963762,8.041508,-0.51804155,-9.756904,-4.770103,-1.4486389,-6.017495,-1.4269168,-3.7584546,-3.4489346,0.46037945,0.44351226,0.1597922,0.10496288,0.116222516,0.09977455,0.052122787,0.03385732,0.04931581,0.03361142,0.006474619,0.025051804,0.05466954,-0.029709011,-0.009380628,-0.0019146041,-0.009587601,0.003135514,0.00910012,0.003767797,-0.006256377,-0.0022377511,-0.0009811056,-0.005801108,-0.004229285,0.00043170637,sad,03-01-04-01-01-02-03.wav
-331.31696,49.681034,-23.181204,2.6234183,-4.455309,-0.58448935,-15.657839,-19.87083,-10.283837,-15.896378,0.94936043,-11.00864,-9.310279,-0.35930836,-0.3208961,-0.20950831,-0.14560153,-0.13021654,-0.1711927,-0.090010636,0.23207855,0.08329827,0.0024460165,0.18622033,0.15203427,0.01977185,0.24037233,0.10754482,-0.024910038,0.0069549293,-0.009772523,0.0059827967,-0.00043552974,-0.032934155,-0.012785747,-0.011248244,0.0025428233,-0.032649465,-0.011614255,fearful,03-01-06-02-01-02-03.wav
-335.92026,41.721554,-17.881405,9.845035,-11.201361,-2.876,-5.547161,-15.9960785,-4.744018,-7.3046436,-6.899954,-2.0706594,-4.988758,-0.02143635,0.02380616,0.111940645,0.12575006,0.049760953,0.00876751,0.035881907,0.109142065,0.083298475,-0.010747026,0.030289866,0.038906097,0.0056154253,-0.013391474,0.02330649,0.0027878322,-0.014597637,0.010451125,0.013508328,0.0018105777,-0.015085155,-0.013635209,0.000348365,-0.0063406723,-0.0010328267,-0.004155812,angry,03-01-05-02-01-01-03.wav
-525.7731,59.91976,-10.032407,13.1934395,2.3252273,-3.652269,-11.94493,-15.479843,-7.177888,-6.706893,-6.7427316,-3.7050781,-1.4483484,0.41071412,0.29438856,0.0019901788,0.12781993,0.002072916,0.0048350473,-0.0036906032,-0.16126136,-0.046376664,0.043844316,-0.05014338,-0.030161973,0.024129739,-0.07334809,0.026767652,0.01029294,-0.013830141,0.0036066785,-0.0012296452,0.0007705049,-0.0047797877,-0.006330211,-0.0033537666,0.008258577,0.011028782,-0.0030415757,angry,03-01-05-01-02-01-03.wav
-545.6987,61.054985,-11.624247,9.925201,3.9340086,-2.1470597,-15.215509,-14.115215,-6.5354223,-8.810174,1.4834558,-4.856945,-5.5262237,0.13480322,0.27860215,0.21062931,0.11923541,0.15449928,0.10185749,0.012899786,-0.07485859,-0.04137429,0.001015055,0.0056198025,0.037144937,-0.027387798,-0.13581786,-0.059461676,0.04043651,0.02704582,0.015722573,0.024529222,0.04198568,-0.0028476836,0.0035471069,0.01379624,-0.012173618,0.02135059,0.016300347,fearful,03-01-06-01-02-02-03.wav
-561.82446,57.360504,-15.214551,1.201025,-5.8383393,-3.5513177,-14.903945,-14.010784,-6.61552,-10.389125,-1.1721425,-5.2350507,-4.0035267,0.5458516,0.40976694,-0.06880387,-0.1439323,-0.043478012,0.009952569,-0.02510805,-0.06517638,-0.06762634,-0.0074374606,0.00048092156,-0.014027113,0.022947488,-0.023404667,-0.010048737,0.008461486,0.0027973687,0.003463667,-0.00096481154,-0.005328347,0.00078156166,0.005885378,-0.00018035684,0.00024186287,0.010439151,-0.0032437828,surprised,03-01-08-01-01-01-03.wav
-456.46182,47.07684,-12.145889,-4.6914663,-7.6568055,-1.122072,-16.796541,-11.8151455,-2.8555117,-11.926404,-0.5786514,-2.0695555,-6.227223,0.4295161,0.38183868,-0.03078284,-0.20190087,-0.082263514,0.043147523,0.012193465,-0.061513864,-0.05009667,0.010597381,0.036021795,0.0189036,-0.008743754,0.050988,0.03970902,-0.013942925,-0.02907411,-0.009983907,0.0012529189,-0.011188571,-0.022555903,-0.015976783,-0.0061137383,-0.005722627,-0.009117445,-0.010735919,surprised,03-01-08-02-02-01-03.wav
-615.3663,55.919556,3.1576,11.845133,6.6712923,1.0603591,-15.418916,-7.8669305,-5.6997433,-8.891807,-2.1577637,-2.9280405,-3.7435486,-0.10129639,-0.011390279,0.09926257,-0.005080897,-0.053621456,0.036867436,0.11773507,0.11427493,0.037451643,0.031021792,0.09560159,0.028550504,-0.07588903,0.009014406,0.001309433,-0.007282028,0.003846245,0.005313646,-0.0013684805,-0.0035950183,-0.0063394154,-0.00058223645,0.001731852,-0.004638283,-0.0023375996,0.0026808577,neutral,03-01-01-01-02-02-03.wav
-518.686,60.042294,-13.127339,-1.508281,-3.8239794,-0.08243052,-13.794615,-11.445926,-9.528759,-11.950621,2.020476,-9.762902,-5.4783645,-1.3141581,-0.19301446,0.3122121,0.2022648,0.15944114,0.040154535,0.04388572,0.04904318,0.17766756,0.047159698,-0.08841087,0.09648833,-0.13786702,0.0071285507,-0.059455384,-0.011552288,0.012567013,0.002664126,-0.013560587,0.0043391767,-0.0007222432,-0.0123431925,0.013253534,0.011981224,0.0068074404,0.028337745,happy,03-01-03-01-01-02-03.wav
-398.99393,46.39181,-11.255848,-5.967058,-3.2799873,1.2209752,-15.306035,-9.98651,-9.57162,-12.807641,2.0816505,-10.402266,-5.597724,-0.39266968,-0.068555996,0.2537242,0.065029375,0.03597039,0.051968586,0.0069696815,0.056138568,0.096486785,-0.0065844893,0.062441293,0.11001382,-0.064636804,0.007945312,0.012426541,0.0048363237,-0.0019421376,-0.0063393447,0.0006676553,0.009517362,-0.009715848,-0.023293803,-0.018635146,-0.008382471,0.006701736,0.008216954,happy,03-01-03-02-02-02-03.wav
-614.73914,56.70819,-2.685534,10.650175,4.240807,-2.472097,-12.03572,-6.6545086,-3.1527145,-8.526167,-1.9532491,-2.6058385,-4.994535,0.07856679,0.105047494,0.08901512,0.06815209,0.04784501,0.031792596,0.021606771,0.01703814,0.016207464,0.01641838,0.015861038,0.014893959,0.015256427,-0.0013197189,-0.0015848947,-0.0010115557,-0.0006866711,-0.0008586141,-0.001175954,-0.00096935075,9.0661466e-05,0.0015727674,0.0025607448,0.002445925,0.0015148172,0.0007431436,neutral,03-01-01-01-01-01-03.wav
-530.7912,47.391296,-6.545993,5.0635896,1.6119101,-1.8960193,-18.546787,-9.952934,-7.9847608,-12.89289,-1.8152341,-10.483725,-5.5571337,-0.055072103,-0.038921658,0.002800468,-0.0019236179,-0.0011120095,0.009411528,0.017145371,0.02403786,0.016700884,0.0134965,0.023079095,0.011944903,-0.004618209,-0.05434049,-0.06113938,-0.034395516,-0.019755192,-0.011314676,-0.00011350777,0.013069819,0.021123953,0.018254949,0.015715817,0.016879626,0.011630183,0.011243087,happy,03-01-03-01-02-01-03.wav
-431.03326,46.68249,-10.095125,-4.1877775,-8.119684,-1.1614602,-15.675408,-9.910149,-7.7577496,-13.338644,3.856827,-9.011377,-6.5471973,0.008158037,0.0096106995,0.0059986524,0.0047519645,0.0072397315,0.010611309,0.011019594,0.007956879,0.004811328,0.0050341287,0.008257489,0.010735696,0.009582612,0.01961225,0.00973057,-0.0064143185,-0.007564824,-0.004762233,0.0012033031,-2.3777766e-06,-0.0027588191,-0.00021671993,-0.0003900957,-1.9330331e-05,0.00037177917,0.0049472214,happy,03-01-03-02-01-01-03.wav
-515.93225,70.211266,-2.8552854,12.239088,-2.879491,-5.545544,-10.55145,-2.7195656,-3.7161672,-5.4002805,2.3537354,-5.192398,-3.354845,-0.21710196,0.57249236,-0.09214024,-0.052905627,-0.1321935,0.071077615,-0.026113912,-0.09196165,-0.053908434,0.07687147,-0.032316,-0.071152404,0.09422089,-0.034820814,-0.030284984,0.04599086,-0.00836905,0.005775648,0.02679829,-0.009494524,0.01105668,0.011571307,0.021782452,-0.013752723,-0.009396119,0.0036287745,disgust,03-01-07-02-01-02-03.wav
-521.34845,60.819168,-14.170773,-1.8657665,-1.6061896,-7.071462,-17.54004,-16.655193,-16.623266,-19.606728,-4.827207,-8.681573,-10.234792,0.0012360555,0.0013981919,0.0004059259,-0.0010762888,-0.002831622,-0.0046283277,-0.006269888,-0.0076362635,-0.008704858,-0.009548164,-0.0103071835,-0.011148909,-0.012217165,0.0012422749,0.0017262412,0.0016401465,0.0015158332,0.0013777084,0.0012523322,0.0011628683,0.0011243612,0.0011409682,0.0012055709,0.0013019417,0.0014087247,0.0015044673,sad,03-01-04-02-01-01-03.wav
-594.85376,63.04407,-4.543605,12.328486,5.895279,-2.075439,-13.32998,-8.391463,-4.76549,-8.371958,1.4007168,-4.7609396,-4.1459184,0.71808374,0.47230303,-0.04775622,0.045099482,0.05221523,0.044353567,-0.0006489692,-0.055915732,0.015867678,0.031107618,0.0197365,0.035788685,0.04623195,0.054139916,0.008712979,-0.05234714,-0.02657911,-0.015844705,-0.00042880047,-0.008098395,-0.0054203672,0.011429912,0.0024501442,-0.008605176,-0.0072291456,-0.011698912,sad,03-01-04-01-02-01-03.wav
-507.78033,56.570194,-13.515379,8.34539,2.7710454,-6.1402392,-14.338822,-9.694249,-8.123478,-4.292723,1.564662,-8.088813,-4.73569,1.0676165,0.590173,-0.19823587,-0.08842997,-0.08092031,-0.036102165,-0.059818625,-0.065843076,-0.0744069,0.037467487,0.029767523,-0.050980445,0.035068825,0.03921427,-0.004965794,-0.024348306,0.0005100607,-0.004500773,0.0103730215,0.0024402142,-0.0021012123,-0.0016338415,0.0025033262,-0.00146643,0.0037666084,0.0148239285,disgust,03-01-07-01-02-02-03.wav
-320.8727,41.644875,-13.084024,7.565796,-11.779684,-3.2854252,-5.001979,-13.224338,-9.751685,-5.742704,-3.9486358,-3.210823,-7.193123,0.17980069,0.18278062,0.064650916,0.015972177,0.014964359,0.006098326,-0.025619753,-0.06043973,-0.053618982,-0.010739268,0.0143299345,0.016108051,0.012317116,0.007823797,0.0071859877,-0.001876659,-0.0069769733,-0.0046131834,-0.0036467449,-0.0045232135,-0.0019990494,-0.0016468001,-0.0030513867,0.00085904397,0.003980046,0.0026418068,angry,03-01-05-02-02-02-03.wav
-390.57605,49.59278,-8.15285,7.9915113,1.7418258,5.7361073,-9.831394,-15.284448,-9.608901,-12.327661,1.674268,-6.4549704,-10.241028,0.62028533,0.49015617,-0.12873136,-0.13226528,-0.1373132,0.10077961,-0.027686272,-0.06449515,0.05897886,-0.012502337,0.08773069,0.050068535,0.10556866,-0.18760958,-0.020049972,0.01328316,-0.047425415,-0.022511795,0.0029180835,-0.002198943,0.007521852,0.026677838,0.028381098,0.0052943523,0.010355276,0.012686644,fearful,03-01-06-02-02-01-03.wav
-576.8372,63.454533,-1.403622,11.388002,5.1191263,0.27204782,-12.445898,-15.958229,-1.3604248,-5.623588,-3.5474262,-5.9285493,-6.224228,0.64599645,0.14146194,-0.16575518,0.014111,-0.072334245,0.05530769,-0.028345002,-0.023273865,0.07570247,0.014427176,-0.03117987,0.040404078,0.026606344,0.15423374,0.08920223,0.018047394,0.013284651,0.008598882,0.012166596,-0.036105376,-0.030930161,-0.0021067637,-0.009585641,-0.011713073,-0.0042126765,-0.020405468,fearful,03-01-06-01-01-01-03.wav
-508.97195,56.83463,-9.604199,13.843972,3.9395897,-3.5818381,-7.659627,-12.343734,-6.4251113,-7.641144,-8.225974,-4.226521,-3.6741266,0.1358594,0.13561366,0.08612449,0.08537419,0.038883675,-0.0009324984,-0.010463346,-0.029504491,-0.020556623,0.004910751,-0.006220333,-0.017770553,0.00590578,-0.026958792,-0.01807883,0.0068156393,0.003744857,-0.0070096254,-0.008060789,-0.0010652001,0.00818997,0.008281016,-0.0006264699,-0.003949815,-0.0022340268,-0.003905194,angry,03-01-05-01-01-02-03.wav
-530.7704,58.19291,-16.139074,7.618869,-1.1422868,-5.5189967,-11.781253,-8.105711,-3.0653458,-8.982016,2.6885688,-1.9511259,-5.460927,0.05367943,0.07324122,0.065865,0.0554277,0.043924753,0.033103015,0.024147665,0.01760576,0.013400164,0.0109201465,0.009266582,0.0076119127,0.0054697744,0.005500459,0.0074443943,0.0065992405,0.0055463747,0.0044536497,0.0033225394,0.0021829407,0.0011819198,0.00043754143,-0.000101966325,-0.00057850475,-0.0010524722,-0.0014859043,surprised,03-01-08-01-02-02-03.wav
-455.10663,43.15225,-9.550727,6.9142346,-2.3663487,-7.2898326,-7.5033226,-9.242959,-0.062824346,-8.669099,-1.7624551,0.5965172,-7.2920046,0.05873636,0.053691912,0.0009129842,-0.017804008,0.0015432896,0.012845566,-0.009522976,-0.036884397,-0.0311178,0.0025445009,0.02652279,0.021668434,0.005596014,0.0004850901,-4.277168e-05,-0.0013770384,-0.0016686466,-0.0003164655,0.0013992122,0.0016460625,0.00025965465,-0.0008680897,-1.7637149e-05,0.0022024536,0.0036794848,0.003552227,surprised,03-01-08-02-01-02-03.wav
-349.295,41.83825,-5.317305,-3.2578373,-10.04233,-0.33228263,-12.243982,-14.550334,-11.553352,-17.775644,-3.0740623,-5.846981,-10.3643875,-0.039524697,-0.04663107,-0.02589572,-0.007910297,-0.0005595138,0.0005448304,0.0049399585,0.015728295,0.026264515,0.02798221,0.019931484,0.009496838,0.0043294365,0.0060744258,0.007941425,0.006818024,0.005358511,0.002797601,-0.00025274366,-0.002578066,-0.0034015533,-0.003086593,-0.0026805727,-0.0025980056,-0.0022147873,-0.00067645643,happy,03-01-03-02-02-01-03.wav
-541.2651,62.418713,-10.422654,4.5837445,3.3849285,-0.8195,-14.047444,-11.290459,-9.4122925,-9.156745,3.8089862,-7.4751067,-5.1424437,-0.27415887,-0.22880886,0.045197353,0.13130392,0.029718872,-0.04367032,0.012838843,0.09882061,0.092345975,0.014103053,-0.018549344,0.025406731,0.06328451,-0.0068807513,-0.002470565,0.003088783,0.00016129382,-0.0016571934,-0.00072718546,0.004402391,0.0064503714,0.0018586981,-0.0020637696,-0.00045250967,-0.00072412845,-0.005383766,happy,03-01-03-01-01-01-03.wav
-626.6999,59.548996,-0.16429704,12.612996,6.018281,-0.54245687,-13.246388,-6.055283,-4.3443394,-8.161105,-0.008030771,-4.153292,-4.067323,0.22360168,0.26158512,0.16025089,0.09222066,0.059451465,0.042235367,0.037468363,0.032881036,0.009391367,-0.016891921,-0.02204542,-0.012838793,0.003383946,0.008346179,0.009008585,0.0045431782,0.0006384605,-0.0026433042,-0.0018450038,0.0015371342,0.0010574318,-0.005180803,-0.010581243,-0.010631852,-0.007936541,-0.0031974958,neutral,03-01-01-01-02-01-03.wav
-525.81226,53.228985,-3.8095832,8.827339,1.3522005,-3.20281,-14.516859,-14.410171,-7.5156903,-9.818508,-2.8892102,-5.807409,-8.432908,0.36474368,0.095888704,-0.11089883,0.038656827,0.07519024,0.12756737,0.04872086,-0.034171615,0.019745322,0.015544563,-0.0041046804,0.016488587,-0.0042785807,0.06246741,-0.004148316,-0.032677125,0.006734094,0.0059371414,0.020585023,0.007459151,-0.010459512,-0.00437696,-0.012643288,-0.008935281,0.0064523593,0.0024272006,fearful,03-01-06-01-02-01-03.wav
-484.61078,58.158073,-10.684373,6.499303,0.95555186,-4.4078264,-14.160774,-13.474799,-8.97241,-8.471829,-6.402417,-4.492767,-3.196228,0.66854656,0.5714052,0.10456973,-0.010830937,0.08225451,0.09892326,-0.02233287,-0.006351405,0.06589555,0.08394306,0.08982771,0.05437125,0.010618971,0.0056441375,0.018688237,0.04424827,0.034851898,0.019895807,0.010128047,0.013028507,0.029701123,0.02747922,0.026904963,0.013591043,-0.0050796852,-0.0057691312,angry,03-01-05-01-02-02-03.wav
-326.9845,40.236984,-12.970549,9.1982155,-4.684686,-3.7151306,-7.13816,-15.065137,-5.889697,-5.4472237,-6.7736535,-4.2028136,-4.3710537,0.0402718,0.047615774,0.048100945,0.06199806,0.047587063,0.028486924,0.038608328,0.052576914,0.028413411,-0.002461426,0.0060240296,0.031454526,0.019713901,0.002749162,0.005043336,0.00341731,0.0024940793,0.003181701,-0.004603893,-0.0061007375,0.0023800686,5.2201747e-05,-0.0059143254,-0.005433914,-0.0013369598,0.004106158,angry,03-01-05-02-01-02-03.wav
-371.45804,67.373146,-11.296154,13.83433,7.6265545,3.1329565,-6.3981986,-3.4004323,-7.1137066,-8.399636,9.624341,-7.2394676,-6.4261904,0.7859241,0.44574746,-0.10733283,0.10025295,0.16001673,0.08454307,-0.04352464,0.002920279,0.0053028027,-0.038718883,0.0939077,-0.07473894,-0.18851091,-0.07580492,-0.016084077,-0.02029393,-0.04668991,-0.0082447715,-0.0055549936,0.0051688966,0.015856044,0.0069680745,0.0063029313,-0.002841247,0.013469708,-0.01155854,fearful,03-01-06-02-01-01-03.wav
-657.15753,75.1743,-2.790306,9.624565,7.000044,1.4276267,-10.512824,-5.8087816,-4.077668,-7.4131093,0.9154127,-5.3146653,-3.8694634,0.8644329,0.5707865,-0.06364499,-0.042795192,0.025638947,0.08055699,0.014131705,-0.053457186,-0.04681119,-0.012781107,0.016909868,0.006064968,0.0135953305,-0.05244485,-0.0065823947,0.009637556,-0.0028706056,0.0069685993,-0.0026717056,-0.0074092625,-0.0023654902,0.00831146,-0.0061184485,-0.012442789,0.0033801098,-0.0075798132,sad,03-01-04-01-01-01-03.wav
-579.4808,64.067055,-4.155061,10.677526,5.5743966,-5.3882747,-8.055248,-10.407084,-8.094343,-3.382186,-0.6511299,-6.7938533,-4.511095,0.16528161,0.24986555,0.17510563,0.07067619,0.06390822,0.027673177,-0.0196318,-0.036490403,-0.041300073,-0.007977727,0.014712747,0.0004441128,-0.019261308,-0.11652919,-0.06287649,0.03480786,0.017025823,0.0044524185,-0.004449714,0.0110143,0.033313602,0.0075004627,-0.010677639,0.00040094936,0.002781181,0.0034027915,disgust,03-01-07-01-01-02-03.wav
-444.42468,50.141106,-11.495376,4.0819964,-10.351024,-3.414377,-15.020253,-8.296696,-10.111552,-8.503111,-5.314575,-3.4285803,-6.472903,-0.5943836,-0.21491703,-0.072092205,-0.0706391,0.057749152,-0.048317112,-0.09650293,-0.18071479,-0.13030422,-0.07954567,0.037981763,-0.057713244,0.08678566,0.044800308,0.0016276584,0.009495093,-0.013146813,0.026472202,0.026414432,0.013925273,0.013146925,0.0053489236,0.011209475,-0.002042396,-0.010083106,-0.009722759,disgust,03-01-07-02-02-02-03.wav
-423.65936,52.213753,-10.568296,7.0564404,5.606815,-0.7459918,-12.402915,-15.223504,-13.148039,-11.943203,-2.7154238,-9.729539,-4.7718105,3.4248133,0.27145636,-0.37133718,0.1490348,0.11727913,-0.019400889,-0.051744994,-0.08625613,-0.12375912,-0.058294807,-0.017485784,-0.060721066,0.0073101297,0.24256518,-0.026531575,-0.010321295,0.027303953,0.036990847,-0.0114861205,0.009358838,0.034639675,0.006227679,0.0069266353,0.004188745,-0.001237959,-0.017004563,sad,03-01-04-02-02-01-03.wav
-541.56464,52.28913,-8.51623,2.478904,-2.9718223,-5.0376043,-10.758559,-8.645349,-5.3147087,-9.242915,-1.7049893,-4.4756618,-6.3672557,0.06424626,0.12780775,0.094476804,-0.0029617038,-0.021657195,0.012713119,0.02724555,0.01842937,-0.01130615,-0.029546227,0.021594,0.056263883,0.016013963,-0.0910464,-0.06504078,0.018941008,0.02918058,0.0033564738,-0.012688343,-0.0050506457,0.008351209,0.006003877,-0.0016877174,0.007073722,0.0056841816,-0.012238712,surprised,03-01-08-02-02-02-03.wav
-554.6222,51.87159,-5.901474,8.644476,4.3582807,-2.0441952,-7.865849,-5.8762217,-0.3067373,-5.575982,0.5368902,-2.1821887,-5.5451803,0.1769593,0.19890484,0.095092274,0.03085915,0.039157435,0.0738124,0.079704836,0.053230338,0.02840664,0.027765954,0.04246202,0.050645895,0.042643823,0.020723842,0.018109454,-0.0039438386,-0.015809383,-0.010370642,0.00097545236,0.0049744095,0.00069431734,-0.0039623436,-0.0036327888,8.222583e-05,0.0025221845,0.0014454306,surprised,03-01-08-01-01-02-03.wav
-612.0989,66.77941,3.215476,18.244734,6.525169,-1.514119,-6.8244085,-11.262509,-6.1204023,-4.453385,-5.1576056,-4.032478,-2.5447848,0.40920913,0.2500136,0.11438246,0.09622955,0.011764372,0.022586105,0.02136795,0.010498973,0.03820577,0.096587464,0.011368272,-0.05698549,-0.013994319,0.15527077,0.047297698,-0.015360507,0.023533728,0.0018905904,-0.013342263,-0.03425167,-0.04086138,-0.018510263,-0.013379821,-0.00018451,-0.004468799,-0.0053154887,angry,03-01-05-01-01-01-03.wav
-516.7293,64.92369,-7.3013797,10.047473,3.8955545,-5.6322036,-16.671911,-15.7434435,-4.96596,-9.504448,-6.9772606,-7.265792,-9.426713,0.2585635,0.32000342,0.17061709,0.073796384,0.09165401,0.019568697,-0.093064904,-0.106088914,-0.059448093,-0.01734448,-0.042869348,-0.07608874,-0.054168805,-0.06434413,-0.032571625,0.0069823437,-0.012813031,0.009421047,0.020922597,0.014948985,0.01577044,0.003734519,0.009738745,0.012422042,-0.0013022387,-0.0025987087,fearful,03-01-06-01-01-02-03.wav
-343.35638,53.41621,-25.460745,-4.0460134,-8.754489,-1.0529757,-21.27887,-14.935613,-13.343116,-19.336655,7.7319107,-6.493441,-10.40618,-0.63990283,-0.4858041,0.028609205,0.38422707,0.47024798,0.12685387,0.22032526,0.026101708,-0.05061467,0.20876957,0.083165765,0.020180197,0.1688731,-0.174528,0.043298528,0.04641818,-0.005135829,0.013075666,0.008537022,0.0022593,0.0062768427,0.01648351,0.014053842,-0.041478522,0.014212013,0.0064855157,fearful,03-01-06-02-02-02-03.wav
-349.29453,46.76302,-13.230844,6.2799573,-9.562723,-3.980129,-5.7187233,-15.92957,-8.441671,-5.8392353,-5.9205823,-2.7696197,-5.5665135,-0.19213851,-0.15112932,-0.016807765,-0.013904467,0.0036345832,0.026424345,0.050159067,0.08870575,0.023105199,-0.051097587,-0.014910596,-0.019559976,-0.05062493,0.028272701,0.011982944,-0.013528669,-0.007021431,-0.007629648,-0.008563581,-0.009475459,-0.012037447,0.0041713193,0.012894083,-0.0030595565,-0.0052152835,0.00256938,angry,03-01-05-02-02-01-03.wav
-583.87317,50.527573,1.728025,13.597336,3.6458344,-3.8875225,-14.064738,-6.664171,-3.9679615,-2.5091279,-1.2038915,-9.75927,-4.32798,-0.8982965,-0.33190733,0.31529507,0.044186667,0.15731609,0.27141732,0.2423552,0.100664824,0.020200351,-0.070347905,-0.03368418,0.099710196,0.07659462,0.056734912,0.033720627,-0.038159028,0.014394219,0.0070567345,-0.033793814,0.011252691,-0.01071171,-0.004525575,-0.009682904,-0.008796149,-0.011665855,-0.028422503,disgust,03-01-07-01-02-01-03.wav
-606.0394,68.29272,2.3053536,13.427635,6.5910497,2.4684184,-15.653624,-6.7549834,-2.7994199,-8.68813,2.2280295,-2.6438475,-3.8785222,0.31770694,0.35511386,0.17474617,0.09180767,0.08397856,0.05768537,0.031423133,0.010338528,-0.0066562477,0.0025474948,0.031470593,0.04364572,0.0365217,0.002335642,0.0028519724,-0.008754063,-0.018540243,-0.015696444,-0.011249619,-0.0073111244,-0.00992267,-0.0118866265,-0.004394638,0.0023822738,-0.00034909777,-0.0056909183,sad,03-01-04-01-02-02-03.wav
-475.92267,50.104103,-8.678971,5.3611736,-0.9363532,-3.215335,-14.808564,-14.4621725,-10.164003,-13.612405,-2.9581935,-10.306524,-10.030118,0.40699732,-0.14981093,-0.24227345,-0.09889835,-0.074815735,-0.06472551,0.02223578,-0.002332676,0.032467835,0.08849189,0.051392596,0.03188594,0.048593923,-0.33871698,-0.05210868,0.05359536,0.013207592,0.007782865,0.0060045696,0.03740012,0.040468305,0.01299865,0.014057795,-0.0048385393,0.041886557,0.018072715,sad,03-01-04-02-01-02-03.wav
-547.9046,67.89125,-7.307589,15.0856,4.713899,-9.615207,-11.615056,-5.792936,-3.9315417,-5.115985,-1.0172253,-7.1979456,-5.300787,0.7049831,0.3860071,-0.17982726,-0.12433562,-0.08229951,-0.056995727,-0.11191694,-0.13705565,-0.044009708,0.00325301,0.028763983,-0.023826702,-0.05302235,0.11799559,0.023111193,-0.0294958,0.020762354,0.0013949925,-0.007792207,-0.021296132,-0.027327966,-0.016699828,-0.014726546,-0.010669815,-0.014122668,-0.006436698,disgust,03-01-07-02-01-01-03.wav
-502.45056,58.196262,-14.18188,4.549209,-5.6254115,-9.735067,-9.498043,-12.199599,-5.074536,-12.91986,-3.202497,-0.47623193,-7.788298,0.70050913,0.5444514,-0.016814455,-0.09447277,-0.05893101,-0.06754104,-0.1299648,-0.15966614,-0.10264547,-0.084439926,-0.08660484,-0.015680976,0.06590309,0.03225457,0.011845998,-0.014922687,0.0003619845,0.0020916224,-0.006857004,-0.009987912,-0.0030858128,0.0026686918,-0.009272857,-0.021074245,-0.012731759,0.006509589,surprised,03-01-08-02-01-01-03.wav
-585.61774,54.735394,-7.5529494,6.39077,-3.836562,0.27960464,-11.890846,-10.357372,-5.632744,-9.938418,0.20334296,-1.2503791,-6.964414,0.06155351,0.083217375,0.072878405,0.058790013,0.043978892,0.030902676,0.021183236,0.015324821,0.012479907,0.010847037,0.008653465,0.0049348916,-0.00039292764,-0.00026581943,-0.0006105796,-0.00090811215,-0.00055493135,0.00056138594,0.0017263854,0.0021228022,0.0016376454,0.00082293455,0.00014283518,-0.000525827,-0.0015843536,-0.0030849066,surprised,03-01-08-01-02-01-03.wav
-396.15756,44.288467,-16.906322,-3.5465307,-12.570479,-1.2056885,-13.956591,-12.861632,-11.221938,-15.224036,3.2297616,-10.0211935,-6.9288206,-0.4265132,-0.23442176,0.15420318,0.1422273,0.009430379,-0.065385304,-0.0821244,0.07470932,0.18557756,0.08756611,-0.0095887035,0.009721836,-0.008600325,-0.090934716,-0.03832162,-0.00037225673,0.020203715,0.023877738,0.009940563,-0.006121,-0.0038128088,0.0025567096,0.004959616,0.006625531,0.0088472,0.00015182902,happy,03-01-03-02-01-02-03.wav
-558.9614,52.89056,-3.8151052,2.379026,-1.7449112,3.4234202,-16.881487,-9.580489,-6.4145308,-11.025261,1.7924423,-8.781247,-4.270979,0.014455631,0.020584384,0.020718746,0.020307705,0.019169398,0.017679792,0.016338171,0.015195985,0.01380436,0.011751415,0.009194052,0.00678478,0.005070702,0.024648331,0.013347272,-0.011588892,-0.010769499,-0.00370193,9.4110605e-05,-0.0016993375,-0.0048835212,-0.0051012053,-0.002650122,-0.0022766432,-0.006614374,-0.0046132,happy,03-01-03-01-02-02-03.wav
-618.5003,67.16306,5.2897525,16.971664,10.753808,1.6424099,-7.73416,-3.596293,0.7531799,-4.4280972,0.4402465,0.39507508,-0.50945926,0.113604814,0.13447338,0.07263843,0.011097927,-0.023301307,-0.028889947,-0.022861721,-0.0232388,-0.035020176,-0.04917755,-0.053303503,-0.044175446,-0.03060044,0.0019127233,0.0012366977,-0.0024665808,-0.006220963,-0.007240188,-0.0045017935,4.098905e-06,0.0031939528,0.0037629858,0.0026503273,0.0013190409,0.00045664105,4.883002e-05,neutral,03-01-01-01-01-02-03.wav
-570.0003,29.231855,-28.57205,-1.171939,-8.968902,-10.66074,-13.617955,-19.157396,-4.766867,-3.6555245,-10.312673,-5.831186,-4.9526553,0.014302508,0.0044714413,-0.012493299,0.000992059,0.016766263,0.0029547436,-0.014414414,-0.0036735772,0.011890009,0.0019985223,-0.012580836,-0.0037369786,0.009813961,0.0035422484,0.0009836529,-0.0016829657,-4.1167928e-07,-0.0012799168,-0.00048723872,0.0011306371,-0.002271171,-0.001724064,0.0027561306,0.0015266942,-0.0007084978,8.7094144e-05,fearful,03-01-06-01-02-02-02.wav
-573.29675,45.841038,-9.815438,4.2864203,-8.331691,-3.4894345,-5.228768,-11.024238,-5.6289387,-1.9968009,-5.772927,-2.414227,-7.066335,0.02889378,0.040983096,0.041085776,0.040507287,0.03849345,0.034564715,0.02878302,0.021803487,0.0146894865,0.008566418,0.0042529195,0.0020163856,0.0015387506,-0.004518187,-0.005887096,-0.004519093,-0.0026559595,-0.00077200815,0.00071057584,0.0015490837,0.0017338614,0.0014544802,0.0009998427,0.000636976,0.000518277,0.00064925,angry,03-01-05-01-02-01-02.wav
-443.42944,29.981758,-23.440504,3.0224888,-14.731199,-7.9682097,-2.6709795,-13.843132,-2.4567149,-4.553097,-3.811007,-3.1909873,-7.0461497,-0.0024323773,-0.0034029582,-0.0032919708,-0.0031097147,-0.0028601426,-0.002548816,-0.0021825486,-0.0017694214,-0.0013184181,-0.0008395353,-0.0003431478,0.00015986741,0.00065859535,-0.0011943219,-0.0016712536,-0.0016183557,-0.0015314571,-0.0014124719,-0.0012639952,-0.0010892738,-0.000892101,-0.0006767772,-0.00044798147,-0.00021067244,3.0020285e-05,0.0002688995,angry,03-01-05-02-01-01-02.wav
-494.52975,18.056477,-30.07168,-0.7237615,-13.800602,-13.927187,-7.8496547,-15.514229,-8.308817,-4.5681543,-10.636232,-3.0921698,-4.921131,3.2655753e-05,4.2131753e-05,3.275294e-05,1.885481e-05,2.235364e-06,-1.4390156e-05,-2.869527e-05,-3.8620772e-05,-4.265415e-05,-4.041878e-05,-3.2415814e-05,-1.9936046e-05,-5.0174203e-06,3.0371794e-07,4.6316984e-07,1.7919358e-07,-2.2475128e-07,-6.621051e-07,-1.0334003e-06,-1.2391691e-06,-1.210316e-06,-9.3165477e-07,-4.0546345e-07,2.8359662e-07,1.0398069e-06,1.7433409e-06,fearful,03-01-06-02-01-02-02.wav
-668.7458,55.410492,-9.870234,8.890352,-5.384463,-3.2466254,-4.714209,-9.191695,-6.5311093,-1.5827594,-5.251599,-3.7161434,-5.4978647,0.020195521,0.026191523,0.020165345,0.0128013985,0.0059222444,7.833001e-05,-0.004870485,-0.008921562,-0.011784946,-0.013222841,-0.013240804,-0.012017391,-0.009877141,-0.0038476896,-0.005297725,-0.004967435,-0.0045905346,-0.004109671,-0.0033254926,-0.0021777635,-0.0008714111,0.00029368929,0.0011469506,0.0016874031,0.0019795727,0.0020661,sad,03-01-04-01-01-02-02.wav
-632.8413,51.21267,-12.331495,6.8383837,-8.293319,0.9601437,-9.003005,-12.055547,-3.9691167,-1.2512871,-5.335915,-1.2540848,-5.6199727,0.41673616,0.27728137,-0.06884775,-0.018141476,0.08252692,0.057704777,-0.033594877,-0.07829835,-0.0076673254,0.05329309,0.018007975,0.01648633,0.010397365,0.052436236,0.021264564,-0.026217451,-0.009111586,-0.0012325881,-0.006868633,-0.009537176,-0.007911204,0.003671997,0.007452033,-0.0032766855,0.0036751346,0.0074612135,disgust,03-01-07-01-01-01-02.wav
-549.81213,47.06897,-15.313465,-0.7237251,-11.3307085,-5.24344,-13.0134945,-15.76116,-5.324898,-2.7369673,-11.184812,-0.12918532,-9.21057,-0.003313715,-0.004632029,-0.0044758525,-0.0042423955,-0.0039666565,-0.0036889114,-0.0034472956,-0.0032708715,-0.0031754377,-0.003159738,-0.0032069806,-0.0032872912,-0.0033638407,-0.0015324829,-0.0021392733,-0.0020586245,-0.0019359147,-0.0017866116,-0.0016286938,-0.0014796185,-0.0013535422,-0.001259231,-0.0011987811,-0.0011678266,-0.001156603,-0.001152133,disgust,03-01-07-02-02-01-02.wav
-660.486,44.381096,-6.904634,5.1159205,-5.344925,-7.172714,-12.497758,-13.778645,-8.88734,-2.739391,-9.832708,-3.8711176,-8.513406,0.005531935,0.007808565,0.0075152535,0.0066194595,0.0052083335,0.0034860095,0.0013796969,-0.0011561771,-0.0037514549,-0.0059107835,-0.0074628196,-0.008440679,-0.008768591,0.00068811275,0.0013252714,0.0016816277,0.0012981307,0.00081204844,0.0009919623,0.001259295,0.0007610381,-0.00013510836,-0.0006198418,-0.0007946461,-0.0011674654,-0.0015731915,sad,03-01-04-02-02-02-02.wav
-536.0383,31.846027,-15.307126,-0.40857482,-11.525757,-12.0309725,-4.7934747,-11.9168005,-7.2935114,-5.8916774,-5.7092533,-1.6230545,-5.2399797,0.0009232989,0.0012941539,0.0012614328,0.0012087141,0.001138616,0.0010545386,0.0009603145,0.000860463,0.0007590537,0.0006603928,0.00056810555,0.0004851892,0.0004139065,-0.00015567993,-0.00021562813,-0.00020257583,-0.00018161425,-0.00015394436,-0.00012105148,-8.469042e-05,-4.676225e-05,-9.140613e-06,2.641541e-05,5.8359983e-05,8.5476764e-05,0.00010693295,surprised,03-01-08-02-02-01-02.wav
-578.057,38.45091,-14.525625,10.058563,-7.2689314,-7.3384395,-3.0743463,-5.9540725,-3.0855608,-3.6333275,-4.09127,-4.7672715,-3.2583673,0.06463144,0.08457074,0.06746761,0.04794757,0.03321618,0.025829742,0.023586223,0.022772131,0.021649241,0.021296252,0.02351972,0.028101536,0.031999785,0.0011792775,-0.0002757677,-0.0027230487,-0.004879004,-0.0065639145,-0.00512982,-0.0031269235,-0.001148813,0.00082952605,0.0021166552,0.0041558626,0.0059383786,0.007720916,surprised,03-01-08-01-01-01-02.wav
-535.5788,36.26328,-22.62245,4.0168123,-8.62528,-12.712104,-9.14653,-14.396338,-6.273568,-5.957328,-10.965574,-1.8183457,-11.756156,0.00023281075,0.00032360968,0.00030716308,0.00028023176,0.00024389506,0.00019936933,0.00014800797,9.168979e-05,3.2287873e-05,-2.8210487e-05,-8.7795146e-05,-0.00014437886,-0.00019605717,1.5171702e-05,2.1180707e-05,2.0101399e-05,1.8353947e-05,1.5970832e-05,1.3054488e-05,9.692358e-06,6.004722e-06,2.112485e-06,-1.8509562e-06,-5.750242e-06,-9.451084e-06,-1.284034e-05,happy,03-01-03-02-02-02-02.wav
-604.6987,45.07209,-17.890179,12.041527,-6.429033,-6.6027994,-4.548531,-12.551145,-3.5843365,-4.1316247,-6.3168316,-1.837649,-7.810061,0.034354784,0.047218226,0.043332435,0.0375293,0.030674526,0.02372551,0.01754652,0.012751972,0.009611284,0.008032287,0.0076237707,0.007817278,0.008017516,-0.00015404522,-0.00018037259,-5.677268e-05,0.00017385333,0.0005167313,0.0009422228,0.0013882186,0.001782886,0.0020711622,0.002228473,0.0022569024,0.0021738738,0.0020056493,happy,03-01-03-01-01-02-02.wav
-638.03485,46.49924,-9.892578,4.896697,-6.4146495,-5.0707607,-6.2804704,-10.606287,-6.0774636,-3.2331312,-5.6609917,-3.273961,-8.5222,-0.018954545,-0.026248297,-0.024816219,-0.023012381,-0.021171551,-0.019302636,-0.017369967,-0.015675472,-0.014837925,-0.015268693,-0.016631922,-0.017913958,-0.01821785,-0.008373471,-0.0110134585,-0.008806219,-0.0058936337,-0.0029705006,-0.0004194761,0.0017399115,0.0036110175,0.005153323,0.006172556,0.0065539167,0.0064356015,0.00609114,neutral,03-01-01-01-02-02-02.wav
-485.5585,32.210358,-29.872738,6.866108,-11.342903,-14.860304,-6.8069296,-15.646825,-3.9503894,-7.934324,-9.38069,-2.2029278,-11.628489,9.536743e-07,0.0,0.0,0.0,-1.7881394e-08,2.3841858e-08,0.0,0.0,0.0,0.0,-1.1920929e-08,0.0,0.0,-2.9802323e-09,0.0,-2.2351743e-09,1.4901161e-09,0.0,2.9802323e-09,3.7252903e-09,2.2351743e-09,-1.4901161e-09,-2.9802323e-09,3.7252904e-10,0.0,1.4901161e-09,happy,03-01-03-02-01-01-02.wav
-596.9097,42.28311,-20.867561,5.388656,-8.000669,-6.724699,-8.967098,-14.922028,-5.081355,-3.6502304,-8.352838,-2.4565265,-10.150616,-0.010661681,-0.014846287,-0.014170875,-0.013115655,-0.011773487,-0.010253766,-0.008666746,-0.00711035,-0.0056615723,-0.0043726377,-0.003271799,-0.002367182,-0.0016517757,-0.0037050657,-0.005173616,-0.004979258,-0.0046724263,-0.004277547,-0.0038253039,-0.0033483417,-0.0028762268,-0.0024316136,-0.0020289924,-0.0016758589,-0.0013752949,-0.0011278541,happy,03-01-03-01-02-01-02.wav
-650.7109,54.477303,-9.090126,8.411755,-4.3875356,-3.7657063,-5.3627515,-8.610381,-3.9715521,-0.89597356,-4.7214055,-1.9953885,-5.056728,0.21891037,0.2729077,0.19363573,0.13004352,0.108111165,0.10632832,0.09404245,0.06813036,0.046897534,0.040709946,0.041022524,0.03543162,0.023129992,0.010186359,0.012810071,0.00901451,0.0050401003,0.0022733083,0.00095638423,0.0008882337,0.0018696793,0.0033413444,0.0042609232,0.0038786987,0.0024416868,0.0008212149,neutral,03-01-01-01-01-01-02.wav
-532.0913,42.358128,-16.971235,7.453699,-8.148302,-4.6373696,-5.435113,-10.416671,-2.7042246,-0.8080573,-2.2053719,-1.9357876,-4.137694,0.019050071,0.023977555,0.015784018,0.0042674225,-0.007945486,-0.018168924,-0.024308043,-0.025321342,-0.021387843,-0.013755708,-0.0043426743,0.004781444,0.0118813,-0.010418257,-0.013504154,-0.010093247,-0.005261264,-5.7994217e-05,0.004439074,0.007381925,0.008336919,0.00735298,0.004904602,0.0017358162,-0.0013435127,-0.0036508853,angry,03-01-05-01-01-02-02.wav
-568.15845,33.30165,-26.176714,4.782823,-12.257127,-9.782231,-8.575204,-15.386596,-6.1311216,-7.41416,-6.4468255,-5.3656745,-5.022464,0.0047848453,0.0067843786,0.0061664097,0.004174181,0.0015691284,-0.00033606312,-0.0015229936,-0.0028331173,-0.004112183,-0.004274295,-0.003190866,-0.0020610178,-0.0015813378,0.0068025407,0.005581042,0.00011752973,0.0007505174,0.0032190182,0.0013020358,-0.0022445181,-0.0021052642,2.7546077e-05,-0.0007199482,-0.00298399,-0.0020535546,0.0005914512,fearful,03-01-06-01-01-01-02.wav
-492.15945,15.558997,-27.027588,-4.9528427,-11.933763,-12.674922,-8.616406,-13.488604,-6.962662,-5.6960545,-10.570782,-4.4703984,-7.3906784,1.956255e-07,-6.113297e-09,-2.4453188e-08,0.0,0.0,-2.4453188e-08,-1.2226594e-08,2.4453188e-08,-1.2226594e-08,0.0,0.0,-6.113297e-09,-6.113297e-09,-3.0566486e-08,-1.2226594e-08,-6.113297e-09,0.0,6.113297e-09,3.0566485e-09,1.5283242e-09,1.5283242e-09,-1.5283242e-09,-1.5283242e-09,1.5283242e-09,1.5283242e-09,0.0,fearful,03-01-06-02-02-01-02.wav
-416.28802,23.78608,-30.841583,-2.1526594,-19.170498,-11.236555,-3.3947017,-17.052801,-6.1666703,-6.7994413,-8.149092,-4.606157,-11.811432,1.7640218e-07,4.4100545e-08,0.0,0.0,-2.2050273e-08,0.0,1.1025136e-08,0.0,5.512568e-09,0.0,1.1025136e-08,-1.378142e-09,-2.2050273e-08,-8.268852e-09,2.756284e-09,0.0,0.0,-4.134426e-09,-2.756284e-09,0.0,-2.756284e-09,1.0336065e-09,-1.378142e-09,-1.7226776e-09,5.1680327e-10,-6.89071e-10,angry,03-01-05-02-02-02-02.wav
-629.4979,49.499107,-14.41869,5.444786,-7.956003,-5.201761,-9.801169,-15.274471,-4.044487,-0.23157308,-10.309918,-1.9046052,-9.48154,0.023197036,0.030932507,0.025966771,0.019488484,0.013127087,0.0077717793,0.003366298,-0.0006464533,-0.004622678,-0.008302103,-0.010970955,-0.012040273,-0.011575791,0.0022258873,0.0028276185,0.0020025156,0.0009930852,0.00011265278,-0.00050085713,-0.0009167022,-0.0012990667,-0.0017466694,-0.0022081912,-0.002532228,-0.0026030012,-0.0024494005,disgust,03-01-07-01-02-02-02.wav
-655.2373,43.462273,-5.0028157,4.3878736,-4.9407687,-4.590479,-9.25633,-11.396569,-4.461121,-2.9189162,-6.4066687,-3.5330727,-6.676325,0.0027764363,0.003824554,0.0035320898,0.0030753538,0.0024972481,0.0018524028,0.0012016534,0.0006060393,0.00012038805,-0.00021301885,-0.0003692852,-0.0003444023,-0.00015631966,0.00030721122,0.00042375422,0.00039278276,0.0003435597,0.0002798301,0.00020712503,0.00013269401,6.516231e-05,1.3834201e-05,-1.2415537e-05,-6.463957e-06,3.5675417e-05,0.00011372566,sad,03-01-04-01-02-01-02.wav
-660.48944,47.49846,-9.866229,6.0961437,-9.001065,-6.4437575,-10.155412,-13.963024,-9.411344,-3.980598,-7.930611,-2.4514315,-7.0683475,0.010112123,0.0135611305,0.011460891,0.0083287675,0.0046338146,0.00088815513,-0.0024476622,-0.0050367806,-0.006700196,-0.0074128453,-0.0072706146,-0.0064461245,-0.0051471875,-0.0015925117,-0.002261763,-0.0022789263,-0.0022705505,-0.002192841,-0.0020044635,-0.0016785186,-0.0012105386,-0.00062027294,5.221811e-05,0.00075418607,0.0014287218,0.002021831,sad,03-01-04-02-01-01-02.wav
-574.17163,45.985577,-12.048971,5.8375087,-11.664725,-2.1122408,-5.376717,-11.543213,-5.6000924,0.08080066,-5.48741,-2.7520907,-6.636899,-0.01121359,-0.015634207,-0.014979848,-0.013953107,-0.012639265,-0.011138826,-0.009553025,-0.007970245,-0.006456162,-0.0050487984,-0.0037592056,-0.002577446,-0.00148193,-0.0059581096,-0.008307971,-0.007964028,-0.007420191,-0.0067166244,-0.0059019392,-0.0050269943,-0.0041386415,-0.003274836,-0.0024619836,-0.001714867,-0.001039015,-0.00043436137,disgust,03-01-07-02-01-02-02.wav
-538.60986,35.79179,-22.749153,3.7383611,-11.058676,-8.571916,-3.436534,-8.093793,-5.6118436,-3.854676,-5.85382,-2.7402108,-1.5029957,-0.018621901,-0.026416358,-0.026654085,-0.027033005,-0.027528564,-0.028110106,-0.028743343,-0.029393038,-0.030025704,-0.03061133,-0.031124042,-0.031542648,-0.031849787,0.005819617,0.008209302,0.008146936,0.008044804,0.007905504,0.0077323825,0.007529389,0.007300819,0.007051141,0.0067848163,0.00650619,0.006219455,0.005928607,surprised,03-01-08-02-01-02-02.wav
-586.8292,39.775547,-17.666685,5.283215,-7.9178476,-10.404181,-7.9424667,-11.435494,-6.3265843,-4.952376,-7.996312,-4.6996894,-5.68084,-0.0012853285,-0.0017443389,-0.001542484,-0.001269621,-0.0010037017,-0.0008244733,-0.0007923039,-0.0009322073,-0.0012257519,-0.0016137292,-0.0020072663,-0.0023063803,-0.002420014,-0.0071615255,-0.009846669,-0.009036457,-0.007792834,-0.0062561925,-0.0045883795,-0.002946746,-0.0014613392,-0.00021918614,0.0007415589,0.0014280946,0.0018814522,0.0021609792,surprised,03-01-08-01-02-02-02.wav
-622.5787,51.31145,-10.439538,4.7658195,-4.809169,-3.2195776,-5.7218094,-9.39364,-5.245095,-1.9874331,-5.0378,-2.8686624,-6.420317,0.012751292,0.017641313,0.016524788,0.01484287,0.012811714,0.010621709,0.008378377,0.0061324886,0.0039846795,0.002136055,0.000776367,-0.00012703323,-0.00091782084,-0.012710138,-0.017282085,-0.015381749,-0.012723048,-0.009822006,-0.007082566,-0.004737155,-0.002887527,-0.0015559675,-0.00070135284,-0.00023353027,-5.670632e-05,-0.00010433446,neutral,03-01-01-01-02-01-02.wav
-584.8095,43.18487,-21.301863,8.527552,-6.874347,-6.1610537,-4.6324816,-12.898247,-4.476372,-3.3672578,-5.5230355,-2.7173183,-8.498697,0.008452196,0.011748827,0.011143098,0.010165594,0.008862643,0.0072947037,0.005533304,0.003656528,0.0017445271,-0.00012452785,-0.0018786085,-0.003455217,-0.004803865,0.00045092902,0.00060766324,0.000521397,0.00038802624,0.00022172317,3.945522e-05,-0.00014127982,-0.00030465156,-0.00043838375,-0.00053501053,-0.0005921914,-0.0006123552,-0.00060152623,happy,03-01-03-01-01-01-02.wav
-534.45734,38.031597,-22.947289,4.5904765,-6.45614,-11.968885,-11.765814,-14.9696865,-4.1226363,-3.6655285,-11.60772,-2.2014947,-10.770111,-0.015963364,-0.021300292,-0.018226575,-0.014471376,-0.010047371,-0.004585934,0.0011166334,0.0055489778,0.0082612755,0.00996964,0.010890293,0.010263288,0.007897806,0.004693663,0.0055163056,0.0042831986,0.0034909577,0.0028577237,0.0018908456,-0.00021974891,-0.001413937,-0.0021935627,-0.0023096756,-0.0019834074,-0.0023374246,-0.0019530095,happy,03-01-03-02-02-01-02.wav
-662.6597,43.95871,-6.3106313,4.213039,-6.3076406,-4.728421,-11.087014,-14.509219,-10.578534,-4.6570067,-8.425255,-3.9502358,-9.419881,-0.014151001,-0.018660117,-0.0148460865,-0.009242249,-0.00280613,0.0034193515,0.008510714,0.011826312,0.013093734,0.012412047,0.010180866,0.0069831787,0.0034555674,-0.009368551,-0.012496436,-0.010366512,-0.0072142584,-0.0035431073,0.000101855396,0.003240229,0.005536817,0.006839917,0.0071751075,0.0067045987,0.005669231,0.0043313233,sad,03-01-04-02-02-01-02.wav
-558.0113,46.11991,-15.717797,0.96815825,-10.4024515,-5.388002,-11.228688,-13.685904,-5.9222684,-0.8050866,-8.620477,0.92104954,-9.203617,0.0082909595,0.0114680985,0.010716504,0.00952035,0.007959262,0.0061352006,0.004163424,0.002163432,0.00024940228,-0.0014781705,-0.0029400026,-0.004082018,-0.0048777754,-0.0017191877,-0.0023824756,-0.002238501,-0.0020078241,-0.0017036549,-0.0013430722,-0.0009457722,-0.00053281896,-0.00012507726,0.00025801137,0.00059955695,0.0008861486,0.001108371,disgust,03-01-07-02-02-02-02.wav
-644.4018,57.697067,-13.365279,9.040557,-9.70386,-0.13237758,-8.262967,-13.345395,-6.544706,0.04526272,-6.3503103,-2.7915792,-7.690271,0.20001085,0.22939582,0.064462215,0.016487256,0.06944697,0.04830698,-0.0055719726,-0.066775896,-0.019007022,0.04700574,0.02533007,-0.011205696,-0.0025122333,-0.032255046,0.0020241798,0.010550797,-0.018031767,-0.0046263863,-0.00022969884,0.0008080674,-0.003017632,0.0019271238,0.0027544126,0.0034586738,0.0012750216,0.0036677092,disgust,03-01-07-01-01-02-02.wav
-676.1185,52.612183,-9.784049,7.197896,-6.0254583,-4.5275683,-6.722465,-10.6761875,-6.112196,-3.997292,-4.9271154,-5.51184,-4.9986033,0.08482269,0.097370975,0.056720424,0.03847794,0.041408833,0.037082948,0.01904834,0.007574242,0.011862651,0.015138213,0.004641632,-0.008042217,-0.010947055,-0.0008210159,-0.0017200378,-0.0006288807,0.0028017138,0.00513574,0.005039713,0.003576276,0.004434241,0.007963659,0.009216391,0.0066219326,0.0020986537,-0.0018956048,sad,03-01-04-01-01-01-02.wav
-517.50433,20.993107,-31.983929,-0.500514,-15.073192,-12.852131,-8.589692,-15.689876,-6.7601175,-2.9079192,-10.193745,-5.264623,-6.4210153,1.8608279e-07,3.4890522e-08,-2.3260348e-08,1.7445261e-08,-2.3260348e-08,-1.1630174e-08,0.0,-1.7445261e-08,0.0,3.4890522e-08,-1.4537718e-09,-1.4537719e-08,8.722631e-09,0.0,2.5441007e-09,2.9075435e-09,4.3613153e-09,0.0,0.0,-1.4537718e-09,-2.1806577e-09,1.4537718e-09,1.4537718e-09,-1.4537718e-09,3.6344294e-10,7.268859e-10,fearful,03-01-06-02-01-01-02.wav
-467.90463,33.208317,-24.262503,2.993979,-14.986861,-7.198016,0.19980639,-12.791636,-4.086005,-4.7434196,-3.6555762,-1.9970082,-8.259773,0.00013106683,0.00018460488,0.00018319367,0.00018114851,0.00017836466,0.00017485867,0.00017082346,0.00016621496,0.00016126467,0.00015603747,0.00015069786,0.00014534437,0.00014013035,-6.327877e-05,-8.914236e-05,-8.853736e-05,-8.7553366e-05,-8.6197964e-05,-8.45134e-05,-8.25452e-05,-8.033604e-05,-7.793945e-05,-7.542158e-05,-7.28386e-05,-7.025355e-05,-6.7728106e-05,angry,03-01-05-02-01-02-02.wav
-562.36847,41.37459,-15.704152,3.7824314,-11.244979,-6.9277453,-5.2569118,-12.749825,-5.8923283,-2.6502147,-5.279857,-2.45454,-8.410737,0.004904212,0.006853057,0.0066123824,0.006219073,0.005684559,0.005023933,0.0042559113,0.003401419,0.0024833446,0.0015257626,0.00055291015,-0.0004112328,-0.0013433316,0.00094154984,0.0013213682,0.0012916515,0.0012424719,0.0011742631,0.0010877266,0.000983582,0.00086279615,0.0007264418,0.000575839,0.00041253972,0.00023849127,5.6102508e-05,angry,03-01-05-01-02-02-02.wav
-566.02734,31.305124,-24.584507,2.3227859,-9.488271,-8.973363,-10.463872,-16.33096,-5.3060017,-3.561721,-9.028213,-3.6590474,-6.8744125,0.0152847,-0.010526477,-0.010926588,0.01876242,-0.007184922,-0.010984145,0.012439356,-0.00095903646,-0.012606819,0.007152593,0.0049244384,-0.014609966,0.0054123597,-0.0033979423,0.0026166064,0.002699924,-0.0042472724,0.0017383293,0.0025977578,-0.0030132285,0.00015146627,0.0028459597,-0.0019730914,-0.0012984433,0.0032886304,-0.0015686398,fearful,03-01-06-01-02-01-02.wav
-603.9681,40.32789,-17.770468,4.89106,-7.06115,-6.619169,-3.3937283,-7.9255204,-5.984702,-4.916089,-6.8119974,-3.1876774,-5.3296022,0.0014163747,0.001944997,0.0017731985,0.0014959909,0.0011276794,0.0006885813,0.00020616819,-0.00028581714,-0.00074820424,-0.001139111,-0.0014184192,-0.0015534918,-0.0015252618,-0.0031456107,-0.0043323245,-0.0039959047,-0.0034748495,-0.0028202813,-0.0020897684,-0.0013381329,-0.0006109188,5.855241e-05,0.00064886006,0.0011480191,0.0015505849,0.0018556952,surprised,03-01-08-01-01-02-02.wav
-517.1415,34.13823,-20.868233,-4.628409,-12.921586,-10.614436,-8.854368,-13.673905,-6.969843,-5.766284,-8.782566,-5.2931848,-8.421561,0.00011834866,0.00016483446,0.00015649272,0.00014288833,0.00012452427,0.00010206641,7.6352095e-05,4.8230333e-05,1.8805993e-05,-1.0943994e-05,-4.00078e-05,-6.735616e-05,-9.2058646e-05,-8.7371685e-05,-0.00012074447,-0.00011303367,-0.00010054868,-8.3849925e-05,-6.3608335e-05,-4.068744e-05,-1.606418e-05,9.21546e-06,3.4080775e-05,5.7488316e-05,7.844662e-05,9.607106e-05,surprised,03-01-08-02-02-02-02.wav
-575.2467,44.437412,-16.959576,4.7619786,-13.912287,-4.035464,-7.8188396,-14.425544,-6.4001293,-1.0881765,-8.5031395,-3.433012,-7.31481,0.00023254736,0.00032026408,0.0002972267,0.0002609711,0.00021460337,0.00016162382,0.00010590047,5.0829774e-05,-7.139238e-07,-4.6863235e-05,-8.6735745e-05,-0.00012036542,-0.00014844286,4.3477427e-05,6.037984e-05,5.8248723e-05,5.4849592e-05,5.04222e-05,4.5248584e-05,3.9735987e-05,3.4259017e-05,2.9206942e-05,2.494005e-05,2.1742459e-05,1.9763602e-05,1.9035193e-05,disgust,03-01-07-02-01-01-02.wav
-678.107,53.82852,-5.6136465,8.015999,-4.9451227,-4.4980345,-10.079592,-11.96143,-9.157068,-3.4231353,-6.8930206,-3.242536,-6.7743263,0.047425628,0.0638108,0.055056673,0.043112725,0.030123143,0.017366549,0.00558368,-0.0045230943,-0.012230668,-0.016938087,-0.018249063,-0.016262587,-0.01210689,0.0050842776,0.0066040982,0.005378969,0.004298073,0.0033042096,0.0018467128,-8.676389e-05,-0.0018812275,-0.0029918153,-0.0032885864,-0.0029081453,-0.0020903694,-0.0010458827,sad,03-01-04-02-01-02-02.wav
-677.3318,44.626945,-5.773078,6.7751923,-3.2082846,-3.8464124,-7.036621,-9.984122,-5.6840854,-0.6310411,-6.12343,-3.478182,-6.1703653,0.0028463725,0.003912241,0.0035825565,0.0030567427,0.002369575,0.0015673257,0.0007052012,-0.00015619196,-0.0009559444,-0.0016382897,-0.0021583757,-0.0024872762,-0.0026157005,-0.00060115126,-0.000797026,-0.00064751966,-0.00042748012,-0.00017427484,7.0747425e-05,0.000270342,0.00039820804,0.0004433229,0.00041093415,0.00032022028,0.00019949638,7.9958714e-05,sad,03-01-04-01-02-02-02.wav
-617.7082,51.448154,-8.872244,4.0578613,-5.377126,-2.726735,-8.020705,-13.039913,-5.7139177,-0.2933007,-8.882758,-1.924999,-8.139462,-0.0056530614,-0.0076566227,-0.0067343567,-0.005483022,-0.0042359387,-0.003308302,-0.0029209617,-0.0031562622,-0.003947572,-0.005092701,-0.0062901047,-0.0071957298,-0.0074994094,-0.005173426,-0.0071047996,-0.0065081334,-0.0056327623,-0.004624653,-0.003635358,-0.0027910792,-0.0021711828,-0.0017981147,-0.0016377455,-0.0016101364,-0.001609157,-0.0015280946,disgust,03-01-07-01-02-01-02.wav
-422.59006,25.627525,-30.711185,-4.462033,-18.37143,-12.682887,-4.151892,-18.2899,-7.312849,-7.309088,-8.170981,-4.6276407,-11.359121,3.5280436e-07,-1.6537705e-08,4.4100545e-08,0.0,1.1025136e-08,4.4100545e-08,-2.2050273e-08,0.0,-5.512568e-09,-2.2050273e-08,-1.1025136e-08,5.512568e-09,2.2050273e-08,1.1025136e-08,1.378142e-09,5.512568e-09,0.0,2.756284e-09,2.756284e-09,2.067213e-09,0.0,-1.378142e-09,-6.89071e-10,-3.445355e-10,1.8949453e-09,0.0,angry,03-01-05-02-02-01-02.wav
-484.41245,20.069895,-26.202555,-3.4934545,-11.7355585,-10.517629,-11.534222,-16.212563,-5.5053864,-2.9321692,-10.344188,-3.262916,-5.5982776,0.0009534787,-0.0016070512,0.0030345428,0.0021924973,-0.0013339703,0.0040769824,0.002748685,0.0056898044,0.0044423984,0.0030675668,0.007632023,0.004521593,0.0039682877,-0.0013135794,-0.0008899371,-0.0033053833,-0.0027562946,-0.00062206236,-0.002318384,-0.0015383179,-0.0023173736,-0.0005451624,0.0010060068,-0.00088527915,-0.0005471997,-0.0009901676,fearful,03-01-06-02-02-02-02.wav
-569.3612,33.500244,-25.722399,1.9065832,-11.115143,-8.923905,-7.3086634,-16.626795,-6.7482605,-5.9886703,-7.158735,-5.2317185,-5.9866915,-0.0032625375,-0.0032210262,-0.00103293,-0.0008156107,-0.0017233783,-0.00086257176,0.0018065945,0.0032573368,0.0021835705,0.00096957287,0.0017196969,0.002903574,0.0020158424,0.0015869363,0.0013294723,-3.8182512e-05,-6.0429484e-05,0.00055650785,9.785861e-05,-0.001040639,-0.0010891109,-2.5623332e-05,0.00044650765,-0.00013856118,-0.0003618387,0.00046424317,fearful,03-01-06-01-01-02-02.wav
-562.57446,43.781868,-10.402452,6.048465,-6.3162794,-4.709944,-3.6898515,-10.246,-4.4205613,-2.2729366,-2.9810674,-2.349607,-4.839126,0.010840266,0.015199673,0.014814797,0.014188353,0.013342216,0.012306339,0.011117947,0.009819952,0.008459745,0.00708685,0.00575038,0.0044968054,0.0033670529,-0.0023775941,-0.0033512895,-0.0033173757,-0.0032596176,-0.0031768857,-0.0030687838,-0.002936502,-0.002783333,-0.0026147845,-0.0024380684,-0.0022612968,-0.0020921275,-0.0019365497,angry,03-01-05-01-01-01-02.wav
-599.4859,40.099976,-13.991028,3.4786909,-8.02378,-6.8684616,-4.1735325,-10.127123,-4.433278,-3.7810802,-8.020547,-3.5000026,-8.291982,0.011130895,0.015377925,0.01431585,0.012636185,0.010463507,0.007952128,0.005268843,0.0025764124,1.8401024e-05,-0.0022916917,-0.0042763734,-0.0058949604,-0.007139622,-0.0014934907,-0.0020687275,-0.0019426162,-0.0017458415,-0.0014968109,-0.0012181447,-0.00093402923,-0.0006673443,-0.00043717562,-0.0002568387,-0.00013257448,-6.339565e-05,-4.1703384e-05,surprised,03-01-08-01-02-01-02.wav
-530.01263,33.292168,-18.1938,5.585361,-9.724308,-6.4725814,-3.9477248,-9.3031845,-5.139335,-4.2057023,-4.9706597,-3.4273872,-2.2422042,0.00018007266,0.00029335258,0.0004127929,0.0006060156,0.0008642659,0.0011760847,0.0015276012,0.0019034392,0.0022872547,0.002662795,0.003014267,0.003327423,0.0035900092,-8.895382e-05,-0.00011739672,-9.323351e-05,-5.4161002e-05,-1.951034e-06,6.107662e-05,0.00013212832,0.00020813882,0.00028583425,0.00036201713,0.00043359416,0.00049783004,0.00055242726,surprised,03-01-08-02-01-01-02.wav
-646.0169,49.11971,-10.800371,11.480022,-5.822234,-3.082372,-5.2919683,-7.318948,-2.789875,-1.9523804,-3.2981865,-2.3206327,-5.506026,0.080076754,0.10700201,0.09232233,0.07650275,0.06248183,0.048781633,0.035425074,0.025787903,0.021851221,0.021087572,0.020163786,0.019343719,0.020477325,0.00018786162,8.685466e-06,-0.00022021319,0.0003776978,0.0016339498,0.0026274347,0.002949471,0.003091222,0.0034887881,0.0038280494,0.0036567755,0.0031976725,0.0029988145,neutral,03-01-01-01-01-02-02.wav
-593.0543,46.503895,-15.529931,8.504859,-6.1982727,-6.0787473,-8.619365,-12.890373,-3.1055381,-2.1581805,-7.117529,-1.9770372,-8.486348,0.015877482,0.02164682,0.019543737,0.016676506,0.013242647,0.009293645,0.005208027,0.0015331055,-0.0015365293,-0.0041009653,-0.006036344,-0.006998373,-0.0070125153,-0.0027402795,-0.003803573,-0.0035458514,-0.0030726113,-0.0024800834,-0.0018986441,-0.0013427853,-0.000759204,-0.00018493933,0.0002647955,0.0005565989,0.0007653592,0.00092679926,happy,03-01-03-01-02-02-02.wav
-483.8502,35.787163,-30.680637,6.018523,-9.470605,-15.612418,-8.272376,-14.029022,-5.0692515,-5.901593,-9.294798,-0.64742035,-10.770744,3.838689e-07,0.0,0.0,1.1995903e-08,2.3991806e-08,0.0,-1.1995903e-08,0.0,-1.1995903e-08,0.0,0.0,-1.1995903e-08,-1.1995903e-08,1.1995903e-08,3.74872e-09,0.0,5.9979515e-09,0.0,4.498464e-09,-1.4994879e-09,-2.9989757e-09,0.0,0.0,-1.4994879e-09,0.0,0.0,happy,03-01-03-02-01-02-02.wav
-719.1148,69.37248,9.14582,17.470062,9.558501,1.2618637,3.4300098,-6.9391966,-2.3572762,3.4550147,1.8219116,4.073016,0.64530045,0.022885837,0.028903227,0.017735604,0.004040351,-0.0005944325,0.00412156,0.0083391,0.009836686,0.011652313,0.0136361,0.011924677,0.00713038,0.007376029,0.016094666,0.022449961,0.019405855,0.013581755,0.009048647,0.006948396,0.0052967714,0.0029970112,0.0011677513,0.00042927725,-0.00076335744,-0.0023669791,-0.0028746447,neutral,03-01-01-01-02-02-05.wav
-655.9602,62.273277,-0.5966088,14.280577,10.207513,0.40063018,-0.36432496,0.467302,-5.173547,0.35380843,4.0530562,-1.198087,-1.6482736,-0.025664411,-0.036257934,-0.03613859,-0.035940114,-0.035663985,-0.035311796,-0.034885425,-0.03438752,-0.03382082,-0.03318867,-0.032494627,-0.031742595,-0.0309368,-0.006677917,-0.009435204,-0.009409392,-0.009366451,-0.009306507,-0.0092297485,-0.009136414,-0.009026776,-0.0089011695,-0.008759978,-0.008603646,-0.008432648,-0.008247526,happy,03-01-03-01-01-02-05.wav
-563.365,43.99182,-0.28653184,5.5650644,0.9160999,-0.7706401,-5.6607447,-4.331174,-9.8182335,-8.509374,2.0153708,-5.1909037,-4.9647474,0.010288368,0.014540231,0.014515818,0.014475186,0.014418473,0.014345727,0.014257262,0.014153176,0.0140337525,0.013899329,0.013750177,0.013586745,0.013409297,0.00022913891,0.00032386,0.00032164127,0.00031804066,0.00031300305,0.0003065706,0.0002987482,0.0002895932,0.0002791257,0.0002673921,0.0002544437,0.00024033392,0.0002251158,happy,03-01-03-02-02-02-05.wav
-583.20056,53.184452,5.3181205,5.544196,-1.4292186,-6.6437025,-9.05115,-10.883603,-5.799885,-4.7457104,-3.1362424,-0.9322625,-1.2552809,0.0019494762,0.0027514333,0.0027365685,0.0027118092,0.0026772956,0.0026330533,0.0025792744,0.002516057,0.0024435273,0.0023620387,0.0022716885,0.0021727448,0.0020654928,0.00048082808,0.0006792131,0.0006772202,0.00067410973,0.0006701363,0.00066562707,0.00066093,0.00065636897,0.0006522044,0.00064862164,0.00064564915,0.00064323226,0.00064120215,disgust,03-01-07-02-02-01-05.wav
-748.1096,67.098816,4.52372,17.891768,11.065868,2.8260744,-0.6055102,-2.1759784,-3.9314818,1.5262462,4.347285,0.73753005,-2.622081,-0.024408003,-0.03323858,-0.023525378,-0.013740764,-0.01748496,-0.022266373,-0.016724082,-0.012861111,-0.014357623,-0.012267842,-0.009069471,-0.0033077353,0.0026316221,-0.0022563706,0.0010232715,0.004535724,0.002557733,0.0010693319,0.0012893239,0.0018969143,0.0037574559,0.0051320037,0.0021197367,6.333256e-05,0.0007988258,0.0011852296,sad,03-01-04-02-02-02-05.wav
-752.4602,75.41076,8.608349,22.109093,10.721552,2.3472934,1.0529572,-4.0762005,-0.3549337,6.6348853,1.8237786,2.5988574,-2.6520991,0.13238564,0.0003922578,-0.10814257,-0.03264087,-0.05132963,0.018965095,0.03262551,0.048484135,0.0067760064,-0.018628478,-0.011671789,-0.0013853426,-0.0034122285,-0.064825416,-0.04832178,0.028681755,0.023386959,0.0077149,0.009423836,0.012721322,0.023445304,0.019539244,0.0034407522,0.013768421,0.016486902,0.011031089,sad,03-01-04-01-01-02-05.wav
-727.1078,55.841908,11.068944,19.20832,5.81829,0.3981599,1.9675095,-0.4985161,1.75727,3.9008646,7.26851,3.4459176,0.5199958,-0.07339918,-0.063770965,-0.062627584,-0.06087039,-0.048237275,-0.07682894,-0.039884757,-0.040606026,-0.04572419,-0.03686916,-0.06596908,-0.033912525,-0.030538538,-0.011940349,-0.0024740659,-0.011916683,-0.010553253,0.003117601,-0.010058865,0.0023859248,-0.00636508,-0.007266355,0.0050446657,-0.008266509,0.0014912368,-0.0051324866,disgust,03-01-07-01-01-01-05.wav
-384.0643,34.256424,-17.813843,1.6445551,-1.403464,-10.599476,-11.906976,-2.3656282,-9.861037,-5.02252,0.30586258,-3.8414166,-3.6871645,-0.00061720243,-0.0008732802,-0.00087309856,-0.0008727547,-0.00087233627,-0.00087173615,-0.00087097066,-0.00087013375,-0.00086916063,-0.00086803176,-0.0008667829,-0.0008654067,-0.0008639186,0.00010901081,0.0001539957,0.00015396002,0.00015390162,0.00015382053,0.00015371836,0.0001535886,0.00015343614,0.0001532626,0.00015306634,0.00015285064,0.00015260412,0.00015233894,angry,03-01-05-02-01-01-05.wav
-450.13962,44.73647,-20.347181,2.2637043,-4.635675,-7.946278,-16.357342,-13.356622,-10.222762,-8.800164,1.3598043,-5.6383224,-6.432015,-0.043470904,-0.0072079943,0.04347341,-0.008182909,-0.0709095,-0.058075234,-0.002470676,0.006940538,-0.039630715,-0.035937123,0.03584562,0.06506232,0.030568829,-0.025345746,-0.025813108,-0.012432585,-0.0029477477,0.007694768,0.008449121,0.012005707,0.027600734,0.027251402,0.010508833,0.00023187214,-0.0033217685,-0.0004464982,fearful,03-01-06-02-01-02-05.wav
-616.3586,53.23849,0.57082605,10.068678,2.8886933,-6.5185227,-4.004351,-4.163701,-4.6413174,-2.8542097,-0.8178859,-0.90721244,-2.817745,-0.003205493,-0.008391187,-0.015539571,-0.017918235,-0.013232023,-0.0073478813,-0.0069923974,-0.011704552,-0.014737982,-0.011631076,-0.0058434564,-0.004504598,-0.009461797,0.0011899059,0.001920528,0.002446354,0.002870397,0.002935146,0.0026810043,0.0023187094,0.0020039412,0.0017706883,0.001639108,0.0016887636,0.0019582214,0.002296593,fearful,03-01-06-01-02-02-05.wav
-617.4165,75.535324,6.9188824,9.33725,8.847602,-7.298743,-0.068878606,-6.846484,-6.012776,1.350758,2.3913128,0.727179,3.0961466,-0.005650087,-0.009113225,-0.010578291,-0.009756565,-0.007642421,-0.0074908515,-0.009630572,-0.010585156,-0.008274582,-0.005525437,-0.0061771004,-0.009216574,-0.009857499,-0.0015748523,-0.0017395236,-0.00079964777,-0.00043459033,-0.0010793121,-0.0020465294,-0.0022144304,-0.0013045723,-0.00030989572,-0.00041967156,-0.0015664954,-0.0023853325,-0.0018134903,angry,03-01-05-01-02-01-05.wav
-635.0853,56.02686,4.4191833,11.626023,4.162892,-3.817115,-3.4184039,-2.3580186,-3.27739,-2.5335507,0.5281945,-1.8654732,-2.051578,-0.006422339,-0.0092278235,-0.009651586,-0.01032173,-0.011185285,-0.0121723795,-0.013201513,-0.014188239,-0.015055716,-0.015746076,-0.01623008,-0.0165125,-0.016631644,-0.004586279,-0.0065315436,-0.006657008,-0.006830956,-0.0070057567,-0.0071246903,-0.0071309893,-0.0069775567,-0.006636202,-0.006104462,-0.0054082293,-0.0045995046,-0.003748674,surprised,03-01-08-01-01-01-05.wav
-574.37366,44.21567,-2.3618045,4.267144,-2.5085664,-5.8653407,-6.619645,-7.5177255,-8.779401,-5.3003,2.437307,-4.0625935,-3.962775,0.0017172375,0.002430154,0.0024422219,0.002462459,0.0024906134,0.0025266132,0.0025704221,0.0026217767,0.0026804665,0.002746402,0.0028192382,0.002898744,0.0029845927,-0.0035778696,-0.0050582765,-0.005053841,-0.005046481,-0.0050361743,-0.0050229365,-0.0050067827,-0.004987717,-0.00496576,-0.004940917,-0.0049132155,-0.0048826723,-0.0048493133,surprised,03-01-08-02-02-01-05.wav
-744.00616,71.92842,13.545238,21.100002,9.0789995,2.077486,-0.5501983,-1.5731438,-0.37176993,0.94681257,1.2274365,0.784496,-2.2259653,0.21961826,0.06113055,0.011380638,0.05110676,0.052347895,0.057197858,0.042536955,0.020892685,0.0033703474,0.02133251,0.0013082728,0.008722854,0.03166299,-0.055110484,0.002122957,0.0012980613,0.0005542593,0.00084857066,-0.00942068,-0.0011007747,-0.009099285,-0.012891629,-0.015612532,-0.0018275345,-0.0031663706,-0.0020508852,sad,03-01-04-02-01-01-05.wav
-587.7437,48.639202,2.4192517,12.627031,-2.2152588,-9.256491,-4.349899,-3.9374514,-3.5015364,-4.7774534,-2.9900174,1.3187534,-4.4078283,-0.0017819377,-0.0025200476,-0.0025188287,-0.0025167465,-0.002513908,-0.0025104545,-0.0025065157,-0.0025021648,-0.0024975983,-0.0024929272,-0.002488424,-0.0024842145,-0.002480507,0.0033034498,0.00467016,0.0046648514,0.0046560285,0.0046437564,0.004628063,0.0046090214,0.004586719,0.004561252,0.004532721,0.0045012482,0.004466959,0.0044299895,disgust,03-01-07-02-01-02-05.wav
-662.7597,48.831715,11.08488,11.569359,2.1431713,-0.37114778,1.7620169,-5.2868757,-2.5022635,0.7257918,3.885441,0.73805386,-0.52172995,-0.009232041,-0.012531351,-0.011648916,-0.011516074,-0.0121127535,-0.012320524,-0.011486658,-0.010338185,-0.009970919,-0.01032369,-0.0102688335,-0.009191359,-0.007853398,-0.0021910104,-0.006013503,-0.004008603,-0.0037717952,-0.005506252,-0.004437158,-0.0039680908,-0.005612234,-0.0027134018,-0.005413703,-0.0045454153,-0.003806908,-0.004578357,disgust,03-01-07-01-02-02-05.wav
-776.24286,65.79871,14.874017,18.302795,12.032691,5.593629,2.0665553,-4.644863,-2.8962896,6.472925,3.1345165,1.0254151,-2.3782692,0.11940253,-0.01486263,0.07564166,0.08757361,0.009677531,-0.03366942,-0.011140624,0.05933884,0.028998047,-0.016388992,-0.011218057,0.018945957,0.032176487,-0.019993966,-0.008910521,0.01052244,0.008864075,-0.015037953,-0.03216674,-0.016435312,0.0036016502,0.0037533757,0.0057417825,-0.0061441427,-0.010630022,-0.0064573074,sad,03-01-04-01-02-01-05.wav
-488.75458,32.81452,-9.543589,4.327936,-0.40669906,-8.066126,-9.619814,-4.9463735,-12.629444,-8.612479,-0.3396756,-4.635647,-6.7591786,-0.030315509,-0.042811308,-0.042630523,-0.04233173,-0.04191877,-0.041396733,-0.04077214,-0.04005266,-0.03924697,-0.038364343,-0.03741504,-0.036409583,-0.035358686,0.004163955,0.0040741307,0.0012592894,0.0011512314,0.0028313193,0.0026706662,0.00035355092,-0.0008791472,0.0003370414,0.001565711,0.0008375449,-0.0004000902,-0.00015408822,fearful,03-01-06-02-02-01-05.wav
-343.56802,30.301905,-15.451941,-4.3693323,-2.1417978,-9.978175,-12.471821,-0.41930094,-13.28294,-9.884019,4.1306806,-2.813177,-3.861857,-0.00013431621,-0.00019024892,-0.00019017298,-0.00019005757,-0.00018996038,-0.00018984801,-0.00018966578,-0.0001894957,-0.00018925272,-0.00018900975,-0.00018875196,-0.00018846913,-0.00018811681,0.00014853022,0.00020993895,0.00020986909,0.00020979525,0.00020968686,0.000209535,0.00020936188,0.00020915963,0.0002089215,0.0002086565,0.00020835658,0.00020802932,0.00020766334,angry,03-01-05-02-02-02-05.wav
-548.7486,53.61569,-3.3639624,14.486694,7.047398,-9.573702,-3.58178,0.48442128,-3.1737957,-2.167703,2.028064,-0.6557022,-0.91456175,0.004217008,0.0059615346,0.005953882,0.0059411176,0.005923254,0.0059003597,0.0058725285,0.0058397693,0.005802127,0.0057599023,0.0057129804,0.005661515,0.005605657,-0.0014629771,-0.0020674148,-0.0020629736,-0.0020556073,-0.0020452186,-0.0020318446,-0.0020153988,-0.0019958557,-0.0019731591,-0.0019472922,-0.001918185,-0.0018858165,-0.0018501405,angry,03-01-05-01-01-02-05.wav
-662.5266,54.09209,3.15205,10.840101,3.36141,-5.168105,-4.502857,-1.4114485,-0.6572661,-1.0231438,-0.8773807,0.646962,-3.6756268,-0.034371544,-0.04386296,-0.032416064,-0.019195683,-0.0068215765,0.002813199,0.0056770374,-0.00072275364,-0.011663339,-0.018375536,-0.01798547,-0.016070142,-0.017560398,0.00033994808,-0.00050736876,-0.0026979323,-0.004624216,-0.0055781426,-0.0059054634,-0.00612347,-0.0062293597,-0.0058985166,-0.005037611,-0.0040482106,-0.0036469311,-0.0042802803,fearful,03-01-06-01-01-01-05.wav
-614.5782,59.530006,5.031352,12.225226,4.5023003,-2.9535573,-3.7873187,-8.036038,-6.4970827,-3.3329704,-1.4819343,-4.3728395,-4.524285,0.00262928,0.0037034512,0.0036605955,0.0035911202,0.0034974753,0.0033825159,0.0032492399,0.0030998706,0.002936089,0.002758658,0.0025676668,0.0023626923,0.0021432817,0.0048712967,0.0064943074,0.0053800223,0.003740441,0.001853463,2.3019315e-05,-0.0014815361,-0.0024753958,-0.0028871477,-0.0027613267,-0.0022360398,-0.0015029594,-0.00076024083,surprised,03-01-08-01-02-02-05.wav
-572.9952,51.11542,3.419715,5.7354903,-4.7603154,-5.5818825,-4.2945766,-3.3319345,-7.037661,-5.8749614,2.892445,-4.1093335,-4.952768,-0.004711776,-0.006638306,-0.0065647275,-0.006447442,-0.0062940563,-0.006113761,-0.0059163463,-0.0057110274,-0.005505379,-0.0053043906,-0.00511002,-0.004921089,-0.0047332686,0.0021649646,0.0030560305,0.0030398308,0.0030161054,0.0029889015,0.0029625192,0.0029404166,0.0029244414,0.002914379,0.0029080599,0.0029018174,0.0028914246,0.0028730659,surprised,03-01-08-02-01-02-05.wav
-713.4335,68.36094,7.989171,15.139791,11.715775,0.43098253,1.0025576,-2.7731187,-0.12734604,1.8932492,2.404442,1.557769,-0.20470884,-0.015265441,-0.018939728,-0.014195955,-0.012049968,-0.011656639,-0.008388708,-0.0014971632,0.004177782,0.0047963094,0.0023309756,0.0010575515,0.0018184736,0.0022149729,-0.0037467603,-0.0056960094,-0.0061561754,-0.0057730065,-0.005092676,-0.0052114674,-0.0058330055,-0.0056404737,-0.004440669,-0.0034676988,-0.0033026119,-0.002941298,-0.0016440321,neutral,03-01-01-01-01-01-05.wav
-681.50244,53.67715,7.889166,15.003612,7.496662,0.60752547,0.40647623,-3.7849054,-3.164779,0.1472854,2.2793977,-1.1397793,-1.4636346,0.014725358,0.019798175,0.017883189,0.016978944,0.017209876,0.017024817,0.01566453,0.014376274,0.01462082,0.015905546,0.016422795,0.015603274,0.0148895765,-0.0031853244,-0.004219584,-0.0036788313,-0.003402639,-0.003440994,-0.0033936957,-0.003061849,-0.0027691764,-0.002890142,-0.0032849605,-0.0034786968,-0.0033352224,-0.0032458697,happy,03-01-03-01-02-01-05.wav
-616.6896,52.44195,3.3628867,7.603956,-2.669892,-1.670191,-5.894978,-4.3877897,-9.923696,-7.1960244,2.2555795,-5.330919,-4.453632,0.0020504743,0.002896442,0.0028854243,0.0028584443,0.002809791,0.0027424477,0.0026723233,0.002627426,0.002641257,0.0027415527,0.0029390391,0.0032196578,0.003544051,0.005183806,0.0070922626,0.006503907,0.0058173123,0.0051873997,0.00464427,0.004247551,0.0041522062,0.0044551697,0.0050290585,0.0055930195,0.0059511503,0.006100393,happy,03-01-03-02-01-01-05.wav
-580.82275,68.2817,-0.23444374,13.09045,4.146323,-9.643879,0.5444051,-6.6995716,-5.5980434,-1.4942642,0.68736726,1.5369958,-3.6222155,-0.0019389906,-0.0050704954,-0.008557013,-0.007916029,-0.0039447835,-0.0023340576,-0.0051946337,-0.007921731,-0.0060613384,-0.0019437991,-0.0012071459,-0.0044004237,-0.006178615,-0.0031314748,-0.0038400448,-0.0029452324,-0.0030665798,-0.004020942,-0.004394978,-0.0036374505,-0.0028642898,-0.0031959803,-0.004106699,-0.0042264787,-0.0033809617,-0.002831611,angry,03-01-05-01-02-02-05.wav
-713.924,61.634018,7.8993816,16.909286,7.991397,0.050990835,-0.34736514,-2.1838055,-1.2478333,2.9752407,2.3594925,2.0443873,-1.6755614,0.025697596,0.027021822,-0.0018902947,-0.018852262,-0.01115072,0.008728437,0.019000754,-0.0032065897,-0.029145468,-0.03060891,-0.01082907,0.004297789,-0.005931728,0.00010226754,0.006018926,0.0077745686,0.0026391745,-0.0032832623,-0.005009225,0.0014814717,0.0023691233,-0.005595755,-0.01107605,-0.0075819474,0.0018465589,0.006549758,fearful,03-01-06-01-02-01-05.wav
-471.0275,33.861633,-15.337204,-1.8570199,-3.0362043,-7.434627,-12.857091,-8.509115,-7.4595137,-7.422717,-0.78178567,-2.8888845,-5.648055,-0.006363351,-0.009571729,-0.011103957,-0.013122415,-0.0150525775,-0.016412763,-0.016938945,-0.01662524,-0.015683684,-0.014441811,-0.0132229775,-0.012275484,-0.011769908,-0.0034428732,-0.0048764637,-0.0049010445,-0.004946443,-0.005012604,-0.005087483,-0.0051450147,-0.005155441,-0.00510351,-0.0050008073,-0.0048827934,-0.0047935136,-0.0047673923,fearful,03-01-06-02-01-01-05.wav
-415.5648,38.486977,-9.673043,5.3552246,-0.7874857,-9.335597,-9.317086,-3.5473106,-6.9579153,-5.2747674,0.82474214,-3.5363483,-2.7486584,0.021397578,0.030240592,0.03018196,0.030084623,0.029949486,0.029777713,0.029570734,0.029330278,0.029058278,0.028757071,0.028428962,0.028076608,0.02770274,0.003601037,0.0050847623,0.005064246,0.0050368835,0.0050038765,0.0049606254,0.004902937,0.0048327963,0.004756464,0.0046773017,0.004592312,0.004496745,0.00439097,angry,03-01-05-02-01-02-05.wav
-662.40186,45.26849,7.3941174,14.994179,2.1493974,-3.5114405,-0.22264922,1.7752476,1.418719,3.2805324,6.5792856,3.5661979,0.23060298,-0.003416072,-0.0048744073,-0.00497526,-0.005077877,-0.0051232893,-0.0050842855,-0.0049800575,-0.004865121,-0.0047973217,-0.0048047244,-0.0048687654,-0.004934839,-0.0049429317,-0.005858936,-0.00828698,-0.008284895,-0.008264178,-0.008209385,-0.008113586,-0.007982464,-0.007831109,-0.0076756566,-0.0075243316,-0.0073730466,-0.007208153,-0.0070146294,disgust,03-01-07-01-01-02-05.wav
-777.59674,74.773994,16.916862,21.831789,12.460755,4.511533,3.7802963,-4.4799433,2.124794,4.4722114,1.2850405,5.976845,-0.36586004,0.42192024,0.026111413,-0.037849225,0.045697782,-0.014163957,-0.06567161,-0.053758938,-0.019688018,-0.05533755,-0.01207325,0.01241648,0.01944847,0.0070068683,-0.10741739,0.01637322,-0.000632221,-0.023149252,-0.005118313,-0.01753817,-0.014689726,0.0024044665,0.010858745,0.0012746482,0.01184366,-0.0076730647,-0.014131622,sad,03-01-04-01-01-01-05.wav
-718.7961,57.302082,7.2306085,20.15908,6.042261,0.9957846,-1.6510485,-3.7017436,-0.46868625,0.65294427,2.2405434,-0.44549367,-2.5470269,-0.80610734,-0.5007371,-0.13506415,-0.19255677,0.16956386,0.0328746,0.06352987,0.27181897,0.01683294,0.079560466,0.13564366,0.003974955,0.08464744,0.14199914,0.13486432,0.037787344,0.008656077,0.010452609,-0.0004160142,-0.014094564,-0.009872474,-0.0100665735,-0.012191961,-0.0022031718,-0.00961879,-0.0077306377,sad,03-01-04-02-02-01-05.wav
-620.6743,82.28322,11.684595,12.78741,-6.26336,-7.8818665,-3.7111053,-3.809351,-2.227017,-3.22584,-3.597399,4.563336,-0.39809877,0.005289817,0.0016388601,-0.0096048415,-0.01648389,-0.017701063,-0.017836284,-0.019108364,-0.02049814,-0.020655442,-0.019041596,-0.016122779,-0.012416509,-0.00777357,0.016652863,0.023471706,0.022439975,0.019007798,0.01341275,0.0078838235,0.0045326464,0.0037653106,0.003919718,0.0029233587,0.00026916788,-0.0020811022,-0.0014168319,disgust,03-01-07-02-02-02-05.wav
-597.11334,54.36837,4.117723,6.218391,-0.1950863,-5.685921,-3.2197602,-7.2334337,-9.052013,-7.152269,-0.21763003,-5.5701747,-6.3661914,0.033653706,0.047352113,0.04664244,0.045495365,0.043962188,0.04210981,0.04001662,0.037767373,0.03544791,0.03314035,0.030917816,0.028840981,0.0269551,0.006497115,0.009125454,0.008940373,0.008641427,0.008242269,0.0077607147,0.0072176284,0.0066355816,0.0060374206,0.005445005,0.0048777536,0.004351808,0.0038791536,surprised,03-01-08-02-02-02-05.wav
-617.443,58.951935,-2.9919174,9.029224,2.2322032,-10.378318,-3.9435241,-3.641772,-6.472558,-4.5489435,-1.0918692,-3.40189,-1.9715317,0.012427372,0.017530052,0.017400628,0.017198982,0.016942738,0.016650254,0.016336229,0.01600851,0.015666215,0.015300583,0.014897568,0.01444213,0.013922643,-0.003965342,-0.005575685,-0.0054855603,-0.0053546377,-0.0052076736,-0.005071733,-0.004970685,-0.004920151,-0.0049244007,-0.0049754092,-0.005054657,-0.005136921,-0.0051956167,surprised,03-01-08-01-01-02-05.wav
-562.88074,59.837933,-2.8376875,8.135034,4.00898,-2.282989,-7.623981,-7.1474338,-16.50523,-4.884725,3.1197536,-6.729407,-4.807906,0.25894105,0.2288322,0.07376291,0.062753834,0.039742727,0.048635103,0.06563358,-0.040038776,-0.07009528,0.0620539,0.116021745,0.102573566,0.1257561,0.08914247,0.09423513,0.054891136,0.044569314,0.03145378,0.025838176,0.022379288,-0.006539496,-0.017568072,0.0074092317,0.016855864,0.01375824,0.019273298,happy,03-01-03-02-02-01-05.wav
-675.9472,65.55761,4.3977504,15.4905615,9.071381,1.6905035,-0.5467859,-1.0787306,-10.267439,-3.2622569,6.1005945,-2.436399,-1.7463974,-0.055643953,-0.073878385,-0.06473542,-0.06004543,-0.06193613,-0.0658516,-0.06627082,-0.061078683,-0.053743813,-0.0503405,-0.052283805,-0.054899756,-0.05386918,-0.0031995112,-0.0038423098,-0.0024915768,-0.0021829742,-0.004096093,-0.0071308846,-0.008638859,-0.00735284,-0.004829404,-0.0037291732,-0.005037793,-0.007015147,-0.0070772977,happy,03-01-03-01-01-01-05.wav
-687.34436,65.14188,3.0542881,17.502035,8.701955,-0.26920855,2.5011368,-5.7337937,-6.402908,3.139679,1.99735,1.6530609,-0.49405414,-0.04935854,-0.06483046,-0.054553017,-0.04755891,-0.04621925,-0.043797165,-0.033703126,-0.019991234,-0.013777156,-0.018072553,-0.022108058,-0.0156799,-0.004470583,0.003985791,0.0057141124,0.0053904722,0.004024077,0.0021898746,0.0009829456,0.0004470989,-0.00025403677,-0.0012766873,-0.0018455897,-0.0017073919,-0.0017057444,-0.002392846,neutral,03-01-01-01-02-01-05.wav
-548.12854,58.015133,-11.591912,2.8711543,2.0050542,-3.0106847,-9.003407,-2.9245555,-11.904448,-6.313969,5.1597805,-6.071683,-2.4158814,0.007078799,0.0098510105,0.009389569,0.008677603,0.007790891,0.00681836,0.0058492385,0.0049617817,0.004215275,0.003646268,0.0032685387,0.0030759594,0.0030465955,0.0011553993,0.0015927061,0.001472664,0.0012878194,0.0010583786,0.0008080648,0.0005606406,0.0003369961,0.00015291768,1.8181916e-05,-6.3578525e-05,-9.399671e-05,-7.894689e-05,happy,03-01-03-02-01-02-05.wav
-612.02905,68.37137,0.24628884,11.889709,2.9513838,-2.5870562,-3.4354706,-5.5715723,-8.305638,-0.8914382,2.6468205,-3.349977,-1.1202796,0.0051005543,0.0071899085,0.0071155573,0.006993276,0.006825523,0.0066156327,0.0063677593,0.006086812,0.005778213,0.0054479903,0.0051024347,0.0047480636,0.0043913983,0.0035852303,0.005050636,0.0049937563,0.0049041957,0.0047888127,0.004655519,0.0045119356,0.0043641366,0.004215767,0.0040675965,0.003917647,0.0037618196,0.0035949799,happy,03-01-03-01-02-02-05.wav
-731.04675,71.22909,4.706073,19.485659,11.931984,3.1546204,3.0610242,-3.3929605,1.6570348,4.1846576,4.104265,2.8819537,0.25060827,0.039804447,0.03743924,0.014032935,0.014342582,0.027391834,0.026295764,0.014274813,0.0074728965,0.023158686,0.031542987,0.014341421,-0.003023834,0.007211421,-0.006514112,-0.0055116117,-0.0010411147,-0.00257915,-0.0073843,-0.008034147,-0.0012066334,0.0025584241,0.0011930899,-0.0032013648,-0.004634408,-0.0012697703,0.0022579634,neutral,03-01-01-01-01-02-05.wav
-657.15094,50.462704,3.6729527,12.293158,6.0008144,-4.0090985,-2.987819,-3.3091362,-2.533713,-0.7748356,-0.770539,0.40152645,-3.803828,-0.007069627,-0.010515709,-0.011455092,-0.011729169,-0.011087522,-0.010419048,-0.010671893,-0.011700336,-0.0124372095,-0.012182197,-0.011445395,-0.011323122,-0.012163332,0.004564076,0.006280834,0.0059466655,0.005790289,0.0058948635,0.005995107,0.0058063497,0.005376545,0.0050332462,0.004989575,0.005086575,0.0049849744,0.0045742253,fearful,03-01-06-01-01-02-05.wav
-530.7511,57.402332,-12.861926,6.974574,5.5575037,-13.368006,-4.7483253,-3.1927052,-7.3058176,-4.772196,1.4820014,-3.0127788,-2.508663,-0.000120425655,-0.00016784668,-0.00015868683,-0.00014354226,-0.00012236726,-9.528748e-05,-6.245139e-05,-2.4016032e-05,1.9880648e-05,6.909856e-05,0.0001233752,0.0001824773,0.00024618502,-0.0019412412,-0.0027485979,-0.0027574922,-0.0027700614,-0.0027834326,-0.002794397,-0.0028001184,-0.0027986444,-0.0027893519,-0.0027730123,-0.0027516773,-0.002728211,-0.002705732,angry,03-01-05-01-01-01-05.wav
-350.02188,30.031206,-10.444896,-3.1150222,0.19722402,-9.963837,-14.113779,-2.31856,-10.9197855,-7.29981,4.0902686,-1.4101481,-4.507715,0.00043453532,0.0006139962,0.0006138261,0.0006135558,0.00061325356,0.0006128299,0.0006123348,0.0006117122,0.0006109833,0.0006102551,0.0006093645,0.0006084078,0.00060735084,8.4306026e-05,0.00011905743,0.00011900884,0.00011895872,0.00011889798,0.00011881797,0.000118718024,0.0001185973,0.00011846338,0.00011831294,0.00011814172,0.00011795456,0.00011775296,angry,03-01-05-02-02-01-05.wav
-472.2308,43.44461,-14.952086,2.036253,-3.5672262,-6.554597,-14.047054,-12.088764,-9.8040285,-12.164199,-0.7219006,-6.4855704,-8.327799,-1.0175879,0.10043717,0.24665275,-0.24016042,-0.10710598,-0.022289928,0.0072695604,0.058283564,-0.012845594,0.08999914,0.05210034,0.04725025,-0.13372475,0.089365944,-0.024387395,-0.013559854,0.03421223,0.010526828,0.00047268797,0.0038660285,-0.0013693189,-0.002554465,-0.0029427814,0.006586589,-0.0031690134,0.0012836581,fearful,03-01-06-02-02-02-05.wav
-745.7621,75.938835,17.748379,21.577127,10.450661,2.7912772,3.1924102,-5.0591197,-0.3011159,7.2569885,3.670541,2.9588938,-1.5769178,-0.025012398,-0.15706864,-0.0066457926,0.023095703,-0.009495163,0.053634606,0.08142056,0.17985201,0.08154403,-0.10312915,-0.03102616,0.036559235,0.033291675,0.03781859,0.03892958,0.016176784,0.004981862,0.0108761545,4.056692e-05,-0.014511712,-0.02000198,-0.019724708,-0.0048232386,0.006220296,0.001325092,-0.011690534,sad,03-01-04-01-02-02-05.wav
-711.8761,55.858917,13.1045475,12.977493,5.1834335,0.5847771,4.6441875,-4.648084,-1.5815703,2.3232176,8.444807,3.477555,0.28385958,-0.0809384,-0.009786414,-0.031413037,-0.03445021,-0.023729997,-0.035200372,-0.017842287,-0.021396693,-0.011460417,-0.014549538,-0.016186718,-0.034450747,-0.01580849,-0.0056244438,-0.015342871,-0.0006310277,-0.00020328075,-0.0029806865,-0.0016831519,-0.010463101,-0.0043939897,0.00022377206,-0.00032083134,-8.760472e-05,0.0013901764,0.0032539396,disgust,03-01-07-01-02-01-05.wav
-670.2239,60.2315,7.3857727,17.796078,-0.85974026,-6.015917,-1.2759824,-3.819134,-0.03029855,-3.0212917,1.6554755,3.501111,-3.602731,0.023630561,0.03201845,0.027857255,0.021230014,0.012942187,0.004166353,-0.0040268055,-0.010967841,-0.016287837,-0.019702952,-0.021020414,-0.020323994,-0.018058633,-0.0049662464,-0.0071334178,-0.007228984,-0.00692391,-0.0061181104,-0.0049471576,-0.003545672,-0.002104703,-0.0009571537,-0.00033648,-0.00016940851,-0.0002743981,-0.00059261743,disgust,03-01-07-02-01-01-05.wav
-758.104,72.20432,5.951683,24.846876,13.796191,4.641668,-4.2957487,-1.4608274,-0.6657706,1.1883718,2.1657286,0.29180762,-1.672889,0.033314157,0.0041413005,-0.0058547216,-0.055928033,-0.0685687,-0.03874799,0.005733747,0.013845825,0.014266819,0.0055151596,-0.005194471,-0.049807016,-0.010453927,0.048226498,0.026083399,0.0198076,0.01488852,0.009734313,0.010228014,0.006027421,-0.0013162752,-0.0049533877,0.004136505,0.00075231463,0.0007753427,0.0016792784,sad,03-01-04-02-01-02-05.wav
-603.6543,39.90025,8.936426,10.640966,-1.5934677,-2.5847864,-2.7399278,-6.2672787,-3.7925036,-4.484878,1.6268315,-2.4953125,-5.8496,-0.014763176,-0.020842312,-0.020729577,-0.020541057,-0.020276139,-0.019934665,-0.019517489,-0.019027017,-0.018467626,-0.01784605,-0.017171137,-0.016453972,-0.01570709,0.001985803,0.0026114106,0.002127786,0.0015786906,0.0011136252,0.0007445772,0.00044909003,0.00028368947,0.00034577554,0.00062463735,0.0009353927,0.0010401803,0.00083734933,surprised,03-01-08-02-01-01-05.wav
-655.321,56.072926,-6.150686,8.537072,4.221139,-9.38189,-0.5181149,-6.2792897,-8.261437,-1.8149678,-1.7847813,-1.5915302,-0.2172485,0.03621955,0.049549073,0.045847047,0.040605817,0.034109145,0.028189624,0.02244281,0.016907828,0.012555345,0.008449411,0.0052587753,0.003513752,0.001958976,0.012866972,0.01746296,0.016664097,0.015617958,0.013677615,0.012463659,0.011040073,0.00924632,0.008321792,0.006926176,0.005682395,0.005329331,0.0044363495,surprised,03-01-08-01-02-01-05.wav
-676.2738,52.397697,5.182034,6.0620675,4.50157,-2.6766357,-2.3044927,-11.054174,-4.1322837,-0.53851163,-7.702116,-2.7392614,-6.709433,0.25451192,0.25370157,0.097104706,0.04133903,0.06322761,0.08241027,0.079655886,0.054047044,0.012990162,-0.03257796,-0.04809655,-0.013033211,0.02768474,-0.01592248,-0.026451968,-0.03181613,-0.028718362,-0.017977864,-0.012166409,-0.012631096,-0.011610854,-0.011649855,-0.015837686,-0.017373608,-0.009738682,0.00045490416,neutral,03-01-01-01-02-02-12.wav
-600.15063,60.42351,-13.750033,7.8421745,2.763007,-7.9299407,-1.3145995,-10.243344,-7.6359825,1.0910115,-4.606355,1.6969736,-7.4415236,0.10728521,0.13161303,0.086610295,0.05120968,0.047711626,0.061608735,0.059561387,0.031928293,0.0017922799,-0.007865622,0.0011119961,0.012266591,0.015431695,-0.015873032,-0.019451622,-0.013897675,-0.011199691,-0.011769059,-0.012490345,-0.012052782,-0.010813697,-0.009101735,-0.008077067,-0.008651316,-0.009404107,-0.008121481,happy,03-01-03-01-01-02-12.wav
-465.52606,29.992502,-30.15968,-6.868288,-4.9119325,-18.733946,-8.147644,-12.083959,-12.618266,0.47690955,-10.523124,-1.4886171,-5.7513337,1.7742778e-07,-2.2178472e-08,-4.4356945e-08,2.2178472e-08,-1.1089236e-08,4.4356945e-08,-5.544618e-09,0.0,0.0,5.544618e-09,2.2178472e-08,-5.544618e-09,0.0,1.6633855e-08,-2.772309e-09,-4.158464e-09,5.544618e-09,0.0,-1.3861545e-09,2.772309e-09,-3.4653863e-10,-2.079232e-09,1.3861545e-09,0.0,-6.9307726e-10,1.3861545e-09,happy,03-01-03-02-02-02-12.wav
-623.61957,54.105648,-9.283291,4.969431,0.14891133,-8.591712,-5.5787663,-12.96448,-6.3628726,-1.5041771,-10.190438,-2.6065047,-7.735829,0.23584324,0.2575752,0.12399616,0.056293987,0.042144153,0.03014812,0.02328338,0.02344443,0.012652522,0.00024012646,0.0053590573,0.012996505,0.00553909,0.011473686,0.012905919,0.008579731,0.008208157,0.007963079,0.0072670947,0.0104539655,0.015222004,0.015138543,0.011254373,0.008895872,0.0074134464,0.004254963,surprised,03-01-08-01-01-01-12.wav
-544.15106,46.0887,-6.2152276,1.7002075,-1.5024853,-9.42136,-8.333727,-12.512906,-5.706287,1.44206,-10.515776,-1.0138408,-5.5996337,0.043235447,0.05877254,0.0529511,0.046552435,0.041857988,0.03902241,0.03638618,0.032246653,0.026486522,0.02066704,0.016601065,0.014749364,0.013879741,-0.0017788751,-0.0023759047,-0.0019374397,-0.0011896385,-0.00021578567,0.00077950733,0.0015513379,0.0019493769,0.0019956068,0.0018399969,0.0016362385,0.001446062,0.0012460258,surprised,03-01-08-02-02-01-12.wav
-513.46985,39.64277,-11.139096,2.258009,-2.5050056,-12.405594,-11.31503,-17.17408,-1.6089993,1.8580772,-12.954046,-1.3442721,-7.284284,0.06821785,0.093986206,0.08740327,0.078831345,0.07035488,0.062972076,0.056400213,0.049767505,0.042575035,0.035194423,0.028602768,0.02366046,0.020537397,-0.00038468707,-0.00047021382,-0.0002621085,4.858761e-05,0.00041418546,0.00076565373,0.0010015977,0.0009948736,0.00063328753,-0.00011885101,-0.001178129,-0.0023541155,-0.00341875,disgust,03-01-07-02-02-01-12.wav
-474.84927,30.198483,-20.86598,-8.209587,-6.4065,-17.401333,-10.43137,-11.564171,-14.525407,2.7704535,-8.553334,-1.9963427,-4.1440935,-0.0030932399,-0.0043360773,-0.004222116,-0.0040370347,-0.0037877716,-0.0034837322,-0.003136298,-0.0027583688,-0.0023638902,-0.0019671617,-0.001582277,-0.0012226226,-0.00090020004,-0.00013449378,-0.0002733933,-0.00047867597,-0.0007150573,-0.00091192895,-0.0010438315,-0.0011067026,-0.0010978376,-0.0010204299,-0.0008860505,-0.00070495805,-0.00049084105,-0.00028344116,sad,03-01-04-02-02-02-12.wav
-614.29626,63.116604,-6.806927,8.738794,3.7644415,-6.5474668,-5.5457206,-16.580688,-10.024295,1.0530577,-7.7594595,-1.1732851,-7.933705,0.772185,0.5672058,0.17236015,0.09196393,0.07218455,0.07451246,0.0948713,0.07618859,0.041909218,0.017676892,0.026815018,0.033161532,0.029726995,0.09558462,0.028870706,-0.014101482,0.0013930247,0.0018283648,-0.0027976297,0.0021875913,0.005057174,0.0057887603,0.0042346655,0.0040473565,-0.00067186396,-0.0067973733,sad,03-01-04-01-01-02-12.wav
-612.7451,52.6915,-7.3642807,12.544436,1.1422223,-3.7238364,-6.489255,-13.312788,-1.1279383,1.4672345,-8.967387,0.58951163,-5.412179,0.0011774857,0.0014621427,0.00016566685,-0.0035722388,-0.010312655,-0.01906626,-0.027937913,-0.03552252,-0.04169189,-0.047077112,-0.051866803,-0.055199284,-0.055802613,-0.0037869252,-0.003342094,0.0009831479,0.0041570873,0.00417522,0.0018930658,-0.00043077188,-0.001405365,-0.0012231262,-0.0007127183,-0.00032035165,2.0737605e-06,0.00046292946,disgust,03-01-07-01-01-01-12.wav
-447.1418,43.334087,-8.309649,0.98319757,-2.0099156,-6.9530334,1.8829128,-3.9215157,-6.6211495,0.89384925,-4.4944983,-0.07714219,-3.2789524,0.06866494,0.10070327,0.10158038,0.0884207,0.068857834,0.056136515,0.05082927,0.046995454,0.042671967,0.03817303,0.034948293,0.035709307,0.03785563,-0.0048961365,-0.0033989013,0.0024766224,0.0040879766,0.0023047803,0.0020517702,0.004620482,0.0077540283,0.009268664,0.008121645,0.0050522243,0.0024518117,0.0013466146,angry,03-01-05-02-01-01-12.wav
-396.1385,26.586308,-26.117756,-9.072758,-6.1439147,-11.126052,-6.6485863,-12.683912,-11.946979,1.5870807,-5.8109345,0.63793224,4.6858735,0.022274207,0.031099368,0.029959178,0.02824738,0.026211929,0.024137903,0.02229926,0.020914216,0.020112514,0.019919641,0.020259952,0.020978218,0.02187357,0.0011498451,0.0015220776,0.0012259334,0.0007820666,0.00025592744,-0.00027727484,-0.0007453084,-0.0010906163,-0.0012790083,-0.0013038203,-0.0011850044,-0.00096355675,-0.0006924376,fearful,03-01-06-02-01-02-12.wav
-569.07227,40.582848,-9.763788,3.8113377,-1.904601,-9.758202,-10.511857,-16.713999,-5.1901045,-0.70050734,-10.294978,-3.580089,-7.4427633,0.17801633,0.1971027,0.08994163,0.023709103,0.02135245,0.040364556,0.040435903,0.016763465,-0.013691957,-0.040887173,-0.056603704,-0.051628694,-0.036192756,0.026150817,0.029911332,0.017359674,0.012276324,0.015500608,0.019717824,0.020195862,0.017858157,0.015368932,0.011975462,0.008442246,0.0079989275,0.010218008,fearful,03-01-06-01-02-02-12.wav
-624.88196,48.00166,3.585274,5.141721,3.4843974,-4.7119536,-4.278292,-12.474042,-6.937225,-2.758987,-9.204906,-1.6883515,-9.161548,0.12101547,0.15095942,0.105085246,0.062366463,0.03952515,0.033120766,0.030862577,0.023648683,0.010183542,-0.0028149504,-0.0059242724,0.0024665897,0.012209721,0.0007379544,0.0012736113,0.0017588242,0.0020322371,0.0017922273,0.0013084979,0.0012661329,0.0021169498,0.00371175,0.005508708,0.006797099,0.006748345,0.004870918,angry,03-01-05-01-02-01-12.wav
-607.887,44.447006,-4.1559863,3.13709,-0.51431835,-7.9539285,-7.173357,-17.410475,-8.672374,-5.08043,-9.272479,-1.2176524,-11.731789,0.053008836,0.065736756,0.045454223,0.02882895,0.023358058,0.023036432,0.01651001,0.00019922011,-0.018063374,-0.02812693,-0.028139273,-0.024617907,-0.023290578,-0.0062972764,-0.0075979843,-0.0046410807,-0.0020555013,-0.0012352566,-0.0021007122,-0.0035729702,-0.0045137955,-0.0043183304,-0.0031366241,-0.0018182703,-0.0013241324,-0.0017522161,surprised,03-01-08-01-02-02-12.wav
-530.0137,39.484547,-17.308502,2.9783754,-4.3088083,-11.85934,-9.304475,-14.269716,-4.4896455,-0.58259064,-6.6974006,-3.3029892,-10.506747,0.009468031,0.012631861,0.0107248435,0.008542789,0.0069167926,0.0060641603,0.005471437,0.0044419304,0.0028847877,0.0015525107,0.001379244,0.0025113383,0.004034054,0.0026209473,0.0038727736,0.004181206,0.004251223,0.0038841763,0.0032523922,0.002740101,0.0026182276,0.002856604,0.00319994,0.003393362,0.0033661083,0.0032663113,surprised,03-01-08-02-01-02-12.wav
-526.048,45.470585,-17.033861,2.015339,-4.9191895,-13.458518,-6.982326,-10.99064,-12.988942,2.9002502,-6.6117435,-0.21019521,-2.2348962,-0.05355305,-0.06511825,-0.07118924,-0.05907915,-0.054905258,-0.045171842,-0.035188578,-0.036816534,-0.029333469,-0.04041363,-0.032560196,-0.04035522,-0.030498527,-0.002646883,0.0011480326,-0.00046712937,0.0049072024,0.0058618914,0.008121159,0.009992621,0.0069362177,0.007831667,0.0010463635,0.0018026829,-0.00432921,-0.0029971686,sad,03-01-04-02-01-01-12.wav
-514.7533,50.85848,-20.525364,-3.6083045,-9.386665,-9.762218,-8.020326,-20.655445,-9.601514,0.7885387,-12.536701,-3.4497306,-10.612611,0.016595647,0.022620844,0.02010178,0.016018221,0.010676483,0.0047488506,-0.0007120736,-0.004619744,-0.006459246,-0.006670981,-0.006368248,-0.0065017543,-0.007167933,0.00028302232,0.00041491157,0.00037049275,8.562937e-05,-0.0005287078,-0.001342973,-0.0020576667,-0.0024020623,-0.0023273034,-0.0020317584,-0.0017908532,-0.001731106,-0.0017408674,disgust,03-01-07-02-01-02-12.wav
-626.0834,56.503174,0.2206256,4.618835,0.4597602,-2.8231888,-5.3426104,-13.317151,-1.6726726,0.17903896,-6.38453,-0.23012409,-9.834822,0.1637331,0.19851923,0.1293715,0.077844955,0.06263644,0.0607075,0.048593067,0.029004956,0.015936056,0.011310148,0.0065422775,-0.000676433,-0.0033689975,0.00012105703,-0.00017855168,-0.00053747895,0.00019863844,0.0019024827,0.0030661314,0.0025587052,0.0011981145,0.0007986337,0.0015108169,0.0013321645,-0.000823465,-0.0029333576,disgust,03-01-07-01-02-02-12.wav
-651.3485,40.363014,1.845283,5.839365,3.291536,0.20034109,-0.5171044,-12.332882,-5.105213,-2.7112613,-4.2979827,1.8100966,-7.649213,0.07671102,0.09191062,0.05669523,0.030636782,0.026110994,0.030960191,0.026578207,0.009434418,-0.007850911,-0.0129389735,-0.0063760118,0.0018065531,0.003595976,0.011760316,0.015015224,0.011586669,0.0089217145,0.0079921195,0.0077671795,0.0070501543,0.0058210483,0.004816506,0.004535461,0.004956297,0.0057517313,0.0063943006,sad,03-01-04-01-02-01-12.wav
-425.98376,29.446138,-19.657452,-9.834448,-7.5080395,-12.304817,-11.077904,-18.288445,-11.510534,-1.6115549,-9.514784,-1.533051,0.62416726,0.00032531738,0.00045420328,0.00043665568,0.0004082493,0.00036940892,0.00032112122,0.0002647972,0.0002017212,0.00013352712,6.1937964e-05,-1.1266073e-05,-8.417766e-05,-0.000154953,0.0002543513,0.0003582096,0.00035417557,0.00034760873,0.0003386112,0.00032745043,0.00031437873,0.00029973665,0.00028389835,0.0002672394,0.00025018313,0.0002331543,0.00021657944,fearful,03-01-06-02-02-01-12.wav
-410.90738,39.60381,-13.515815,-9.879,-3.4780238,-8.527061,-1.6732538,-6.3410454,-9.218745,2.7930691,-3.618628,-3.350961,-4.818736,0.020714266,0.02925982,0.02916088,0.028997675,0.02877301,0.02849064,0.028155085,0.027771939,0.02734722,0.02688781,0.026400784,0.025893694,0.02537408,0.00012274823,0.00016896121,0.0001556385,0.00013371908,0.00010351586,6.553926e-05,2.0425721e-05,-3.1102492e-05,-8.821452e-05,-0.00015000299,-0.00021548614,-0.00028365923,-0.00035348284,angry,03-01-05-02-02-02-12.wav
-577.7915,55.93935,-6.1903915,13.128688,0.57152045,-4.69998,0.2469565,-6.9476275,-7.8363547,-1.476404,-2.738364,-1.384698,-4.57757,0.08074774,0.1074358,0.090953104,0.0733014,0.061486434,0.05601504,0.051193275,0.040491134,0.022672774,0.0035672633,-0.008217939,-0.008253572,-7.5503835e-05,0.0038359277,0.0052429186,0.0047730124,0.0041980743,0.0036828353,0.003234295,0.0026793368,0.001846502,0.0008390296,0.00011305407,0.00017800373,0.001105944,0.0023184752,angry,03-01-05-01-01-02-12.wav
-522.99426,48.374958,-7.8310347,7.8147073,0.35336927,-5.428474,-7.5822372,-12.316801,-2.401512,0.39100122,-5.7388377,0.06303925,-3.3066893,0.2351398,0.27760988,0.17015207,0.099287204,0.07445848,0.055371784,0.037483588,0.037860155,0.043074183,0.034730528,0.028839001,0.044040784,0.06188256,0.0002088936,0.0023690779,0.0023269004,-0.0034140665,-0.0049966727,0.0016633442,0.006077442,0.002220895,-0.0031200452,-0.004750839,-0.0051957085,-0.005831902,-0.0058086663,fearful,03-01-06-01-01-01-12.wav
-683.84106,59.444565,-0.82516867,10.537367,1.5768415,-4.614728,-1.5890795,-9.401205,-10.498345,-4.1010003,-7.026869,-3.2290945,-8.429379,0.09742086,0.116408184,0.067484185,0.019827558,-0.008093208,-0.01635447,-0.019108532,-0.026175512,-0.032396622,-0.03238447,-0.029245228,-0.02514252,-0.020515278,-0.006764643,-0.005299442,0.0024803763,0.0064328127,0.005822637,0.0036414831,0.0017751447,0.0015006198,0.0039249896,0.0072246282,0.006959844,0.0025036433,-0.001587293,neutral,03-01-01-01-01-01-12.wav
-590.76984,43.79759,-12.722207,5.9913096,-1.1365412,-10.649233,-7.511237,-17.914774,-9.981129,-5.3241897,-9.051734,-1.3714693,-14.072691,0.06058952,0.077986054,0.05996151,0.042363387,0.032543875,0.029331561,0.025990833,0.017434252,0.0045590936,-0.0075226906,-0.014521807,-0.016302545,-0.016236538,0.0037280298,0.0045922073,0.0031917458,0.002317618,0.0025474157,0.0032631387,0.0033679418,0.0023977961,0.0008692805,-0.0003526037,-0.0008609532,-0.0008773804,-0.0007993054,happy,03-01-03-01-02-01-12.wav
-472.55554,36.757656,-21.166637,2.7753022,-1.0857034,-11.61751,-1.3894686,-5.019624,-5.91322,3.4223747,-3.7417018,2.3261843,-4.7027493,0.017098563,0.024176294,0.02416074,0.02413188,0.02408623,0.024018738,0.023924084,0.023796963,0.02363249,0.023426874,0.023177626,0.022883886,0.022546671,-0.0006933841,-0.0009674921,-0.0009289757,-0.0008670432,-0.00078505505,-0.00068745506,-0.00057964795,-0.00046771698,-0.00035812493,-0.00025735633,-0.00017161683,-0.000106401494,-6.625973e-05,happy,03-01-03-02-01-01-12.wav
-564.6766,40.00111,-8.843198,-5.985014,-3.865143,-11.443148,-11.841589,-15.21317,-8.644645,-1.4729346,-12.173672,-3.856213,-11.875544,0.011022988,0.01507855,0.01356306,0.011072963,0.0076685133,0.0034727901,-0.0012761002,-0.0062016663,-0.010839918,-0.014761804,-0.017700652,-0.019599915,-0.020548394,-0.0077729914,-0.010480977,-0.009210431,-0.0077695725,-0.006631856,-0.005848093,-0.0051177084,-0.004154487,-0.0030105235,-0.0020667426,-0.0016984947,-0.001914888,-0.0023000645,surprised,03-01-08-02-02-02-12.wav
-595.3377,51.636086,-4.1012545,6.482227,2.92921,-3.4959588,-3.1771572,-6.944542,-6.5674706,2.3084173,-6.131372,-0.77272654,-4.8564897,0.042238854,0.050530013,0.027621616,0.0019047002,-0.016733048,-0.024973935,-0.025908798,-0.02456617,-0.02400917,-0.024531469,-0.024764035,-0.023437068,-0.02142572,-0.015382767,-0.019717986,-0.015333344,-0.011778024,-0.010274203,-0.009394051,-0.0073223617,-0.0039753513,-0.0009390495,0.00010657918,-0.0011288942,-0.0032945673,-0.004664426,surprised,03-01-08-01-01-02-12.wav
-608.3222,42.47333,-4.184791,4.2538686,-0.23761404,-7.5374565,-4.817734,-14.514141,-7.347829,-2.3186731,-8.709983,-2.1008422,-8.516633,0.054066237,0.070436105,0.055685077,0.039608758,0.02816952,0.021993786,0.01716155,0.009645889,-0.0006678704,-0.009863315,-0.013677427,-0.01157081,-0.007542477,0.0015995399,0.0020904806,0.0016111953,0.0009184443,0.00013915454,-0.00058451714,-0.0011089661,-0.0013243499,-0.001214796,-0.0008973982,-0.00058016164,-0.00044079765,-0.00051522587,angry,03-01-05-01-02-02-12.wav
-578.6352,41.67074,-11.487803,5.60616,-2.8461545,-8.982857,-9.237437,-19.708868,-5.1587973,-1.8328847,-9.82009,-3.2241793,-9.309408,0.03288081,0.044549342,0.039607454,0.03369616,0.028477682,0.024188263,0.019678507,0.013387524,0.0046046367,-0.005729323,-0.015271291,-0.02158969,-0.023691008,-0.031267338,-0.045254722,-0.044500496,-0.037830614,-0.028925601,-0.023772785,-0.021990398,-0.018224595,-0.010712682,-0.0037390909,-0.0006358156,0.00010382476,0.0009181769,fearful,03-01-06-01-02-01-12.wav
-434.16275,33.842625,-20.775936,-2.6623297,-2.221054,-10.2988615,-5.4131966,-10.489646,-8.067303,7.723739,-6.674224,-3.4179757,-3.0558085,0.03093876,0.043615304,0.043206826,0.042549197,0.04167539,0.040628325,0.039458115,0.038218044,0.036960755,0.0357342,0.034577694,0.03351911,0.032572668,0.002514081,0.0035318611,0.0034617386,0.0033464907,0.0031887626,0.0029925467,0.002763366,0.0025082878,0.0022357516,0.0019551981,0.0016763854,0.0014086454,0.0011600145,fearful,03-01-06-02-01-01-12.wav
-372.67606,33.79635,-19.069407,-7.4359,-5.4643073,-9.217491,-0.11751283,-5.029571,-7.630672,-0.61277944,-6.39205,-2.0830684,-4.7420278,0.072761394,0.09871484,0.09353244,0.085849114,0.073330455,0.06437826,0.054549593,0.045269944,0.038966388,0.03175071,0.031317722,0.032782994,0.030196317,0.008224003,0.011911599,0.011136891,0.010293739,0.010028343,0.00852615,0.008143158,0.008288109,0.00748476,0.0072927144,0.006327109,0.0053222245,0.0047966596,angry,03-01-05-02-01-02-12.wav
-611.05896,69.743355,-11.4987,16.442074,0.37430292,-3.5117576,-4.182166,-16.313976,-8.029789,0.740431,-9.113893,0.4492601,-7.413366,-0.4787899,-0.288092,-0.029330324,-0.11794074,-0.08182345,-0.05976243,-0.020727288,-0.014060592,-0.02429391,-0.03540752,-0.03581933,-0.026215866,-0.018779945,0.15221348,0.1001631,0.005654478,0.010905659,0.0004092306,0.003981115,0.0046812035,0.0052699023,0.0014280819,-0.00014087185,0.00066441,0.0012303948,-0.0002491325,disgust,03-01-07-01-01-02-12.wav
-623.33356,56.969315,-10.088537,5.268781,1.0130796,-7.0290112,-5.593106,-11.844839,-10.423995,-2.450724,-6.3430343,-1.9124821,-6.9459267,0.027817829,0.03243342,0.01566022,-0.002248584,-0.0145028075,-0.02089167,-0.02614009,-0.033629473,-0.041147076,-0.043472935,-0.038677007,-0.030336278,-0.023256913,-0.009704008,-0.010979704,-0.0048117014,0.0006854894,0.0031538527,0.0031350357,0.0021465507,0.0010582648,0.00058322883,0.001699734,0.0043053813,0.0063595395,0.0058020228,sad,03-01-04-01-01-01-12.wav
-528.4066,33.926037,-22.23791,-5.4596863,-7.1752415,-14.074404,-11.473903,-13.804055,-15.267828,1.3208842,-9.375712,-4.0537643,-4.6326385,0.10217006,0.13484094,0.11140172,0.08662219,0.07099364,0.06645901,0.067005284,0.06513654,0.058286365,0.04994892,0.04536461,0.046263736,0.049459737,0.01180461,0.014834859,0.010252509,0.005227816,0.001770737,0.00044293737,0.00038663135,0.0003464033,-0.00028693676,-0.0012361829,-0.0019086071,-0.0020909524,-0.0021085264,sad,03-01-04-02-02-01-12.wav
-525.89026,39.217724,-10.682054,-1.9631305,-2.3002656,-8.997865,-6.947722,-15.154998,-11.542881,0.07171347,-12.584118,-0.4730024,-10.839877,0.013798203,0.0028018507,0.00624823,0.010271615,0.005281533,0.0573968,0.088164136,0.07711709,0.07859577,0.069495834,0.054753557,0.042232413,0.032480255,-0.026945502,-0.011422285,0.011117847,0.0020304087,-0.0003153803,-0.0009780749,0.0039379876,0.0048718536,-0.00068694906,-0.000770753,-0.009010423,-0.0075837574,0.0062767845,disgust,03-01-07-02-02-02-12.wav
-545.1399,40.883186,-18.864498,3.3142934,-1.2485763,-11.074561,-6.1161523,-12.7592125,-9.952271,1.0036751,-10.069662,-2.3698456,-8.548222,0.01683541,0.02158279,0.016343381,0.011234283,0.008608553,0.0082439,0.007762672,0.004884483,-0.00042029386,-0.00575684,-0.00831393,-0.007348817,-0.0049684555,-0.008349094,-0.011293902,-0.0100392,-0.008644967,-0.007523301,-0.0066517773,-0.0057826806,-0.004810121,-0.0038803907,-0.003180784,-0.0027175092,-0.0023575535,-0.002046118,happy,03-01-03-02-02-01-12.wav
-603.16077,55.994873,-20.019125,8.427832,-0.6310731,-8.570351,-2.8703666,-12.961958,-6.9538283,-0.16611853,-6.083625,-0.72512877,-9.669363,0.13715534,0.15902571,0.08590181,0.032892417,0.02519854,0.042440604,0.049955834,0.03213772,0.0019426107,-0.01766957,-0.018797183,-0.011365998,-0.0070412396,0.008320367,0.010391678,0.006854688,0.0033990815,0.0024301216,0.0036110908,0.0050664768,0.005983568,0.005980217,0.0048680324,0.0036469847,0.0029797978,0.0022093486,happy,03-01-03-01-01-01-12.wav
-664.54156,56.908916,0.26627633,7.9691396,6.3927026,-4.19134,-6.126171,-12.711343,-9.554717,0.090567954,-7.365537,-2.7581677,-8.353392,0.15011616,0.17700814,0.10077055,0.03550089,0.005307051,0.0043572155,0.012830417,0.008333353,-0.017589936,-0.050980758,-0.06875521,-0.060670692,-0.038446162,-0.004262197,-0.005665461,-0.004987607,-0.0060399496,-0.008335552,-0.007405096,-0.003320509,-0.00024410394,-0.00018432659,-0.0041980483,-0.010586331,-0.013791325,-0.0119726695,neutral,03-01-01-01-02-01-12.wav
-478.38913,36.790016,-18.734749,4.602373,1.1856496,-10.667963,-1.3252658,-4.0673485,-6.2528563,3.8173797,-4.278724,3.1312256,-4.3182607,0.012612114,0.018017774,0.01833546,0.018307958,0.017635562,0.01648551,0.015378686,0.014772884,0.0147015555,0.014778005,0.014558519,0.013947401,0.013289728,-0.00020071381,-0.00020078241,-3.526518e-05,3.6021185e-05,-0.000100533056,-0.00039198945,-0.00065905554,-0.0007452632,-0.0006463927,-0.0005082378,-0.00049535756,-0.00064494857,-0.00083333487,happy,03-01-03-02-01-02-12.wav
-589.7478,51.595764,-15.158974,6.4923787,1.2782505,-12.916118,-7.077922,-17.38728,-9.623816,-2.319608,-9.303374,-0.42417195,-11.099979,0.032482646,0.05055014,0.05457562,0.047588065,0.037626427,0.034321092,0.032398976,0.025140608,0.015737414,0.008083663,0.0031276846,0.0041757342,0.010692875,-0.031198887,-0.035829518,-0.018944968,-0.0064524687,-0.001668495,-0.0005982452,-0.00039141517,0.0002730337,0.0022434033,0.003947932,0.0035544364,0.0026506607,0.002991714,happy,03-01-03-01-02-02-12.wav
-689.5671,56.885933,-1.60322,11.154812,2.8242803,-3.5391395,-1.6409107,-8.267393,-8.80399,-0.17565289,-6.4229403,-4.2073383,-6.453051,0.07137304,0.07685269,0.03446888,0.0116818,0.00814924,0.009665835,0.0036907243,-0.011865016,-0.024838042,-0.033933077,-0.045268465,-0.048206013,-0.032698758,-0.022338204,-0.028365191,-0.021003872,-0.013287741,-0.0074140043,-0.005215527,-0.0070082936,-0.008996971,-0.007757071,-0.0063477196,-0.009100902,-0.012810342,-0.011733861,neutral,03-01-01-01-01-02-12.wav
-550.4464,47.830296,-10.444943,2.1707242,-0.49947292,-8.117577,-8.721621,-14.098089,-4.0440264,-0.4196945,-5.9862375,-1.2900529,-9.49709,0.043631364,0.060933303,0.057617806,0.050198875,0.03909968,0.02720635,0.017671293,0.011553407,0.0077273967,0.00465852,0.0017998517,-0.00051300525,-0.0017709017,-0.0023043514,-0.0024249018,-0.0007592946,8.1026556e-05,-0.0007356256,-0.0024613843,-0.0035697692,-0.0031651675,-0.0016231295,-6.3534084e-05,0.00063393114,0.00041609482,-2.246499e-05,surprised,03-01-08-02-01-01-12.wav
-614.53375,43.985233,-6.376623,6.0668373,0.4735497,-5.725032,-5.112765,-13.346576,-6.285255,-3.7790794,-7.5825253,-1.73647,-8.306909,0.08708342,0.10827033,0.07339265,0.039089378,0.01931402,0.0122750895,0.006983498,-0.0033922512,-0.015649164,-0.022496223,-0.021658398,-0.017651172,-0.015596283,-0.001866369,-0.0012950139,0.001053368,0.0013261347,-0.0013793509,-0.0048036226,-0.006106856,-0.0048180674,-0.002846657,-0.0020033382,-0.0022289737,-0.0023295106,-0.0017371209,surprised,03-01-08-01-02-01-12.wav
-531.1049,44.80001,-11.284499,8.05302,0.904395,-5.857558,-6.237837,-12.754829,-4.7922845,2.8635845,-6.632693,-2.4588594,-3.5995884,0.03731552,0.0506924,0.04578713,0.04096297,0.038328245,0.03759139,0.03657875,0.03339455,0.028321525,0.023784855,0.022379814,0.024645956,0.02851384,0.0022049898,0.0024446335,0.0010693981,6.578458e-05,-0.00031937828,-0.00051768724,-0.0006937116,-0.0006400639,-0.0003579342,-3.728606e-05,0.00044565328,0.0013632395,0.002469407,fearful,03-01-06-01-01-02-12.wav
-582.6856,51.937824,-2.519623,9.602828,-2.1156456,-3.0279346,1.9232838,-6.297568,-6.271195,-1.1393777,-4.0723076,-1.4311142,-4.180889,0.038138017,0.05269121,0.04946298,0.04547707,0.041969642,0.0393626,0.036950637,0.03353034,0.028632402,0.023262646,0.019252064,0.017569065,0.017148588,-0.0032889505,-0.0040747784,-0.0027140009,-0.0013585505,-0.0005610054,-0.0002406732,0.00012652641,0.00096687546,0.0022414185,0.0035475972,0.0045121233,0.005064034,0.005369882,angry,03-01-05-01-01-01-12.wav
-469.15625,43.29846,-7.5169735,0.2335875,-0.6904494,-7.9860973,0.5779356,-8.719796,-9.1339445,-0.39005095,-7.8122544,0.29161072,-4.806031,0.02024525,0.02846313,0.027827518,0.026597185,0.025035968,0.023589576,0.022255305,0.020431425,0.01762221,0.01420092,0.011196486,0.0092363935,0.007888875,0.0011213175,0.001380118,0.0009381233,0.00057257095,0.00038182444,0.00021211548,-5.176518e-05,-0.00029264425,-0.00032442244,-0.00016070866,-3.2571759e-06,2.2500753e-05,3.4396242e-06,angry,03-01-05-02-02-01-12.wav
-422.1093,27.252975,-26.342134,-8.60808,-7.374762,-10.315631,-7.6952534,-14.099064,-14.594151,0.4313769,-8.628234,-0.64402944,4.556958,0.02878134,0.04068053,0.0406152,0.04050674,0.040355153,0.040161036,0.039924886,0.03964737,0.039329264,0.038971435,0.038574867,0.038140766,0.03767022,0.0015312051,0.0021627264,0.0021544641,0.0021408743,0.0021221742,0.002098663,0.0020707306,0.0020387936,0.0020033338,0.0019648285,0.0019237729,0.0018806608,0.0018359018,fearful,03-01-06-02-02-02-12.wav
-630.56213,49.771896,-5.7987494,5.417123,1.314829,-5.4318414,-4.928271,-17.327337,-9.391616,-4.033161,-9.023096,-0.5970677,-9.27024,-0.58092153,-0.18016192,0.20381792,-0.013856913,0.030921595,0.027155442,0.093857355,0.07952182,0.089753605,0.18545876,0.056274414,-0.018085934,0.07099324,0.025422616,0.0032813519,-0.0053733294,0.005997472,-0.003392496,0.0006575275,0.005681806,0.013628668,0.0023629912,-0.015838932,-0.010640137,0.0048488025,0.005916789,sad,03-01-04-01-02-02-12.wav
-641.3567,53.714294,-4.8650775,3.7169185,0.3239255,-4.1076612,-8.438688,-16.034115,-4.724164,-1.029261,-8.0467205,-3.2976332,-8.686863,0.12148461,0.14212258,0.07973568,0.031891555,0.015565107,0.015768541,0.015537238,0.006580646,-0.010669965,-0.025052734,-0.028193852,-0.027350841,-0.033316966,-0.013961768,-0.015655823,-0.007996174,-0.0028915405,-0.0007509276,0.0002445823,0.0007241674,0.00022566013,-0.0003546912,0.00027947873,6.959683e-05,-0.0027541427,-0.006614158,disgust,03-01-07-01-02-01-12.wav
-554.4965,51.066383,-14.780151,8.206827,-0.9426006,-7.1936007,-10.566626,-13.141659,-3.1538608,3.0340054,-9.774207,-3.5367296,-4.831952,0.072390005,0.09676406,0.084023945,0.07201317,0.06449988,0.058882013,0.05096834,0.04009523,0.02913148,0.021079818,0.016942825,0.016160393,0.017645974,0.0035816238,0.0053884042,0.006965565,0.008265373,0.00880235,0.007855864,0.006118931,0.0052158637,0.005043812,0.0055745845,0.0048606354,0.0036795202,0.002394654,disgust,03-01-07-02-01-01-12.wav
-490.7033,39.538204,-27.377104,-6.7842245,-8.2251,-17.434532,-10.187456,-16.87588,-12.717451,3.8464303,-10.299474,-1.7904925,-6.1946745,4.718055e-05,6.515409e-05,6.091814e-05,5.3967437e-05,4.473493e-05,3.351317e-05,2.0887222e-05,7.3368565e-06,-6.5177496e-06,-2.0138325e-05,-3.2846183e-05,-4.4129378e-05,-5.3505224e-05,-6.681571e-06,-9.238354e-06,-8.6328e-06,-7.652798e-06,-6.331988e-06,-4.752282e-06,-2.960486e-06,-1.04107e-06,9.266145e-07,2.8522468e-06,4.646968e-06,6.2519057e-06,7.5814e-06,sad,03-01-04-02-01-02-12.wav
-615.9163,73.39244,0.27187845,19.017933,16.638573,1.9781078,3.1995041,-1.8943833,-3.669809,2.133661,1.233218,2.1700103,2.2912385,-0.036432903,-0.052027937,-0.05248393,-0.051290818,-0.04832971,-0.04432627,-0.039250776,-0.032895822,-0.026379433,-0.021435676,-0.018444683,-0.016529221,-0.015300157,0.010991141,-0.0051411064,-0.0029414012,-0.006826917,-0.0045353156,0.0006950489,0.0035936777,-0.0012047463,0.00063922786,-0.0029946514,0.0010430813,0.0034398204,0.0014867386,surprised,03-01-08-02-02-01-15.wav
-584.38007,81.56443,-9.5835285,15.471949,14.754298,-2.6640177,1.4251714,-0.99911934,-3.552785,2.266939,0.9979569,2.4067678,-0.80781925,-0.031469453,-0.042393483,-0.037939668,-0.034134883,-0.031203227,-0.027226854,-0.021873951,-0.017234208,-0.014700336,-0.012977454,-0.010107527,-0.006060377,-0.0021457186,-0.0058848024,-0.008553022,-0.008880014,-0.009227667,-0.009875522,-0.010584726,-0.010956892,-0.010898987,-0.010568438,-0.010435973,-0.010490347,-0.010131751,-0.009639393,surprised,03-01-08-01-01-01-15.wav
-541.183,51.170753,-4.6539993,10.494532,6.55214,-2.5715284,-9.227836,-12.637938,-7.059048,0.9670344,-4.606351,-4.5594487,-3.5633173,-0.6824219,-0.5827354,-0.060578838,-0.13520676,-0.18141533,-0.028410839,0.0708616,0.110325284,-0.026790572,-0.13428333,-0.048141304,0.04110003,-0.065344244,0.017035544,0.032275755,0.017886285,0.018922566,0.009287422,-0.0050829523,0.01360225,0.015335023,0.010010549,-0.0006928872,0.0022328333,0.007456503,0.00458956,fearful,03-01-06-01-02-02-15.wav
-550.429,60.767525,-6.090865,11.497112,13.071329,-5.267502,4.2723694,1.301527,-3.5180008,0.4297045,-1.6008008,1.8382008,1.2041777,0.02357025,0.03330779,0.03323059,0.033101894,0.03292179,0.032690454,0.032408018,0.03207474,0.031691004,0.031257294,0.03077426,0.030242633,0.029663509,-0.011578485,-0.016368281,-0.01634818,-0.01630924,-0.016244072,-0.01614384,-0.01599942,-0.015802763,-0.015548049,-0.015232554,-0.014857279,-0.014426959,-0.013949689,angry,03-01-05-01-02-01-15.wav
-478.52676,38.463116,-13.909799,5.7370615,-1.5285864,-6.342877,-0.75153804,-2.12238,-8.101247,-0.69475174,-4.827447,-3.1569622,-1.5725913,1.7951517e-06,4.9865324e-08,-1.2466331e-08,0.0,2.181608e-08,1.2466331e-08,-7.012311e-09,-6.2331655e-09,1.3245477e-08,0.0,-6.2331655e-09,-1.5582914e-09,3.1165828e-09,-1.8699497e-08,1.2466331e-08,7.791457e-09,0.0,0.0,-2.3374371e-09,1.5582914e-09,0.0,-3.1165828e-09,3.8957285e-10,-1.5582914e-09,-2.9217964e-10,1.5582914e-09,angry,03-01-05-02-01-01-15.wav
-461.2449,36.725826,-5.1949954,13.161673,7.2840104,-2.854714,-3.3847082,-1.2118762,-5.9240804,1.7545996,-2.7802584,0.33731642,-0.3108314,-0.042323407,-0.059756216,-0.059460487,-0.05897321,-0.05830225,-0.05745875,-0.056456108,-0.055310123,-0.05403822,-0.052659187,-0.051192425,-0.049657747,-0.048074648,0.0021279382,0.0029897913,0.0029314344,0.00283556,0.0027042425,0.0025402673,0.0023470784,0.0021286884,0.0018895102,0.0016342703,0.0013678853,0.0010953005,0.00082136155,fearful,03-01-06-02-01-02-15.wav
-665.3543,69.14726,4.779706,18.414154,17.765133,1.551372,9.010732,0.43267438,0.08139369,5.7538614,2.1520522,7.288802,3.011291,-0.12920055,-0.14590742,-0.07788219,-0.039779715,-0.024869451,0.0074608275,0.047562275,0.051718477,0.02455886,0.016969241,0.042047013,0.05608458,0.034231488,0.013610093,0.013772095,0.0039396044,-0.0005616975,-0.00042020192,-0.0020353717,-0.004830804,-0.0031536405,0.0018395681,0.0025440287,-0.0027885805,-0.007397815,-0.0070927227,sad,03-01-04-01-01-02-15.wav
-576.3143,70.69665,-4.637107,10.97847,12.964106,-3.1768675,-6.027358,-7.1763387,-6.3519387,1.0366619,-4.8979855,-3.0247393,1.2061455,-0.7171934,-0.2347052,0.14143132,-0.2675051,-0.15125312,-0.08215344,-0.044911,0.08829086,-0.011650642,-0.11549133,0.02329176,0.003698469,-0.11800143,0.027331607,0.019544607,0.010575859,0.014107081,0.007997397,0.015499725,0.018564153,0.0028886928,-0.00041333266,0.009885788,0.0055425568,-0.00076773745,-0.0010227442,disgust,03-01-07-01-01-01-15.wav
-545.84296,66.32019,-8.267576,8.4806,12.4989805,-1.2463058,-0.3174034,-5.661654,-1.6594232,1.8693224,-0.28794327,3.427722,2.5637496,0.19400196,0.23252903,0.14674522,0.086237475,0.07119251,0.069573596,0.05536945,0.03686722,0.029844258,0.032143068,0.032991234,0.029465508,0.024898456,0.037197016,0.042088255,0.020453854,0.004940133,0.0005994427,-0.0002075442,-0.003433175,-0.007042117,-0.0079731755,-0.0075313835,-0.007999824,-0.008935286,-0.0090469895,disgust,03-01-07-02-02-01-15.wav
-599.4245,66.153946,-3.021055,16.072403,17.060469,2.7978835,1.972605,0.19324836,-0.4301895,4.8135624,0.2414303,1.6234374,1.6078137,0.6617491,0.34071228,-0.12782802,0.106971115,0.0649743,-0.07761534,-0.10573899,-0.0871655,0.011264725,-0.022570757,-0.09641834,-0.06898981,-0.024473049,-0.00829895,0.05096943,0.06858592,0.0142339105,0.015862532,0.009461035,0.0062021906,0.012514466,-0.003060581,-0.0038537986,-0.0056427815,-0.010500307,-0.01162764,sad,03-01-04-02-02-02-15.wav
-565.1936,57.313545,-13.672283,16.512543,11.578803,-4.328179,-0.8331691,-0.58900535,-6.0228605,2.0493731,2.4913054,2.3980408,-0.84505033,-0.02872979,0.002350376,0.04825989,0.020025723,0.0011760503,0.033871952,0.0363114,0.019068407,0.03238926,0.026569227,0.0004485274,0.011846124,0.032244164,-0.0039461018,0.008856702,0.021574354,0.009177853,0.0019465227,0.014377503,0.021524547,0.015032669,0.0119847385,0.010007514,0.0028118351,0.0073036314,0.013228144,happy,03-01-03-02-02-02-15.wav
-601.149,69.35263,-5.754328,14.609996,11.540499,-2.550797,2.9429462,0.5335167,-4.5108767,1.4123498,0.8487498,3.1543202,0.62155914,0.3224178,0.2419636,0.13469046,0.10854719,0.046121582,0.09435749,0.022157503,0.04914294,0.027875423,0.0106442105,0.044194326,0.00034704804,0.043048564,0.071479805,0.044996146,0.016657671,0.010821647,-0.0042104344,0.009208054,-0.00833109,-0.0009822638,-0.006178971,-0.010546352,-0.002382285,-0.013745199,-0.003205283,happy,03-01-03-01-01-02-15.wav
-634.5315,70.592094,3.094636,14.495054,11.178092,-0.5936018,4.267839,-1.5846438,-2.887913,0.80985296,-0.51572484,2.1973493,1.3989218,0.059193928,0.08308603,0.08125552,0.07835475,0.07459168,0.070225306,0.06553823,0.06080687,0.056273323,0.05212183,0.04846215,0.045322534,0.04265184,-0.015172952,-0.02133589,-0.020909993,-0.020104114,-0.01897987,-0.017690983,-0.0163111,-0.014805203,-0.013185299,-0.011598018,-0.010196817,-0.008993843,-0.007917163,neutral,03-01-01-01-02-02-15.wav
-532.9119,51.433357,-2.8811984,18.861526,12.020345,1.4250757,4.652513,5.4159746,-1.2699283,6.2953253,1.9495072,4.9937873,3.743623,0.07171829,0.052810173,0.0527871,0.078800105,0.0422549,0.05997732,0.05198719,0.031522084,0.060283512,0.032053724,0.027277105,0.05966501,0.04155565,-0.017270304,-0.007882945,-0.0104274135,-0.019597651,-0.005080002,-0.013346327,-0.01002944,-0.0027576066,-0.016204769,-0.0058228686,-0.004216352,-0.015574563,-0.008341086,happy,03-01-03-02-01-01-15.wav
-606.44696,71.487305,-7.576394,15.287767,15.322896,0.3273945,-0.6638493,-1.1354192,-2.833919,-0.62119085,1.3632967,2.374053,-0.14707035,0.002448188,0.0037986967,0.0045412118,0.005297025,0.0060944557,0.0071261195,0.0081693595,0.008723504,0.008666383,0.008331299,0.007900185,0.007179287,0.0061426098,-0.011806064,-0.017052134,-0.017449684,-0.01697438,-0.015927242,-0.015280121,-0.015138835,-0.014777412,-0.014013327,-0.013489168,-0.013491366,-0.013480371,-0.013113833,happy,03-01-03-01-02-01-15.wav
-636.1296,68.812126,-2.3801985,12.385966,10.588827,-2.0869367,1.1574135,-1.7418481,-3.7176037,-1.2529266,-1.4916748,0.43260247,-0.8857497,0.051354814,0.06522787,0.05807801,0.06200908,0.060324263,0.04727361,0.040448405,0.043364543,0.039484285,0.029113444,0.028805118,0.034526203,0.031766534,-0.007559979,-0.006267737,-0.0025315268,-0.0068098754,-0.008341193,-0.0026587502,-0.0013912532,-0.0061488077,-0.004785927,0.0009525463,-0.00076756167,-0.0051179267,-0.0023777604,neutral,03-01-01-01-01-01-15.wav
-565.1387,61.977833,-4.881947,18.496073,15.71916,-2.4255161,3.2536454,1.4301734,-2.7825954,5.56022,3.0913367,1.0774708,1.2328815,0.048045553,0.06736355,0.06566135,0.062962964,0.059463087,0.055407465,0.051069304,0.046720933,0.04260653,0.038917016,0.03577288,0.033216387,0.031215841,0.0017807967,0.0023090006,0.0017138461,0.00082302425,-0.00023657126,-0.0013286959,-0.0023334376,-0.0031646271,-0.0037764544,-0.004160402,-0.004336105,-0.0043409737,-0.004220794,surprised,03-01-08-02-01-02-15.wav
-614.2443,72.72974,2.535544,14.078129,11.348114,1.0028504,0.87246054,-5.386132,-4.9631863,2.805991,-1.506076,0.42574343,0.78242725,0.04313137,0.051024817,0.038310666,0.037118714,0.04226392,0.044271052,0.042265173,0.029359935,0.014296009,0.01725841,0.028905371,0.023174945,0.0064027146,0.002184417,0.0048249387,0.0067678997,0.006927823,0.005595658,0.0034127424,0.0010322202,0.002181303,0.004681255,0.0021831328,-0.0027310106,-0.0027007065,0.00028545072,surprised,03-01-08-01-02-02-15.wav
-510.9304,50.60923,-8.116907,6.4830995,3.9408336,-7.882689,2.5309863,-0.44860548,-5.355155,1.5819939,-3.3965032,0.40002748,0.14515632,0.03685976,0.05207502,0.051923826,0.051673155,0.051324613,0.050881043,0.050345648,0.049722083,0.04901492,0.04822893,0.047369506,0.046442214,0.045452945,0.0002204516,0.00022376348,4.6681136e-05,-8.402726e-05,-0.00013693479,-0.00014280662,-0.00013038325,-0.00013554096,-0.00015535798,-0.00011994136,-1.4597024e-05,5.8056357e-05,3.348864e-05,angry,03-01-05-01-01-02-15.wav
-606.825,57.95337,6.440294,13.98912,17.107903,4.733296,4.660355,-0.13639495,0.7611368,4.6785445,2.2400675,5.7659535,3.2711232,0.0150739765,0.024479153,0.027710788,0.025641568,0.02204887,0.02394056,0.027390964,0.026992178,0.024320511,0.024904212,0.027406976,0.02815576,0.027211502,-0.0037357158,-0.0038109296,-0.0023075421,-0.0030720767,-0.0041787033,-0.0027419487,-0.001161171,-0.0016318277,-0.002686699,-0.0020540045,-0.0013506755,-0.002080303,-0.0029989176,fearful,03-01-06-01-01-01-15.wav
-521.6234,47.49164,-2.5053856,14.664853,13.408641,-3.0618227,-0.39792508,-1.041495,-3.4360776,3.4573963,-2.1078243,0.74437565,2.769263,0.00457262,0.010575543,0.016965827,0.01751986,0.014890305,0.017248493,0.023878502,0.025846308,0.02060045,0.01608535,0.01759742,0.019375801,0.014771187,-0.0011998987,-0.00783691,-0.009786993,-0.0031774044,-0.0057705813,-0.0091543505,-0.0048492867,-0.004978714,-0.0071731624,-0.004673956,-0.005068027,-0.0078172,-0.006294156,fearful,03-01-06-02-02-01-15.wav
-423.50287,34.412727,-9.38377,6.2555013,2.1840909,-8.792048,-0.7142338,-3.5317616,-7.701312,-2.233555,-5.171213,-0.13299802,-2.464222,-0.0008419721,-0.0029082666,-0.005290869,-0.004343008,-0.0010841757,-6.780869e-05,-0.0023931845,-0.004023436,-0.0021029497,0.0004954216,-0.00042360256,-0.0037658582,-0.0047256276,-0.00043632434,-0.00095329527,-0.0013782672,-0.0011212764,-0.0005084307,-0.00040934636,-0.00082416105,-0.00095741183,-0.00055664015,-0.00027254483,-0.0005632547,-0.0010104203,-0.0010498174,angry,03-01-05-02-02-02-15.wav
-550.4107,65.11597,-2.5156744,10.5794,13.258022,-1.2450562,-1.9457012,-4.436501,-6.6487136,1.5103856,-3.1061304,-1.2994663,-1.3831894,-0.036000337,-0.050345205,-0.04867209,-0.045986198,-0.042433344,-0.038202718,-0.033513308,-0.028598092,-0.023688339,-0.018997632,-0.014709234,-0.010964318,-0.007855594,0.0049888273,0.004326628,0.0036815892,0.00643851,0.006128401,0.005406476,0.0059429123,0.0072364374,0.0073168767,0.005935647,0.0069654244,0.007619373,0.005909219,disgust,03-01-07-01-02-02-15.wav
-620.6927,63.218082,-0.6089426,15.361637,14.933909,1.1181754,2.5741112,0.6271719,-0.6233091,1.7936182,1.465167,4.1626062,3.2472048,0.2891402,0.36766526,0.2587841,0.119357586,-0.008991695,-0.097836085,-0.14043649,-0.14819928,-0.13922776,-0.12665875,-0.11334362,-0.09473222,-0.066407114,0.049723215,0.061781537,0.03937214,0.011064406,-0.01431034,-0.030927349,-0.03774535,-0.03760829,-0.03464022,-0.031671297,-0.029139113,-0.02582837,-0.020604283,sad,03-01-04-01-02-01-15.wav
-568.3965,57.71993,-0.54642713,14.221496,12.092505,-0.09220875,2.2139127,0.0976259,-2.2881484,1.9192839,0.03604072,4.603674,2.311546,-0.034020174,-0.047711205,-0.046641316,-0.04520437,-0.043664437,-0.042096484,-0.04040957,-0.0385116,-0.03646338,-0.034486804,-0.032820344,-0.03154965,-0.030560162,-0.016795391,-0.023479104,-0.02271845,-0.021612499,-0.020308476,-0.018897919,-0.017415097,-0.015885895,-0.014376764,-0.012996893,-0.011849988,-0.010977357,-0.010341447,sad,03-01-04-02-01-01-15.wav
-562.9841,84.27423,-2.8693721,13.94864,14.324968,0.70787823,0.43627784,-4.8423204,-3.8108647,4.507468,4.468786,4.2572536,2.7612715,-0.3570983,-0.39586988,-0.14846072,-0.03102637,-0.048775177,-0.01919224,-0.019202167,-0.025201255,-0.024008438,-0.042034477,-0.026630133,-0.03297282,-0.022511143,0.06477791,0.0847855,0.058138795,0.026481206,0.00541396,-0.0059150015,0.0072680595,0.017642329,0.004304524,-0.01859937,-0.026171174,-0.0017411015,0.0032047825,disgust,03-01-07-02-01-02-15.wav
-637.4901,74.69771,2.6197824,13.837626,12.754578,2.016368,3.3495028,0.99501747,-1.74107,-0.8053781,0.5493205,3.4982336,1.3830628,-0.013921136,-0.019454341,-0.018782161,-0.017774928,-0.016628893,-0.015604723,-0.014938034,-0.014731075,-0.0148965465,-0.015186847,-0.015280653,-0.01486713,-0.01369178,-0.0119685875,-0.016484318,-0.015198768,-0.013192337,-0.010670062,-0.007899613,-0.0051663676,-0.0027191718,-0.0007319722,0.0007033228,0.0015593729,0.0018551606,0.0016510657,neutral,03-01-01-01-02-01-15.wav
-614.28784,70.56146,-9.808886,14.550426,12.024759,-4.4173183,-0.47894558,-0.162794,-6.4767137,0.7117889,1.5421362,0.8574049,0.19528896,0.058411267,0.08220615,0.08101838,0.07906954,0.076406546,0.07309422,0.0692152,0.064868376,0.060166754,0.055234544,0.050201803,0.04519991,0.040354818,0.0043528224,0.0055942503,0.0045508156,0.003882533,0.0033473677,0.0023272005,0.0012099743,0.00088557217,0.0012175955,0.0012205864,0.00065524806,0.00025290757,0.00024818766,happy,03-01-03-01-01-01-15.wav
-500.97034,58.109875,-11.158824,13.737793,12.734792,-5.3674426,-1.2527697,-0.47194678,-7.6403937,2.2309704,-0.31898546,1.0588105,-0.40002492,0.003292549,0.03466377,0.055137996,0.030314794,0.029560246,0.039352067,0.018294776,0.011999197,0.02534007,0.015996454,0.0064079706,0.0151831815,0.018528685,-0.024426164,-0.0075128716,0.0183513,0.0009982731,-0.010030866,0.0017558511,0.006371219,0.006501561,0.0052026147,-0.006053909,-0.007599342,0.006347866,0.006407399,happy,03-01-03-02-02-01-15.wav
-581.8617,62.39757,-5.0497003,12.026016,9.4812155,-0.97112256,2.9937813,-1.8711671,-3.8702586,2.273024,0.24005045,-0.95068,-2.4837286,-0.014199276,-0.020133255,-0.020285612,-0.020528218,-0.020845426,-0.021215554,-0.02161269,-0.022007072,-0.022366822,-0.022658879,-0.022850588,-0.022910854,-0.022811595,-0.005891995,-0.008318447,-0.00827675,-0.00820686,-0.008108286,-0.007980595,-0.007823552,-0.007637412,-0.007423008,-0.0071818996,-0.006916494,-0.00662997,-0.0063261865,surprised,03-01-08-01-01-02-15.wav
-556.39136,65.542305,-3.7447324,16.868868,15.535526,-2.4438334,-1.5439006,-2.9725468,-6.7472258,0.5171513,-2.0813856,0.38798448,0.047486782,-0.005662918,-0.0080862045,-0.008283894,-0.008519517,-0.008678172,-0.008643759,-0.00832867,-0.0076966817,-0.0067718825,-0.005631884,-0.0043881205,-0.0031574767,-0.002033891,-0.005644282,-0.007956379,-0.007876113,-0.007736193,-0.007530315,-0.00725441,-0.0069097197,-0.00650469,-0.006055124,-0.005582316,-0.0051096804,-0.004658578,-0.004244419,surprised,03-01-08-02-02-02-15.wav
-595.0796,56.642433,-9.496664,12.325309,12.940951,-3.7862146,0.71750534,-2.5492544,-5.0031643,3.0766633,-3.381423,-1.5831642,0.193157,0.075566314,0.03355712,-0.0637167,-0.030288896,0.05730831,0.035431083,-0.062898,-0.08028679,-0.01009506,0.016891187,-0.026287353,-0.04336571,-0.0059336247,-0.009317896,0.0043634027,0.02185202,0.012008859,0.0029823526,0.0075311693,0.011007541,0.0065388023,6.291144e-05,0.0013154589,0.005708543,0.0053724386,0.005575247,sad,03-01-04-02-02-01-15.wav
-552.0561,57.810905,-1.739795,9.140096,14.149573,-1.2430074,-0.9028208,-6.2183366,-1.2971458,3.2800324,-3.4683683,1.7025377,0.033377964,-0.035315957,-0.042078655,-0.011757686,0.0058487193,-0.028631423,-0.05178421,-0.022449812,-0.01276572,-0.039630495,-0.040069222,-0.022420222,-0.019981623,-0.00958079,-0.012279765,0.0007912763,0.018483123,0.00882201,0.0047826343,0.012593263,0.011084937,0.0090130055,0.0060892957,-0.009773035,-0.014341838,-0.002177105,-0.008663684,disgust,03-01-07-02-02-02-15.wav
-596.33685,78.72183,-17.860052,11.297239,10.862456,-2.2596536,-1.4429373,-5.7604823,-3.6561663,3.714787,1.1221368,-0.3789737,-1.5498695,0.23757234,0.14872144,-0.03859684,0.013765092,0.09695782,0.09532485,-0.012000291,-0.043384656,0.046132706,0.10396745,0.08127651,0.00894328,0.03596826,-0.0607898,-0.00920111,0.026153449,-0.009864835,0.013203156,0.011264904,0.009964073,0.013537282,-0.004212501,0.00084490154,0.0040401607,0.005905652,-0.0012317053,disgust,03-01-07-01-01-02-15.wav
-618.2558,66.7981,-0.8567357,14.971654,12.648223,-3.8625674,3.3471103,-1.3077506,-2.4034884,1.109971,-1.2804571,0.2625401,-0.6309319,0.06132962,0.043342438,-0.0109178275,0.008443996,0.054447547,0.06859676,0.078571886,0.09817263,0.090615585,0.06406463,0.06009031,0.06416037,0.047073707,-0.078543484,-0.0772552,-0.022980219,-0.006548558,-0.011066752,-0.005891522,-0.0044270493,-0.0134809315,-0.010934757,0.0031798028,0.007602082,0.006107226,0.011002272,sad,03-01-04-01-01-01-15.wav
-510.4769,48.681477,-1.8026104,14.247166,11.238348,-1.6522615,1.797654,1.3586684,-3.7990353,2.9467561,-0.8479383,0.7367501,3.1558256,-0.0069086286,-0.0094247395,-0.008419937,-0.006843514,-0.0048267907,-0.0025244553,-9.266535e-05,0.0023318594,0.0046469634,0.0067929826,0.008752227,0.010540958,0.0121965455,0.0038441552,0.005403625,0.0053034294,0.005130695,0.0048791394,0.0045439685,0.004124651,0.0036269177,0.003063659,0.002454135,0.0018219567,0.0011920221,0.00058719516,fearful,03-01-06-02-01-01-15.wav
-449.2556,44.87273,-10.503033,4.3279624,0.45036718,-9.869686,1.5626009,-2.047668,-8.703351,-0.10561337,-4.6881695,-0.41776347,-2.481066,0.017397294,0.024584515,0.024529984,0.02443932,0.024312709,0.024150493,0.023953127,0.023721103,0.023455082,0.023155758,0.022823961,0.022460485,0.022066366,-2.4108413e-06,-3.59553e-06,-3.8250632e-06,-4.2241554e-06,-4.773184e-06,-5.477704e-06,-6.326237e-06,-7.323597e-06,-8.453493e-06,-9.708754e-06,-1.1088685e-05,-1.2585835e-05,-1.4186646e-05,angry,03-01-05-02-01-02-15.wav
-506.42136,43.26669,-7.806351,7.005819,4.1630397,-7.103037,0.9990541,-0.39176312,-7.949213,3.2250938,-4.440956,0.11978653,0.58398974,-0.009074691,-0.012825137,-0.0127992565,-0.012756211,-0.01269603,-0.012618919,-0.012524973,-0.012414483,-0.012287739,-0.012144804,-0.011986215,-0.011812222,-0.011623239,-0.004815039,-0.0068039987,-0.0067875306,-0.0067601297,-0.006721896,-0.006672968,-0.006613493,-0.00654368,-0.00646375,-0.0063739885,-0.0062746597,-0.00616611,-0.006048674,angry,03-01-05-01-02-02-15.wav
-589.2009,54.726227,9.341669,13.099393,13.833874,5.5101843,0.518128,-3.4940846,1.839619,5.872719,0.4403968,1.7601435,3.664148,-0.05373561,-0.07519412,-0.073814675,-0.07318175,-0.072675176,-0.07080787,-0.0677818,-0.0651573,-0.06321036,-0.060492713,-0.056333873,-0.05201426,-0.04863054,-0.006301552,-0.011431518,-0.015261646,-0.015483743,-0.0137511445,-0.014295818,-0.016059855,-0.0149082905,-0.0111956075,-0.0090585435,-0.009351845,-0.008893202,-0.006565263,fearful,03-01-06-01-02-01-15.wav
-594.37646,67.028725,-7.842407,11.513243,12.075015,-2.5904846,-0.39587778,-2.2607265,-6.357906,2.3307347,1.6245468,1.1717882,-2.6113048,0.052218057,0.07331357,0.0716578,0.06875788,0.06454575,0.05913694,0.05290129,0.04643049,0.040402748,0.035393547,0.03170831,0.029306913,0.027852684,0.002004844,0.002493584,0.0017849773,0.0010853962,0.00014019906,-0.0014786541,-0.0035269037,-0.005310908,-0.0065896735,-0.007634826,-0.00845958,-0.0086659035,-0.008187634,surprised,03-01-08-01-02-01-15.wav
-530.4808,53.44593,-1.1561046,13.92801,11.032741,-0.44185188,2.5826073,-0.019647101,-3.405799,3.929736,1.4529219,0.6103037,1.900579,0.04717265,0.06653302,0.06599853,0.06511522,0.06389381,0.062349122,0.060499817,0.058368087,0.055979088,0.05336066,0.050542846,0.047557287,0.044436816,0.004008587,0.0056386436,0.005548111,0.0053989887,0.0051938687,0.004936205,0.0046302164,0.0042806948,0.00389284,0.0034721927,0.0030243935,0.0025551324,0.0020700693,surprised,03-01-08-02-01-01-15.wav
-535.9115,57.50294,-9.18528,13.241406,10.439776,-1.9357059,-0.27635917,-2.7428603,-3.8236058,1.8013452,-1.4720795,2.8938792,-0.40994054,-0.0035608292,-0.005143285,-0.005446023,-0.0058928966,-0.0064059407,-0.006892389,-0.0072578923,-0.0074202763,-0.0073216856,-0.0069367886,-0.0062774657,-0.005390966,-0.0043541314,0.008123619,0.011190623,0.010687345,0.010509764,0.010483528,0.010093073,0.0094221635,0.009073288,0.009201119,0.009281503,0.008987802,0.008697552,0.008804234,disgust,03-01-07-02-01-01-15.wav
-565.0859,55.99913,-0.30258584,11.004166,12.391296,1.7195437,1.8693433,0.569584,-2.2209709,3.1080441,0.53960747,2.9278603,1.8822491,0.045121383,0.06338319,0.06212734,0.06012426,0.05749949,0.054412466,0.051041916,0.04757031,0.04416851,0.040982615,0.038123902,0.035662945,0.033628073,0.0009127377,0.001188755,0.0008904561,0.00041702949,-0.0001982637,-0.0009132916,-0.0016808356,-0.0024528292,-0.0031843523,-0.0038371896,-0.0043824795,-0.004802318,-0.005090075,sad,03-01-04-02-01-02-15.wav
-623.3835,76.78317,0.6729979,16.062235,15.721549,0.5620327,3.7154808,-2.2264144,-2.4606671,2.3300161,-0.33523637,-0.72941506,-0.8767462,0.08702568,0.030128583,-0.14321482,-0.21812767,-0.15608066,-0.06513013,-0.03280265,-0.030430872,0.004995255,0.0604655,0.07563709,0.04135533,0.003038511,-0.0052973996,-0.0067311707,-0.0025021834,0.0066381544,0.015354722,0.015362514,0.006249552,-0.0036473796,-0.007923905,-0.008030439,-0.008189349,-0.008570993,-0.0056662774,sad,03-01-04-01-02-02-15.wav
-594.0286,77.608284,-6.5460167,11.106368,15.112492,1.3702301,-5.857542,-12.227056,-2.4697149,6.063548,2.1000183,-1.8494833,-0.82274514,0.28155518,0.05015372,-0.2213992,-0.055927925,0.02051898,-0.007989584,-0.088413395,-0.14068593,-0.037516985,0.08480365,0.0041625574,-0.11157813,-9.3640025e-05,-0.053385526,0.006327305,0.06705046,0.030937273,0.024898484,0.019533738,0.032159545,0.05406199,0.014005917,-0.03247582,-0.020069478,0.015952393,0.006047569,disgust,03-01-07-01-02-01-15.wav
-495.972,47.27223,-5.858518,11.446115,10.908431,-2.859059,-2.2491615,-0.9394033,-4.466645,-0.00803333,0.9398749,1.9901862,1.4438852,0.014678141,0.020726344,0.02063385,0.02048078,0.020267932,0.01999733,0.019671045,0.019291496,0.018861847,0.018385373,0.017865766,0.017307155,0.016713733,-0.00521684,-0.0073635294,-0.0073204245,-0.0072481195,-0.0071460684,-0.00701365,-0.0068504876,-0.006656529,-0.0064322622,-0.0061788997,-0.005898374,-0.005593357,-0.0052672504,angry,03-01-05-02-02-01-15.wav
-489.2159,41.87196,-9.969697,7.7412667,9.069706,-5.0960045,-1.7143165,-4.993439,-7.83128,3.1776676,-3.195292,0.43382758,1.4328761,-0.008701552,-0.012290247,-0.012242147,-0.012161861,-0.0120491,-0.011903447,-0.011724485,-0.011512118,-0.01126614,-0.010986637,-0.010674104,-0.01032918,-0.009953259,0.007824639,0.011031801,0.010930753,0.010764295,0.010535362,0.010247913,0.009906873,0.009517983,0.009087653,0.008622841,0.008130804,0.007619006,0.0070948647,fearful,03-01-06-02-02-02-15.wav
-579.60547,58.889725,3.3812335,12.985546,13.762987,1.6203475,-2.5734699,-6.8196273,1.9337728,6.7993855,0.747677,3.4849102,4.10856,-0.17306049,-0.18372144,-0.08192753,-0.06701779,-0.12093431,-0.11653944,-0.048366535,-0.037665073,-0.09857685,-0.12893969,-0.110549524,-0.0982665,-0.08420621,-0.0021583268,0.007427389,0.0138959,0.0024976297,0.0015090412,0.011175597,0.0086481925,0.0031564168,0.0071350303,0.010075054,0.009111841,0.008176213,0.004232114,fearful,03-01-06-01-01-02-15.wav
-537.4676,55.691093,-5.4909344,12.152188,8.636639,-4.979621,3.4193616,1.1733803,-5.473832,1.5584157,-0.45669904,0.94351643,-1.1226753,-0.14076748,-0.17477097,-0.1326295,-0.10719261,-0.08155075,-0.04149589,-0.017039377,-0.023781473,-0.028795723,-0.011312254,0.005059619,0.0070133726,0.016765995,0.01910914,0.022517422,0.015256646,0.011909376,0.008212053,0.0007929331,-0.003983129,-0.0024948362,-0.0011269082,-0.0037524912,-0.0053924085,-0.003747135,-0.004077146,angry,03-01-05-01-01-01-15.wav
-654.0557,70.66096,0.6037392,16.608322,11.119586,-0.87504846,4.7623644,2.0357556,-1.5078388,0.10179712,0.932877,2.5171587,0.9121878,-0.0010814283,-0.00074721983,0.0014596721,0.004767002,0.008846347,0.013399162,0.017999778,0.021947037,0.024377784,0.024658345,0.02277085,0.019376568,0.015487299,-0.009634312,-0.012960505,-0.011075193,-0.008282713,-0.0050631417,-0.0019588382,0.0005760577,0.002299504,0.0032038994,0.0034285905,0.0031365291,0.0024436929,0.001433595,neutral,03-01-01-01-01-02-15.wav
-599.3334,68.42911,-6.6547117,14.0258465,14.606694,-2.319701,-1.6960677,0.084731035,-5.2639914,-2.028693,-0.31728753,3.218426,0.11372306,0.021325847,0.030689623,0.03211394,0.033964988,0.03559782,0.03635363,0.03572948,0.033511885,0.029841725,0.025194198,0.02027906,0.015885416,0.012707771,0.012672034,-0.0046604914,-0.019838044,-0.008698341,-0.008687511,-0.009401353,-0.003470872,-0.00074368034,-0.0041024494,-0.009340099,-0.0029088682,0.0034680462,-0.0022914489,happy,03-01-03-01-02-02-15.wav
-541.52655,65.000336,-12.824126,16.332033,14.870608,-3.9687817,0.9754315,2.4573696,-6.740988,2.5193725,2.8695652,1.4983094,-0.04954572,0.049685467,0.06898092,0.06691832,0.057599284,0.045638613,0.035352975,0.028128268,0.022645194,0.013796494,0.0077821985,0.004410057,0.0055728275,0.0049330173,0.012630352,0.015834052,0.016421543,0.016698824,0.011668398,0.011493015,0.009824144,0.008712123,0.008624002,0.0027554298,0.0041202484,0.0050301612,0.004536856,happy,03-01-03-02-01-02-15.wav
-567.49164,42.726265,-1.6550053,5.2047715,1.4081594,0.09729784,-2.9885,-3.1857398,-8.8089485,-5.4979787,-0.515267,-4.2222686,-3.3359563,0.012307774,0.008375471,-0.007454894,-0.010271228,0.0037321881,0.01762206,0.01463436,-0.0012211854,-0.010290607,-0.0016177676,0.013674598,0.016339684,0.0028186007,0.0008917505,-0.00014982712,-0.0025993153,-0.0029645318,-0.00068453496,0.0015340474,0.0010759031,-0.0013573221,-0.0026603162,-0.0012054606,0.0011533797,0.001418367,-0.0008211285,disgust,03-01-07-02-01-01-23.wav
-611.87286,51.07888,-9.759368,5.891849,7.6773005,0.13502644,-4.7673664,-9.383156,-6.818451,-3.621819,-3.0105147,-5.4269133,-2.0258837,0.044850666,0.04835059,0.020406816,0.0026938727,-0.005934544,-0.018376857,-0.03561157,-0.04323178,-0.034844894,-0.020549936,-0.009695013,-0.0069735795,-0.011367851,0.023739886,0.015727483,0.0013302722,-0.0011675049,-0.0028872718,-0.0039103613,-0.011164461,-0.0143728815,-0.0133170225,-0.010296559,-0.007433224,-0.004547755,-0.004898268,sad,03-01-04-02-01-02-23.wav
-648.4958,49.664608,0.015855322,11.4898815,7.7586555,1.6387569,-0.42989776,-5.7022724,-5.182212,-5.3296556,-0.4206827,-3.8063784,-3.3797235,-0.03196534,-0.032949485,-0.0043795123,0.022769628,0.035015382,0.03129561,0.02054095,0.013543423,0.015942963,0.025538534,0.03448902,0.035284113,0.02645087,-0.078637674,-0.098407194,-0.06768679,-0.0357595,-0.015767958,-0.010066168,-0.012354534,-0.014213115,-0.010394086,-0.0010833411,0.009089789,0.015031762,0.015336592,sad,03-01-04-01-02-02-23.wav
-665.14026,40.18155,0.12732503,6.53579,3.7917807,2.2288373,-2.1258423,-7.017364,-5.4816704,-2.691267,0.051374156,-3.831285,-3.8529036,-0.051685587,-0.007212372,0.06416171,0.028922424,-0.017244073,-0.022556745,-0.011797561,0.026164614,0.028074976,-0.024175586,-0.020629596,0.012370008,-0.00923879,-0.070690304,-0.0366826,0.020170663,-0.0011270754,-0.01215607,-0.023176117,-0.021659316,0.021814182,0.035799988,0.0027838997,-0.014252004,-0.0043285014,-0.0024999245,disgust,03-01-07-01-02-01-23.wav
-403.66873,22.193514,-17.275928,-3.4200912,-5.4343357,-5.54683,-6.742002,-7.133416,-7.848795,-6.435296,-4.298809,-4.2221394,-3.1660423,-0.005795724,-0.008193329,-0.008184924,-0.008170782,-0.008151102,-0.008125809,-0.0080950055,-0.008058671,-0.00801694,-0.007969788,-0.007917336,-0.007859652,-0.0077968054,-0.0003429413,-0.00048492296,-0.00048470838,-0.00048430264,-0.00048376663,-0.00048305647,-0.00048220542,-0.00048120363,-0.0004800441,-0.0004787377,-0.0004772859,-0.00047568764,-0.00047394718,angry,03-01-05-02-02-01-23.wav
-524.2169,51.18589,-13.86503,0.71111363,4.5923195,-3.3612428,-8.834921,-14.019713,-15.501662,-5.9748597,-1.226949,-7.3370895,-4.6318555,0.059417725,0.059325024,-0.028014863,-0.055362903,0.030758502,0.04307969,-0.032660715,-0.073338754,-0.044047724,0.019735865,0.040913183,0.020865483,0.010769981,-0.039070763,-0.025678236,0.012136089,0.011157109,-8.22809e-05,-0.0039776913,-0.0013898666,0.009176151,0.0081038885,-0.00016314142,0.00222488,0.0017000928,0.0027810198,fearful,03-01-06-02-02-02-23.wav
-684.3556,52.66624,-2.9486313,7.7153006,7.978341,0.24422507,-0.87960935,-4.027371,-8.845339,-3.679851,2.031348,-4.9232,-2.3987117,0.38020435,0.2873286,-0.03581099,-0.05317472,0.040663663,0.08035841,0.016784236,-0.087545656,-0.10685122,-0.014959349,0.10913013,0.117146686,0.0473211,0.037086267,0.022950813,-0.009563221,-0.0067144018,0.0016144684,0.007420448,0.004497466,-0.0054549472,-0.0082764095,-0.0023321449,0.0086207185,0.00940534,0.0022540365,fearful,03-01-06-01-01-02-23.wav
-550.93805,40.10832,-10.376297,1.7373765,-0.37266093,-5.942419,-4.667179,-4.97708,-11.824297,-5.8419127,-2.5122616,-6.37704,-3.9932127,1.4938674e-06,0.0,-5.335241e-08,6.669051e-09,0.0,0.0,1.3338102e-08,6.669051e-09,0.0,-1.3338102e-08,-1.3338102e-08,-8.336314e-09,0.0,1.3338102e-08,-3.3345255e-09,-3.3345255e-09,-1.6672628e-09,6.669051e-09,5.0017883e-09,8.336314e-10,-8.336314e-10,-8.336314e-10,-8.336314e-10,6.669051e-09,-1.8756707e-09,0.0,angry,03-01-05-01-01-01-23.wav
-551.0947,45.550564,-6.9992313,0.9389851,3.2199247,-2.4471617,-6.737069,-5.817858,-10.70032,-3.2905974,0.9410026,-3.435804,-4.60295,-0.0071244673,-0.010065266,-0.010034414,-0.009983276,-0.009911924,-0.009820632,-0.009709725,-0.009579625,-0.009430826,-0.009263845,-0.0090793,-0.008877881,-0.008660283,-0.0011588718,-0.0016915982,-0.0017921408,-0.0018313298,-0.0017730556,-0.0016917482,-0.0016821607,-0.0017464844,-0.0017899541,-0.001730301,-0.0015942467,-0.0014895248,-0.0014843007,surprised,03-01-08-01-02-01-23.wav
-524.19714,37.957233,-9.889591,1.5723935,2.658684,-5.296428,-11.369534,-8.09349,-9.32877,-4.451603,-2.8211493,-5.7671094,-7.1106215,-0.00065400585,-0.0009293714,-0.0009440239,-0.00096817524,-0.0010020275,-0.0010451638,-0.0010975907,-0.0011590743,-0.001229343,-0.001308138,-0.0013951766,-0.0014900466,-0.0015923961,0.0008892269,0.0012468261,0.0012177536,0.0011776583,0.0011364695,0.0011036838,0.001085532,0.0010831682,0.0010923636,0.0011047164,0.0011102348,0.0011002643,0.0010701038,surprised,03-01-08-02-01-01-23.wav
-618.1251,60.08544,-5.9364595,9.629848,15.576269,-5.6812234,0.37564752,-1.1077002,-8.532424,-3.521825,2.771218,-2.6391807,-0.43749246,-0.0074697933,-0.010557613,-0.010534334,-0.010486851,-0.010403817,-0.010271688,-0.010077192,-0.0098094735,-0.009462214,-0.009035312,-0.008535397,-0.007976224,-0.007377566,-0.0067345873,-0.009605566,-0.009810353,-0.010039264,-0.010179055,-0.010146763,-0.009911591,-0.009492276,-0.008942952,-0.008339114,-0.007764446,-0.007291947,-0.0069597596,neutral,03-01-01-01-01-02-23.wav
-611.7603,43.287296,-3.3578649,5.164882,5.579363,-4.941465,-5.761298,-6.2023244,-12.842966,-3.248247,-3.0515811,-4.5275097,-3.24473,1.2986203e-06,5.410918e-08,-1.3527295e-08,1.3527295e-08,-1.0145471e-08,0.0,0.0,0.0,0.0,6.7636474e-09,0.0,-1.3527295e-08,-1.3527295e-08,0.0004329952,0.0004028158,2.8874012e-05,-6.2854575e-05,0.0002107113,0.00047031362,0.0003537988,-2.7662896e-05,-0.0002264317,-1.4362606e-05,0.00033727943,0.00039994845,0.00012029063,happy,03-01-03-01-02-02-23.wav
-504.24014,30.646584,-13.686869,-2.7385757,-3.3349583,-7.490461,-9.829238,-6.740911,-10.799126,-7.204031,-4.0246778,-4.6614103,-6.943025,0.0,5.528547e-08,-2.7642734e-08,3.4553418e-09,-1.3821367e-08,0.0,0.0,1.3821367e-08,0.0,0.0,0.0,0.0,-1.3821367e-08,0.0,0.0,-1.7276709e-09,-1.7276709e-09,0.0,8.6383545e-10,0.0,-3.4553418e-09,-8.6383545e-10,-4.3191772e-10,0.0,0.0,0.0,happy,03-01-03-02-01-02-23.wav
-629.0704,53.56093,-8.102327,5.5567245,12.019093,-8.496998,-1.6463383,-4.40757,-10.663365,-5.3556633,0.3718495,-4.1567683,-2.649082,0.00023204875,0.0011242081,0.002814479,0.0040740245,0.004338942,0.0041745026,0.004348755,0.004877378,0.00512531,0.0046053054,0.0033974077,0.0018759194,0.0003696575,-0.0116717685,-0.015910491,-0.014549976,-0.013248584,-0.012410449,-0.011785282,-0.01098147,-0.010001455,-0.00918627,-0.008786271,-0.008761729,-0.008955265,-0.009252898,neutral,03-01-01-01-02-01-23.wav
-638.53723,47.41588,-8.420137,4.07725,5.1239715,-5.845615,-5.6604185,-7.539271,-11.52667,-5.461642,-2.863679,-4.445194,-4.040188,0.003253513,0.0045952266,0.004578663,0.004551119,0.004512853,0.004463964,0.00440481,0.0043357015,0.004257017,0.0041692257,0.0040727723,0.0039682654,0.0038562184,-0.00087839365,-0.001246964,-0.001259399,-0.001275892,-0.0012911475,-0.0012994674,-0.0012960418,-0.0012780312,-0.0012451609,-0.0011997777,-0.0011463298,-0.0010903688,-0.0010373262,happy,03-01-03-01-01-01-23.wav
-517.1777,31.994776,-10.639785,-3.719707,-3.773356,-8.749662,-10.088323,-5.038707,-14.40389,-4.8674107,-3.2394624,-6.2106934,-4.835205,2.179827e-07,5.4495676e-08,2.7247838e-08,-2.7247838e-08,6.8119594e-09,2.7247838e-08,0.0,1.3623919e-08,0.0,0.0,0.0,-6.8119594e-09,6.8119594e-09,3.4059797e-09,6.8119594e-09,0.0,0.0,-2.5544848e-09,0.0,-1.7029899e-09,2.5544848e-09,-4.257475e-09,0.0,-1.7029899e-09,3.4059797e-09,8.5149493e-10,happy,03-01-03-02-02-01-23.wav
-652.41626,43.3248,4.350434,3.9925141,5.2598867,0.8291463,-3.8905666,-7.990062,-8.916143,-5.5495324,-1.3552445,-8.208099,-2.409824,-0.0002545525,-0.00036113962,-0.00036098255,-0.00036087036,-0.0003606961,-0.0003604377,-0.00036014107,-0.00035979747,-0.00035938655,-0.00035891813,-0.00035841324,-0.00035782563,-0.00035722114,-2.6430804e-05,-3.738263e-05,-3.7395253e-05,-3.7406473e-05,-3.74297e-05,-3.745144e-05,-3.7480102e-05,-3.7510254e-05,-3.7542162e-05,-3.757985e-05,-3.7623853e-05,-3.766873e-05,-3.7721325e-05,sad,03-01-04-02-02-01-23.wav
-585.2488,43.282696,0.58987534,5.741031,3.104638,-0.11589215,-5.876887,-4.991092,-13.007439,-5.4858766,-1.0451822,-6.63645,-4.341598,-0.0011885408,-0.0014720163,-0.0011168155,-0.0010757446,-0.0013985548,-0.0016588451,-0.0015104717,-0.0011380818,-0.0010167196,-0.0012928054,-0.0015932529,-0.0015118307,-0.0011383131,0.0006648081,0.00051086105,-0.0002784843,-0.0005391458,-6.670723e-05,0.0004369942,0.00025307632,-0.0004604855,-0.000863899,-0.00046111294,0.00030847473,0.00061532407,0.00022855062,disgust,03-01-07-02-02-02-23.wav
-639.3163,47.328457,-1.946099,8.916617,4.517302,-0.56757987,-2.4642239,-4.513368,-5.6982994,-3.556773,-0.20258443,-3.0230327,-3.8376658,7.926644e-06,1.0601886e-05,1.0527574e-05,1.0428491e-05,1.0221035e-05,9.982617e-06,9.711686e-06,9.341674e-06,8.936052e-06,8.5149495e-06,8.019534e-06,7.505541e-06,6.9296207e-06,2.1395745e-06,-2.0559733e-06,-1.5568423e-05,-3.533549e-05,-5.76942e-05,-7.850474e-05,-9.39017e-05,-0.00010094704,-9.822071e-05,-8.600718e-05,-6.630823e-05,-4.2429605e-05,-1.8420931e-05,disgust,03-01-07-01-01-02-23.wav
-694.97186,61.44457,-4.3426547,7.648777,11.443428,-0.5436926,-3.0594063,-5.329355,-8.865638,-5.9379964,-1.6874534,-4.5349364,-4.876576,1.173753e-06,4.8906376e-08,0.0,0.0,-1.5283243e-08,0.0,-7.641621e-10,-6.113297e-09,-6.113297e-09,6.113297e-09,-4.584973e-09,-3.0566485e-09,6.113297e-09,-4.8906376e-08,-1.2226594e-08,0.0,-6.113297e-09,-3.0566485e-09,0.0,-7.641621e-10,2.2924864e-09,0.0,3.0566485e-09,0.0,-3.0566485e-09,1.9104054e-09,sad,03-01-04-01-01-01-23.wav
-536.463,44.388012,-13.136881,5.752646,5.870698,-9.564494,-9.378195,-10.239055,-12.457211,-4.8105626,-1.9583172,-7.6634126,-2.1308694,0.16453592,0.31765366,0.17708935,0.12681521,0.094777495,0.0055149873,-0.0063186707,0.0060559814,-0.016421244,0.097310424,0.08548118,0.122583725,0.14781654,-0.030388528,-0.023631092,-0.018664278,-0.0060214344,0.008983446,0.010909633,0.024056282,0.030350413,0.019683704,0.022480283,0.011210476,0.009448208,0.009583727,fearful,03-01-06-02-01-01-23.wav
-442.8406,28.982012,-17.222452,-2.2360382,-5.3674173,-8.364562,-6.042027,-5.65506,-9.1151495,-6.777093,-4.5579205,-4.581358,-4.4506736,0.00034968057,0.00049919554,0.0005141894,0.00053910416,0.00057370134,0.000617822,0.00067110854,0.00073330355,0.000803868,0.00088244013,0.0009684298,0.001061317,0.0011604114,-0.000737124,-0.0010404454,-0.0010344005,-0.0010243654,-0.0010104014,-0.0009925966,-0.0009710681,-0.00094594556,-0.0009173867,-0.0008855727,-0.00085070066,-0.0008129846,-0.00077265955,angry,03-01-05-02-01-02-23.wav
-551.2705,37.61826,-9.374416,2.107903,-1.9896789,-7.1516385,-8.127361,-3.8578148,-12.298931,-7.6850924,-2.6533039,-8.165836,-6.374462,8.477105e-07,0.0,-3.973643e-08,0.0,-3.3113692e-09,0.0,1.3245477e-08,-1.6556846e-09,-2.6490953e-08,-1.3245477e-08,-1.3245477e-08,0.0,-3.3113692e-09,1.3245477e-08,6.6227384e-09,-3.3113692e-09,-3.3113692e-09,-1.6556846e-09,4.1392115e-10,0.0,8.278423e-10,1.6556846e-09,0.0,3.3113692e-09,-2.483527e-09,-8.278423e-10,angry,03-01-05-01-02-02-23.wav
-627.22546,38.93078,-4.721755,7.085903,6.543224,-1.2654486,-3.340516,-6.359021,-8.494411,-4.78673,0.062740944,-5.613816,-1.9068985,-0.0077279033,-0.010946386,-0.010962613,-0.010917215,-0.010807711,-0.010693101,-0.010614451,-0.01054031,-0.010409467,-0.010214455,-0.01001241,-0.009848861,-0.009697283,-0.0052837906,-0.0074489536,-0.0073984195,-0.0073543657,-0.0073185107,-0.0072588064,-0.0071531124,-0.0070195715,-0.0068927757,-0.006777813,-0.006644233,-0.0064680683,-0.006265187,fearful,03-01-06-01-02-01-23.wav
-580.96466,45.58148,-7.505829,3.5861979,4.8688397,-4.907496,-7.6326146,-6.0357404,-9.9387665,-2.2560706,-0.08836245,-5.604835,-3.7606301,0.005195182,0.0038714272,-0.0035651615,-0.009480898,-0.011998041,-0.013989217,-0.018099798,-0.022269286,-0.021670913,-0.014726353,-0.0055738655,0.0002335344,0.0015608923,-0.003581781,-0.004518221,-0.003618145,-0.0036446606,-0.0047693406,-0.00577387,-0.0054851626,-0.004143393,-0.003036918,-0.002916486,-0.0031818738,-0.0027978863,-0.0017168709,surprised,03-01-08-01-01-02-23.wav
-525.8437,33.495296,-11.443397,-1.8351206,-1.8492888,-5.0467496,-9.939675,-7.944161,-10.202283,-4.6657066,-3.281491,-4.9207635,-6.0351315,0.0012085388,0.0017078115,0.0017074371,0.0017067436,0.0017057966,0.0017045278,0.0017030622,0.0017012482,0.0016991475,0.00169682,0.0016941658,0.0016912981,0.0016881236,8.458691e-05,0.000119576085,0.00011929599,0.00011889084,0.00011847069,0.0001181139,0.00011790549,0.00011788465,0.00011805992,0.000118382326,0.000118778145,0.0001191586,0.000119436874,surprised,03-01-08-02-02-02-23.wav
-508.49542,30.203592,-12.217266,-2.0694795,-2.1832128,-6.8179245,-8.86273,-6.0286937,-11.231117,-5.776505,-3.557055,-5.809496,-5.753914,0.003768703,0.005328315,0.005325045,0.0053194454,0.005311639,0.005301612,0.0052893776,0.0052749636,0.0052583423,0.0052395547,0.005218656,0.005195638,0.0051705223,-0.00016263554,-0.00022941317,-0.00022928204,-0.00022907257,-0.00022877625,-0.00022840074,-0.00022794136,-0.00022739769,-0.00022676673,-0.00022605658,-0.00022527149,-0.00022439318,-0.00022344079,happy,03-01-03-02-01-01-23.wav
-608.44824,42.862293,-7.122563,3.526419,4.985818,-5.6676626,-6.395648,-8.578725,-12.112078,-3.922924,-2.6027043,-5.5223503,-2.919099,0.015812466,0.022336455,0.022263473,0.022142233,0.021973297,0.021757636,0.021496283,0.021190453,0.020841857,0.020452145,0.020023305,0.019557422,0.019056838,0.0020153522,0.0028394018,0.0028089522,0.0027607633,0.002698367,0.0026260922,0.0025485735,0.0024702114,0.0023946967,0.0023245164,0.0022608195,0.00220319,0.002149827,happy,03-01-03-01-02-01-23.wav
-644.43164,61.691525,-4.2311883,8.771252,12.1218815,-6.0974197,-3.8225856,-4.38663,-9.30909,-5.8884735,0.70167625,-5.022706,-1.4691705,0.059959784,0.07985673,0.071362,0.06520209,0.058143824,0.047755033,0.036713064,0.029312808,0.02535723,0.021207483,0.018006738,0.019176949,0.02232518,0.0036893706,0.0044647995,0.0034466852,0.0032022363,0.0028117402,0.0016507695,0.00033348217,-0.0003138119,-0.00052616943,-0.0012168074,-0.0021457374,-0.002318379,-0.0019885192,neutral,03-01-01-01-01-01-23.wav
-535.94666,40.158257,-10.046415,3.3634567,-0.18323667,-6.009483,-6.340037,-4.6299458,-11.628327,-6.248601,-1.9908893,-6.8625803,-4.241315,2.1340963e-07,5.335241e-08,0.0,-1.3338102e-08,0.0,-1.3338102e-08,8.336314e-09,6.669051e-09,-1.3338102e-08,-1.3338102e-08,-6.669051e-09,8.961537e-09,-1.3338102e-08,2.3681801e-05,3.263e-05,3.016016e-05,2.6669535e-05,2.2941536e-05,1.9807916e-05,1.7967986e-05,1.7823457e-05,1.941194e-05,2.23705e-05,2.6012634e-05,2.9525556e-05,3.211065e-05,angry,03-01-05-01-01-02-23.wav
-601.3324,48.598854,-3.127336,6.7620516,7.655466,-3.1789565,-2.6527936,-7.842542,-9.492153,-3.242617,-1.5783075,-3.2198217,-2.8534284,-0.0032311766,-0.002276478,0.0018885311,0.0031144186,0.0003578231,-0.0024997275,-0.001555838,0.002261506,0.0043376563,0.0020271083,-0.002116581,-0.0034174982,-0.00068062585,-0.00018860989,1.193773e-05,0.0003633499,-0.00010893649,-0.0015621985,-0.0029901823,-0.0032654793,-0.0024656036,-0.0017210142,-0.0017745995,-0.0021044104,-0.0016511258,-0.00026995144,fearful,03-01-06-01-01-01-23.wav
-511.9651,37.023342,-13.262848,0.7411491,2.2010822,-8.85478,-9.973059,-9.374557,-11.62287,-5.787505,-1.5969372,-8.349942,-5.0766172,0.040645845,0.03183459,-0.0054787225,-0.0075550824,0.012587362,0.022595566,0.0046184836,-0.029621929,-0.03254276,0.008363284,0.035513803,0.01875616,-0.002174526,0.0018735923,0.0022635087,-0.0025624547,-0.007058899,-0.0011748075,0.0040815896,-0.002586439,-0.008691386,-0.0057276096,-0.001238273,0.001365931,0.00082820404,-0.0042822524,fearful,03-01-06-02-02-01-23.wav
-405.9521,23.088606,-14.7734375,-2.6902115,-5.1343293,-8.06966,-6.675313,-5.9954658,-9.99263,-7.6992617,-3.8892353,-6.6699805,-4.724087,0.000101796395,0.00014363136,0.00014290444,0.00014157729,0.00013981332,0.00013753584,0.00013474151,0.00013151369,0.00012781903,0.00012361753,0.000119029224,0.00011398742,0.00010861217,-4.9134236e-05,-6.9431495e-05,-6.9051355e-05,-6.843238e-05,-6.7572495e-05,-6.6467095e-05,-6.5129956e-05,-6.3566375e-05,-6.1768755e-05,-5.9751364e-05,-5.752807e-05,-5.5103035e-05,-5.2483767e-05,angry,03-01-05-02-02-02-23.wav
-664.36206,43.601517,4.692662,6.55013,4.009134,0.95168495,-0.8269899,-7.1819315,-5.9919386,-3.2282991,-1.2809602,-4.878219,-3.265035,-0.15153462,-0.089972705,-0.08867994,-0.10944271,-0.023485979,-0.011849642,-0.030584017,0.015520211,-0.0043035615,-0.012572878,0.015549581,0.0019881527,-0.015801419,0.01793944,0.00505156,0.011009772,0.016813267,-0.004276196,-0.008623053,-0.0013238043,-0.0037766956,0.0017444305,4.7354028e-05,-0.010421774,-0.007112335,6.260889e-05,disgust,03-01-07-01-02-02-23.wav
-638.56836,44.62285,0.33667448,9.417309,6.1213984,1.5243742,-1.0626677,-5.653085,-5.9565744,-5.230684,0.047997065,-4.295174,-2.9443321,0.0028547808,0.0038523984,0.0033344666,0.0025858816,0.0017547731,0.0010054947,0.00048639247,0.0003003145,0.00048444798,0.0010034883,0.0017562036,0.0025963753,0.0033613876,-0.0028921862,-0.004068204,-0.0040080873,-0.00392783,-0.0038521916,-0.0038066027,-0.0038105038,-0.0038718437,-0.003983902,-0.004125412,-0.004264035,-0.0043626027,-0.004386856,sad,03-01-04-01-02-01-23.wav
-572.6613,52.09275,-4.176109,9.572338,8.085082,-0.38003796,-7.0074325,-10.757747,-9.967216,-6.3754845,-2.6749299,-4.765482,-2.0522037,-0.022000685,-0.030881198,-0.030200658,-0.02912683,-0.027743546,-0.026155684,-0.02447854,-0.022826288,-0.02130101,-0.019983524,-0.018926661,-0.018152175,-0.017651029,0.05017438,-0.0017487874,-0.008062474,-0.00416725,-0.005536612,0.002383201,-0.0068922667,-0.0048341453,-0.0060966937,-0.0077476637,-0.0043385164,-0.002343777,-0.0020839546,sad,03-01-04-02-01-01-23.wav
-569.06354,48.44669,-1.6566885,7.9184775,0.4820661,-1.3172596,-4.4659905,-5.6613026,-10.643736,-5.6352625,-0.47817078,-5.2997775,-3.7705474,0.02619267,0.02710989,0.008035283,-0.002286731,-0.0016352374,-0.0034910934,-0.015660102,-0.028201066,-0.026676552,-0.011344716,0.0034396804,0.0071419897,0.0040699393,0.006316134,0.006714084,0.0022830248,-0.00052863255,-0.0009378702,-0.0014842063,-0.0039096507,-0.0064740707,-0.0061820354,-0.0026893185,0.0011995395,0.0027721757,0.0021853868,disgust,03-01-07-02-01-02-23.wav
-524.10046,38.84764,-12.189697,-1.0640793,-1.9353006,-5.7978935,-10.081417,-9.213672,-9.894924,-4.822096,-2.899404,-5.78664,-5.150632,0.0011299865,0.0015960588,0.001593237,0.0015884882,0.0015818452,0.0015733014,0.0015628893,0.0015506156,0.0015365522,0.0015206272,0.0015029646,0.0014835253,0.0014623877,0.00015798007,0.000223586,0.00022439107,0.00022573586,0.00022760646,0.00023001024,0.00023293821,0.00023638223,0.00024034225,0.00024479986,0.00024975897,0.000255203,0.00026112224,surprised,03-01-08-02-01-02-23.wav
-541.94977,42.230316,-9.924189,-1.3340627,0.6000123,-5.391193,-7.570485,-7.8909674,-10.538919,-4.0509973,-2.1049151,-4.7099347,-6.0786157,-0.013954216,-0.01971528,-0.019653147,-0.019549884,-0.01940607,-0.019222477,-0.019000046,-0.018739847,-0.018443353,-0.018112049,-0.01774768,-0.017352058,-0.016927252,0.0026726006,0.0037754541,0.0037632105,0.0037428583,0.003714524,0.003678311,0.0036344153,0.0035830403,0.0035244247,0.0034588566,0.003386635,0.0033081,0.0032236134,surprised,03-01-08-01-02-02-23.wav
-657.7584,41.784092,-4.524046,5.8789635,4.9680285,-1.6745745,-3.4497721,-7.316444,-8.658295,-5.244673,-2.236159,-4.8514214,-2.4674308,4.5548623e-07,-2.846789e-08,4.2701835e-08,0.0,0.0,7.1169723e-09,-1.4233945e-08,0.0,-1.4233945e-08,7.1169723e-09,7.1169723e-09,0.0,0.0,-7.1169723e-09,1.4233945e-08,-1.4233945e-08,0.0,0.0,-3.5584862e-09,-1.3344323e-09,-8.8962154e-10,3.5584862e-09,-1.3344323e-09,1.7792431e-09,4.4481077e-10,0.0,fearful,03-01-06-01-02-02-23.wav
-550.0766,40.3116,-8.256923,1.8153491,1.653818,-6.2557716,-4.46939,-5.262415,-9.867413,-5.6863503,-3.7085927,-6.2167735,-4.168892,-0.00523344,-0.0073137353,-0.007064197,-0.00670916,-0.0063251737,-0.0059938193,-0.0057828375,-0.0057308115,-0.0058386107,-0.0060688723,-0.0063550556,-0.0066163694,-0.0067765526,-0.0011692182,-0.0016309184,-0.0015671541,-0.0014760019,-0.0013790706,-0.0013028104,-0.0012728141,-0.00130637,-0.0014058639,-0.0015561589,-0.0017275295,-0.0018837752,-0.0019925823,angry,03-01-05-01-02-01-23.wav
-422.7538,28.812597,-15.771175,-0.7571272,-6.4953938,-7.148751,-7.453114,-4.16333,-9.180767,-8.224829,-3.3682988,-3.5463402,-5.42628,0.0,-5.1900642e-08,0.0,0.0,-4.865685e-09,1.29751605e-08,0.0,-6.4875803e-09,1.29751605e-08,-2.5950321e-08,0.0,4.865685e-09,-6.4875803e-09,1.32411515e-05,1.8697207e-05,1.8689909e-05,1.8677743e-05,1.8672472e-05,1.8661525e-05,1.8645305e-05,1.8624221e-05,1.860557e-05,1.8580835e-05,1.8552859e-05,1.8524475e-05,1.8492849e-05,angry,03-01-05-02-01-01-23.wav
-553.8772,43.881126,-8.395793,5.559371,3.771133,-7.8818555,-5.930674,-11.052901,-10.555787,-6.6600895,-2.936514,-6.2457113,-2.8035526,2.0481596e-07,-5.120399e-08,1.2800998e-08,-1.2800998e-08,-9.600748e-09,0.0,0.0,-9.600748e-09,-6.400499e-09,1.2800998e-08,-1.6001247e-08,0.0,6.400499e-09,6.400499e-09,3.2002494e-09,-3.2002494e-09,-1.6001247e-09,0.0,3.2002494e-09,-3.2002494e-09,1.6001247e-09,0.0,-1.2000935e-09,0.0,4.0003117e-10,0.0,fearful,03-01-06-02-01-02-23.wav
-679.85724,61.58021,-2.9650729,10.128103,9.780745,-0.2800738,-1.2138925,-5.1972804,-6.9055643,-5.093533,-0.92373645,-4.89526,-5.831388,0.40780896,0.49719307,0.32643813,0.18162447,0.105300434,0.07421579,0.0718449,0.0852406,0.07445375,0.016550556,-0.046732128,-0.0638869,-0.048865426,0.08435851,0.10230429,0.06619598,0.036175713,0.020373143,0.013014633,0.011309027,0.01379334,0.012171624,0.0010554519,-0.010771695,-0.012513812,-0.008191389,sad,03-01-04-01-01-02-23.wav
-638.3796,51.422943,-0.8205794,8.586368,4.4955378,3.7654898,-0.68344194,-4.461448,-6.8863897,-4.894415,2.3093715,-2.2559257,-4.298766,0.10735331,0.09504021,-0.0027178975,-0.028955538,0.015021139,0.036786247,-0.0053866343,-0.05879194,-0.06316554,-0.022371875,0.01598739,0.022420136,0.007284452,-0.0050025852,-0.0092020035,-0.0069920598,-0.0024090093,-0.0081007695,-0.013569829,-0.008407574,-0.0019236989,-0.0012855097,-0.005383151,-0.00943732,-0.008247485,-0.0045331507,disgust,03-01-07-01-01-01-23.wav
-568.2603,44.35267,0.52537394,5.4962773,3.1328762,0.6203522,-6.6413884,-6.387856,-10.773921,-6.5675316,-2.1501505,-6.4041686,-4.9184136,-0.02717088,-0.030973589,-0.015799813,-0.0055759945,-0.003541816,-0.0018495595,0.0057545537,0.014646684,0.015481238,0.0066052666,-0.00400436,-0.008960576,-0.009634658,-0.011426707,-0.012343442,-0.004912089,-0.00092631986,-0.00196917,-0.0029811533,0.0004283836,0.005968298,0.0076030716,0.0032626095,-0.002691323,-0.0050193924,-0.003734047,disgust,03-01-07-02-02-01-23.wav
-608.2271,64.386635,-4.029015,10.037919,13.35503,2.6996982,-1.8691821,-13.286884,-3.9969347,-0.25585708,-0.667066,-5.2288013,0.95162326,0.12766445,0.11041994,0.047852308,0.040584557,0.013342732,-0.0070676594,-0.05012752,-0.04886801,-0.030599408,-0.06454486,-0.046637334,-0.0615775,-0.041375723,-0.044991553,-0.004917724,-0.00547587,0.0009081282,0.0020729902,-0.0039841267,0.00706301,0.008401417,0.0007965486,0.022994522,-0.0009138817,-0.006657753,-0.007525656,sad,03-01-04-02-02-02-23.wav
-505.94553,30.874596,-12.372114,-4.167535,-4.854621,-6.217708,-9.799503,-9.617516,-10.174791,-5.868297,-3.9323986,-5.175721,-6.896021,-4.2385525e-07,-5.2981907e-08,0.0,-1.9868216e-08,-1.3245477e-08,1.3245477e-08,0.0,0.0,1.3245477e-08,0.0,-1.3245477e-08,-1.3245477e-08,6.6227384e-09,-1.6556847e-08,-6.6227384e-09,1.6556846e-09,6.6227384e-09,0.0,-3.3113692e-09,1.6556846e-09,0.0,0.0,2.483527e-09,1.6556846e-09,-1.8626451e-09,2.483527e-09,surprised,03-01-08-02-02-01-23.wav
-570.5599,43.589355,-8.9639,3.5638301,2.7030551,-5.7265882,-6.923157,-8.5498,-10.063655,-4.182136,-1.056265,-5.4584,-3.4916425,0.025620265,0.035763193,0.034698244,0.033432495,0.031734493,0.029330794,0.026628466,0.024179263,0.021909308,0.019578839,0.017561777,0.016412746,0.016023649,-0.00081907265,-0.0012699526,-0.0015135353,-0.001781369,-0.0021322197,-0.0026361502,-0.0031830638,-0.0036261885,-0.0039883303,-0.0043393676,-0.004588096,-0.0045969165,-0.0044056154,surprised,03-01-08-01-01-01-23.wav
-544.75616,36.535538,-9.965968,-0.021955,-2.1545024,-8.83938,-8.041414,-5.6688194,-14.599718,-5.1071963,-2.8365674,-6.8666105,-4.7259603,-4.359654e-07,-2.7247838e-08,0.0,-1.3623919e-08,-2.7247838e-08,1.3623919e-08,0.0,0.0,0.0,-1.3623919e-08,0.0,-6.8119594e-09,6.8119594e-09,0.0,0.0,0.0,-1.7029899e-09,3.4059797e-09,3.4059797e-09,8.5149493e-10,0.0,-8.5149493e-10,-1.7029899e-09,-8.5149493e-10,1.7029899e-09,0.0,happy,03-01-03-02-02-02-23.wav
-583.2825,43.210587,-7.0836062,2.0803914,4.319869,-5.2819877,-5.243833,-6.4402184,-10.22208,-4.2672076,-3.1349645,-4.9747066,-3.0159655,0.0,5.410918e-08,-2.705459e-08,-1.3527295e-08,1.3527295e-08,0.0,-1.3527295e-08,-1.3527295e-08,0.0,-1.3527295e-08,-6.7636474e-09,-8.454559e-10,-2.705459e-08,0.0003401354,0.00048092747,0.00048060788,0.0004800668,0.00047930927,0.00047834546,0.00047716856,0.00047577865,0.0004741782,0.0004723681,0.00047035082,0.00046813404,0.00046571434,happy,03-01-03-01-01-02-23.wav
-624.06793,60.9852,-3.7822182,6.220071,13.613946,-7.6226497,-2.3313706,-5.360916,-10.936718,-4.432464,-0.10785335,-4.5109596,-2.475016,0.42291003,0.45291588,0.15658873,-0.03672725,-0.033801183,0.049828485,0.08043409,0.053606365,0.0410647,0.06845726,0.09607772,0.0880527,0.053823907,0.06354516,0.06449084,0.013883602,-0.015698232,-0.008434258,0.01237505,0.020313203,0.014171145,0.008521797,0.010314726,0.013849593,0.012693884,0.00768754,neutral,03-01-01-01-02-02-23.wav
-527.19257,33.262062,-19.868982,10.140082,-7.8981094,-11.125275,-5.2347445,-8.587011,-4.9705224,-1.5723714,-8.418208,4.873899,-1.8657762,3.744488e-07,-4.68061e-08,-1.1701525e-08,0.0,-1.1701525e-08,1.1701525e-08,1.1701525e-08,0.0,1.1701525e-08,1.1701525e-08,-1.1701525e-08,2.9253813e-09,-1.4626906e-09,0.0,5.8507625e-09,-7.3134534e-09,1.1701525e-08,-2.9253813e-09,0.0,1.4626906e-09,0.0,7.313453e-10,0.0,-1.4626906e-09,-3.6567266e-10,-7.313453e-10,happy,03-01-03-02-01-02-24.wav
-611.13446,33.09898,-16.204868,1.0088569,-8.298963,-9.565985,-13.517891,-8.574171,-9.072192,-7.558171,-7.3315163,-1.5948384,-8.245952,0.0030096776,0.0040372293,0.003423359,0.0025362761,0.0015463681,0.0006337373,-5.3464995e-05,-0.00043205,-0.00050132466,-0.00034008856,-8.484147e-05,0.00010613921,9.360817e-05,0.0011352457,0.0015375896,0.0013464963,0.0010655328,0.0007419897,0.00042631908,0.00016103768,-2.8362787e-05,-0.00013809248,-0.00018547484,-0.00020330978,-0.00023040861,-0.00030088387,happy,03-01-03-01-02-02-24.wav
-687.37134,41.4647,-12.51162,1.7551236,-8.26272,-9.81284,-10.318781,-13.119345,-8.123956,-5.753301,-9.840951,-3.361044,-5.5737467,0.00257339,0.003091314,0.0016289001,-0.00031149312,-0.0022608035,-0.0038851537,-0.00499254,-0.005437875,-0.005075467,-0.003838709,-0.0018728463,0.00042855513,0.002559279,-0.0024007962,-0.003302679,-0.0030376904,-0.0026282643,-0.0020968867,-0.0014507542,-0.00069421873,0.00014635635,0.0010076048,0.0017986493,0.0024288148,0.002832847,0.0029785775,neutral,03-01-01-01-01-02-24.wav
-523.877,27.242271,-16.523956,-3.3288255,-11.747644,-8.410876,-9.172227,-11.912398,-5.381332,-2.5875127,-7.1979947,-1.6966348,-4.8125434,0.037719034,0.017574722,0.0032502739,0.03486581,0.029194616,0.030970557,0.03520751,-0.0036432364,0.0028777882,0.040270224,0.021136988,0.013732027,0.03145566,-0.032678474,-0.030287804,-0.0020260052,0.008339808,0.0018838894,0.0025642663,0.01480163,0.018136127,0.0042511793,-0.0084691765,-0.004738706,0.0039688293,-0.0012476876,fearful,03-01-06-01-01-02-24.wav
-503.42288,33.38726,-18.306717,0.44974288,-14.748362,-11.700937,-5.4428406,-12.043739,-7.9435925,-1.2103257,-9.756537,1.8145659,-4.929035,4.5517743e-05,5.7285113e-05,3.8922844e-05,1.2543242e-05,-1.6422595e-05,-4.206943e-05,-5.8998496e-05,-6.383691e-05,-5.5571734e-05,-3.5808585e-05,-8.674665e-06,2.0334277e-05,4.5194465e-05,-5.7371322e-05,-7.317026e-05,-5.105121e-05,-1.8987279e-05,1.6742508e-05,4.91708e-05,7.200376e-05,8.0793085e-05,7.384645e-05,5.255446e-05,2.109432e-05,-1.4387281e-05,-4.6972502e-05,angry,03-01-05-01-01-01-24.wav
-494.30594,33.102554,-11.642546,-2.2662063,-12.71741,-9.615492,-8.963362,-12.096249,-9.54709,-2.6854193,-7.258378,4.5370607,-5.45388,0.004392836,0.0061823316,0.006097518,0.005958557,0.0057690092,0.005533854,0.005258772,0.004950672,0.004617082,0.0042655095,0.003904046,0.003540198,0.003181362,-0.0019051393,-0.0026800209,-0.0026374818,-0.0025676887,-0.002472286,-0.0023535052,-0.002214106,-0.002057339,-0.0018867874,-0.0017063081,-0.0015199102,-0.001331622,-0.0011453596,angry,03-01-05-02-02-01-24.wav
-437.31625,3.7401245,-26.792078,-17.190163,-11.878676,-14.729704,-17.841282,-14.148785,-11.714858,3.5801446,4.7241426,18.973047,14.104083,1.8384083e-07,0.0,2.2980103e-08,-8.617539e-09,1.1490052e-08,0.0,0.0,0.0,0.0,0.0,1.1490052e-08,-2.2980103e-08,0.0,1.1490052e-08,-5.745026e-09,-1.4362564e-09,0.0,-8.9766033e-10,1.4362564e-09,0.0,-3.5906413e-09,2.872513e-09,2.1543847e-09,-1.4362564e-09,1.4362564e-09,3.590641e-10,fearful,03-01-06-02-02-02-24.wav
-691.5772,50.587032,1.9681271,6.7967515,-6.7117066,-3.2310371,-10.174753,-6.7295136,-8.149475,-6.3838325,-5.3352838,-3.7384825,-4.235775,0.066960715,0.08491088,0.06161816,0.037336763,0.020090103,0.008506447,-0.003043554,-0.016293854,-0.027126817,-0.030867863,-0.027711678,-0.022135124,-0.017910216,-0.003865479,-0.004561137,-0.0025021369,-0.00057507853,0.00042638148,0.00040599238,-0.00052437116,-0.002092315,-0.0035015524,-0.0037729351,-0.0028239263,-0.001744875,-0.0015159883,sad,03-01-04-01-02-02-24.wav
-583.30927,40.078575,-21.07816,6.585977,-15.765407,-10.707992,-14.213897,-16.237617,-8.639863,-5.2838664,-10.709436,-0.24861595,-5.6806417,0.00010196046,0.00015664514,0.00019613717,0.00025442432,0.000321883,0.0003867618,0.00043683796,0.000461198,0.00045155652,0.00040356274,0.0003170168,0.00019610203,4.8675978e-05,-6.0704402e-05,-8.998717e-05,-0.00010074219,-0.000114915,-0.00012758977,-0.00013291078,-0.00012520421,-9.984088e-05,-5.414927e-05,1.1967786e-05,9.569543e-05,0.00019148595,0.00029141296,disgust,03-01-07-01-02-01-24.wav
-608.95355,54.58671,-10.987942,-0.47789484,-18.534807,-7.5728245,-12.0716915,-15.848293,-9.991801,0.11171437,-9.332503,-0.8871749,-3.8865974,-0.0009963092,-0.0013334305,-0.0011117088,-0.00077030365,-0.00034787183,0.00010792839,0.0005458893,0.0009172511,0.001181345,0.0013101598,0.0012914542,0.001130048,0.0008470923,-0.00023248489,-0.00031283833,-0.0002658192,-0.00019088786,-9.376607e-05,1.6903496e-05,0.00012974879,0.00023170588,0.00030978542,0.00035324963,0.00035566953,0.00031621952,0.00023989945,disgust,03-01-07-02-01-01-24.wav
-578.7688,50.48026,-11.826157,3.0230908,-10.381795,-13.910268,-5.369832,-13.442755,-10.330565,-0.7339773,-8.612447,-2.1606722,0.970562,0.0019430558,0.002688219,0.0025141565,0.002232295,0.001854485,0.0013970312,0.0008791231,0.00032276913,-0.00024859433,-0.0008108459,-0.0013405272,-0.001815336,-0.00221566,0.0005146259,0.00071105984,0.00066243333,0.000583898,0.00047907006,0.00035275467,0.00021072087,5.938075e-05,-9.449969e-05,-0.00024411097,-0.00038294986,-0.00050507975,-0.00060538953,sad,03-01-04-02-01-02-24.wav
-532.46716,37.71698,-14.932143,-5.95479,-15.144545,-13.899151,-10.6877985,-12.034179,-8.265897,-3.6247609,-8.818256,4.6289997,-1.9144506,-0.00014899758,-0.00021191765,-0.00021398207,-0.00021683188,-0.00022006316,-0.00022269979,-0.00022400127,-0.00022300272,-0.00021877288,-0.0002104647,-0.00019752278,-0.00017952287,-0.00015642503,0.00035881434,0.00049710553,0.00046619668,0.00041646397,0.00035044164,0.0002714159,0.00018325851,9.013485e-05,-3.7221348e-06,-9.4237046e-05,-0.00017769451,-0.00025091716,-0.00031132944,surprised,03-01-08-02-01-01-24.wav
-605.56903,29.68881,-10.149174,1.125648,-10.512129,-5.9612064,-11.77138,-9.74152,-7.0222387,-5.2015047,-6.8782706,-0.15282933,-7.5889883,0.009896265,0.013361317,0.011569899,0.008922982,0.0058494923,0.0028107525,0.00020174784,-0.0017283061,-0.002919145,-0.0034948506,-0.0037155151,-0.0038955375,-0.0043113786,0.00044354674,0.0005188511,0.00022890307,-0.0001492239,-0.0004979029,-0.00071436574,-0.0007397222,-0.00056894514,-0.00024287995,0.00016901387,0.0005856393,0.00092615164,0.0011184224,surprised,03-01-08-01-02-01-24.wav
-494.49957,34.325375,-18.35614,-2.8566942,-10.407723,-16.314323,-9.830278,-13.875593,-11.356426,-0.64249414,-7.2248077,0.5911659,-5.701363,0.0845912,0.06876977,-0.0016178928,-0.011834585,-0.011625416,-0.039627116,-0.06537901,-0.062482372,-0.03250908,0.00065851735,0.012191102,0.003133875,-0.0041278615,-0.033807296,-0.031546764,-0.0064326907,0.0010672743,0.0024216904,0.0117497705,0.021817727,0.022904769,0.012931978,-0.00018441612,-0.0036426855,0.0027854443,0.005489785,angry,03-01-05-01-02-02-24.wav
-526.4587,24.07806,-10.637541,-2.1777196,-12.236277,-10.698058,-15.094375,-10.161222,-8.719682,-3.5595136,-10.126955,-3.0354552,-4.161742,0.0003457462,0.00017381556,-0.0006800259,-0.0018314249,-0.002959431,-0.0037591206,-0.004027681,-0.0037171813,-0.00293845,-0.0019195921,-0.00093494303,-0.00022833206,4.6965655e-05,0.007273843,0.008897164,0.005320897,0.0007087511,-0.0039572455,-0.007666302,-0.009369374,-0.008757657,-0.006484445,-0.003401628,-0.00017595326,0.0024318125,0.0037626023,fearful,03-01-06-01-02-01-24.wav
-426.57468,12.622464,-29.74644,-7.9797416,-12.769198,-19.707577,-17.036774,-19.436758,-10.6579685,0.3161713,-0.47784388,12.251077,9.518756,0.0,-2.2980103e-08,0.0,0.0,-1.1490052e-08,2.2980103e-08,-1.1490052e-08,0.0,-2.2980103e-08,5.745026e-09,1.1490052e-08,0.0,2.2980103e-08,-5.745026e-09,-1.4362564e-09,5.745026e-09,-1.1490052e-08,2.872513e-09,0.0,1.0771923e-09,4.3087693e-09,7.181282e-10,1.4362564e-09,1.4362564e-09,-4.3087693e-09,-7.181282e-10,fearful,03-01-06-02-01-01-24.wav
-462.50696,27.337797,-20.461271,0.46930206,-15.593479,-13.290203,-5.677394,-11.061949,-9.797989,-0.59358436,-11.921848,3.2789936,-4.9567366,1.6146866e-07,0.0,0.0,-1.0091791e-08,3.0275377e-08,-5.0458957e-09,-2.5229479e-09,-5.0458957e-09,0.0,5.0458957e-09,1.0091791e-08,5.0458957e-09,-1.2614739e-09,-5.992001e-09,2.5229479e-09,0.0,5.0458957e-09,1.2614739e-09,5.0458957e-09,0.0,-5.0458957e-09,0.0,-2.5229479e-09,-1.2614739e-09,0.0,0.0,angry,03-01-05-02-01-02-24.wav
-562.48914,47.20712,-19.599033,3.8248878,-12.803446,-12.299895,-9.500279,-13.152699,-7.1010604,-1.1046157,-9.781405,-3.3107948,-3.9351537,0.0016124316,0.002257568,0.002194313,0.0020883635,0.0019393102,0.001747099,0.0015123173,0.0012366974,0.0009233076,0.00057679316,0.00020325655,-0.00018986504,-0.00059398287,-0.0004130878,-0.0005734721,-0.00054282387,-0.0004935581,-0.00042824558,-0.00035019784,-0.0002632286,-0.000171427,-7.890005e-05,1.0448997e-05,9.305127e-05,0.00016582348,0.00022621806,disgust,03-01-07-01-01-02-24.wav
-681.7388,48.06134,-1.4775589,5.015875,-3.0736432,-7.0228376,-12.860493,-8.372173,-9.656142,-5.8064075,-8.9918785,-4.022999,-5.3175306,-0.0007336288,0.0020712297,0.008723883,0.013892061,0.014658212,0.010685937,0.0029686533,-0.005940335,-0.01246739,-0.014580349,-0.012772087,-0.008279812,-0.00216938,-0.004516057,-0.0049017924,-0.0014093178,0.0021782138,0.0044863266,0.004965335,0.0036399574,0.0012486278,-0.0009724555,-0.002200122,-0.0024213558,-0.0019113196,-0.0009168319,sad,03-01-04-01-01-01-24.wav
-575.9138,50.892864,-5.263404,3.454928,-6.1489706,-10.633179,-17.49072,-18.668283,-15.518705,-2.5239246,-16.379759,-4.9734516,0.23557742,0.72786236,0.53856933,-0.060247086,-0.037094094,0.05026852,-0.03068853,-0.09259309,-0.16025849,-0.1389614,-0.046103466,-0.07005114,-0.08689465,-0.012400631,0.0443595,0.010970608,-0.04093193,-0.017752733,0.0017442611,0.003159658,0.011622172,-0.00021470641,-0.011149487,0.0028946095,0.0027880918,-0.01280667,-0.01489637,sad,03-01-04-02-02-01-24.wav
-515.57495,26.657831,-17.701344,-1.3539835,-13.3720045,-12.684283,-17.03624,-14.165507,-7.6935077,-3.1925242,-7.1149745,-2.338723,-5.9404626,0.0006554921,0.0009272893,0.00092706084,0.000926733,0.00092622143,0.0009255807,0.00092482567,0.00092397135,0.00092287856,0.0009216964,0.0009203851,0.0009189099,0.00091729563,2.862513e-05,4.0136278e-05,3.904787e-05,3.725663e-05,3.481563e-05,3.1763066e-05,2.8178096e-05,2.4129948e-05,1.9708028e-05,1.4982496e-05,1.0053006e-05,5.001202e-06,-1.0430813e-07,disgust,03-01-07-02-02-02-24.wav
-517.9848,29.571215,-3.9096982,-1.1177036,-5.2589374,-7.113937,-11.250309,-6.680299,-8.121031,-2.026109,-7.567711,-3.3845875,-4.172878,0.037298895,0.052416176,0.05143496,0.049851704,0.047745183,0.04522559,0.04243135,0.03952143,0.036662314,0.034011785,0.031698737,0.029806213,0.028357534,0.0009551959,0.0013267067,0.0012542275,0.0011334738,0.0009656689,0.00075445056,0.000507007,0.00023478003,-4.6789268e-05,-0.00031943573,-0.00056419254,-0.00076396106,-0.00090622145,surprised,03-01-08-02-02-02-24.wav
-572.27435,33.545666,-15.067412,-3.5327373,-12.325185,-10.237376,-14.086488,-13.915781,-6.127895,-4.269773,-9.902204,-3.2373998,-6.0632944,0.0011568196,0.0015731303,0.0013883463,0.0010990596,0.0007313029,0.00031759898,-0.0001062266,-0.0005045255,-0.0008453242,-0.0011035538,-0.0012628428,-0.0013168653,-0.0012694485,-8.254767e-05,-0.00010957082,-8.9864334e-05,-5.9841474e-05,-2.332131e-05,1.50203705e-05,5.0253868e-05,7.78544e-05,9.424686e-05,9.727557e-05,8.6514156e-05,6.332278e-05,3.0710697e-05,surprised,03-01-08-01-01-02-24.wav
-543.256,28.837587,-20.076199,2.0553439,-11.486953,-14.747632,-12.240665,-11.390851,-11.414214,-3.2778862,-9.388779,0.50827175,-9.591918,0.0030647323,0.0040416145,0.0032115069,0.0019717189,0.0005121402,-0.0009474612,-0.0021939534,-0.0030551385,-0.0034265346,-0.0032858707,-0.002693085,-0.0017766125,-0.00070827734,-0.0007053135,-0.00095130724,-0.00081738114,-0.00060907454,-0.00034709746,-5.7575944e-05,0.00023069068,0.00048910646,0.00069231045,0.0008207895,0.00086306274,0.00081690913,0.00068969355,happy,03-01-03-02-02-01-24.wav
-659.3542,41.27354,-11.070027,1.1593091,-6.5589247,-8.341078,-9.272998,-8.439028,-9.557429,-6.666583,-9.832864,-1.3089199,-7.7530394,-0.003659175,-0.004303223,-0.003035252,-0.0029392242,-0.0031838294,-0.0026541124,-0.0022773927,-0.002985288,-0.0036085814,-0.00286507,-0.0013786096,-5.7150155e-05,0.0014655162,-0.006917269,-0.009117966,-0.007783749,-0.006620557,-0.0054213754,-0.0038269414,-0.0022976566,-0.0012065753,-6.0779115e-05,0.0014939377,0.0029340242,0.0038131124,0.0044050748,happy,03-01-03-01-01-01-24.wav
-682.3356,44.06828,-7.0258455,3.9520955,-8.574371,-5.297753,-11.913534,-11.952753,-6.152075,-5.495942,-6.811165,-0.5915792,-6.914684,0.045791723,0.057697296,0.04008866,0.019943275,0.0039953124,-0.0060749785,-0.012629248,-0.017994558,-0.021646792,-0.02125299,-0.01605476,-0.008768744,-0.0038578494,0.0017774819,-0.0021045224,-0.008875103,-0.007373899,0.0008134409,0.0053231367,0.0020160652,-0.002750702,-0.0023570252,0.0015265554,0.002796757,-0.00017624145,-0.0031140428,neutral,03-01-01-01-02-01-24.wav
-565.916,38.28809,-21.67453,0.4879562,-11.638364,-16.37264,-13.282744,-18.34913,-14.48089,2.1734219,-10.481368,-6.194523,3.608101,0.01549265,0.017735291,0.009029911,0.0014107553,-0.005030823,-0.012299227,-0.017734623,-0.016886631,-0.010857512,-0.0046801493,0.0002883309,0.006334686,0.012505571,0.002757755,-0.0005122963,-0.0045565506,-0.0014117718,0.0021454762,0.0027511534,0.0013899879,0.0009103995,0.0036820744,0.0034805485,-0.0015059032,-0.0033608405,-0.0026671109,sad,03-01-04-02-01-01-24.wav
-502.47842,31.30074,-23.074377,-3.078673,-15.603208,-10.404379,-15.254875,-11.738797,-4.383029,-1.0139395,-9.452887,-1.117978,-2.140695,0.0028985597,0.0039184187,0.0033992766,0.0026005364,0.0016131401,0.00054684636,-0.00048337935,-0.0013723373,-0.0020375634,-0.002429018,-0.0025343895,-0.0023787809,-0.0020194792,0.00381104,0.0037608766,0.0012228095,0.00064815045,0.0009195757,-0.00044913293,-0.0030027807,-0.0037682385,-0.0018878079,-0.00026529192,-0.00063528004,-0.0009219441,0.00047992112,disgust,03-01-07-02-01-02-24.wav
-568.03015,51.20515,-17.660025,5.520024,-11.971017,-12.097885,-14.182861,-15.737519,-13.764917,-3.1984243,-8.220557,-6.32093,-1.28708,-0.036544107,-0.047813546,-0.037402987,-0.023524154,-0.0098951915,0.00047356432,0.00612493,0.007223888,0.005022786,0.0011502478,-0.0028996794,-0.005965829,-0.0072424575,-0.010431295,-0.014744293,-0.014335529,-0.012919524,-0.010566614,-0.008044503,-0.0059643835,-0.0042197164,-0.0024065191,-0.0005475052,0.0008860244,0.0016027595,0.0018493783,disgust,03-01-07-01-02-02-24.wav
-697.2094,43.80137,-7.0469565,2.4270096,-8.718299,-5.1306725,-11.199373,-13.891502,-8.867215,-8.01952,-8.563378,-2.5248337,-7.3196073,0.003694821,0.005003973,0.0043677785,0.0033881867,0.0021771076,0.0008738415,-0.00037072375,-0.0014121984,-0.0021304586,-0.0024462682,-0.002333423,-0.0018247031,-0.0010106454,1.7577527e-06,-7.118275e-06,-3.3484564e-05,-7.00826e-05,-0.00011097216,-0.00015238843,-0.00019018615,-0.00021562233,-0.00021427363,-0.00017044824,-7.445789e-05,7.2192524e-05,0.00025699244,sad,03-01-04-01-02-01-24.wav
-454.8065,5.3520355,-25.453327,-10.953728,-10.922593,-14.309503,-17.79026,-16.429672,-11.656793,2.206845,0.6372884,13.249969,12.724778,-0.00062150223,-0.0007934937,-0.0005541581,-0.00020795602,0.00017745678,0.0005266972,0.0007720116,0.0008661319,0.000791892,0.0005650367,0.00023121711,-0.00014356467,-0.00048587262,0.00073497725,0.00027776987,-0.000889257,-0.00076848496,0.0004071876,0.0008575244,-7.337637e-05,-0.0009478151,-0.00039264045,0.00085330696,0.0010363001,-3.8209633e-05,-0.0007745237,fearful,03-01-06-02-02-01-24.wav
-490.5031,23.53985,-16.32826,-0.10221557,-18.963533,-9.061003,-7.400506,-12.254005,-8.472662,-3.595176,-8.703731,3.143953,-6.5320115,-1.3871626e-07,5.20186e-08,0.0,0.0,0.0,1.7339532e-08,0.0,-1.7339532e-08,-1.0837208e-09,-3.4679065e-08,0.0,6.502325e-09,0.0,-1.300465e-08,2.1674416e-09,-2.1674416e-09,4.334883e-09,2.1674416e-09,0.0,0.0,2.1674416e-09,-5.418604e-10,1.0837208e-09,2.709302e-10,1.0837208e-09,-5.418604e-10,angry,03-01-05-02-02-02-24.wav
-509.61325,29.779306,-17.59851,-0.19398034,-11.725772,-10.995878,-7.6087804,-8.69517,-8.918422,-1.5707934,-7.555244,0.2886354,-3.0935082,3.7910036e-07,4.7387545e-08,-1.1846886e-08,1.1846886e-08,0.0,-2.3693772e-08,1.1846886e-08,0.0,0.0,-1.1846886e-08,-1.1846886e-08,2.9617215e-09,0.0,1.1846886e-08,0.0,-7.404304e-10,6.6638735e-09,2.2212912e-09,1.4808608e-09,7.404304e-10,-1.4808608e-09,-1.4808608e-09,0.0,-1.4808608e-09,0.0,-9.25538e-10,angry,03-01-05-01-01-02-24.wav
-509.52957,24.022825,-14.907886,-0.6975629,-11.522959,-9.965441,-11.921486,-13.617157,-3.6462018,-3.4700618,-9.26482,1.386655,-5.4851356,0.0025034759,0.003246566,0.0024190354,0.0012035694,-0.00018653223,-0.0015101453,-0.002542765,-0.003116667,-0.0031499863,-0.0026592265,-0.001752821,-0.00060829875,0.0005631797,0.0012069934,0.0014419488,0.0008873832,0.00039187932,-6.000605e-05,-0.0006226833,-0.0011174881,-0.0011957352,-0.0008775245,-0.0005238595,-0.00028439632,3.0112806e-05,0.000467521,fearful,03-01-06-01-01-01-24.wav
-586.50665,24.936182,-17.393667,-1.7505497,-15.30764,-9.82291,-15.64609,-15.538772,-6.393434,-7.30845,-8.477258,-3.1261268,-6.1237254,0.0004519508,0.0005707514,0.00038082097,0.000109789326,-0.00018506472,-0.0004415966,-0.0006061087,-0.000644606,-0.0005486936,-0.0003363551,-4.6425124e-05,0.0002709822,0.00056569104,-0.0023338033,-0.0032053771,-0.0029275175,-0.0024918471,-0.0019353052,-0.0013021061,-0.00063797325,1.5239326e-05,0.00062362757,0.0011632864,0.0016203588,0.0019891425,0.0022691041,surprised,03-01-08-01-02-02-24.wav
-541.25165,29.595705,-18.001362,-3.1391602,-14.2825165,-17.555689,-12.232482,-12.344251,-6.8591976,-0.78820777,-6.171648,4.5265408,-3.7783728,-0.0012281551,-0.0017233561,-0.0016770696,-0.0015930797,-0.0014628477,-0.0012783838,-0.0010341683,-0.0007301486,-0.0003728534,2.373651e-05,0.00043939435,0.00084935233,0.0012272235,-0.0010582319,-0.0014761146,-0.0014134251,-0.0013052877,-0.0011479678,-0.00093931373,-0.000680868,-0.00037941543,-4.760401e-05,0.0002966925,0.00063207955,0.0009363574,0.0011894149,surprised,03-01-08-02-01-02-24.wav
-686.895,43.229652,-7.451458,1.047713,-8.075271,-7.687416,-11.267946,-12.600428,-8.550982,-6.6951256,-8.587321,-3.2837574,-6.1321964,-0.0055616377,-0.0073483945,-0.005944359,-0.0040417193,-0.0021149397,-0.0005543828,0.00044884084,0.0009177804,0.0010133743,0.0009207487,0.0007620752,0.00057795644,0.0003724754,-0.0047221007,-0.0063489466,-0.0054292292,-0.004096949,-0.0025841251,-0.0011088193,0.0001752708,0.001195342,0.0019432768,0.0024428964,0.0027217637,0.002801551,0.002706819,neutral,03-01-01-01-01-01-24.wav
-676.5234,48.59353,-13.861474,-0.56483316,-5.9279156,-7.075417,-10.60254,-9.704247,-7.686183,-5.840103,-6.9947486,-0.82730806,-6.848547,0.0110018905,0.014048242,0.01008856,0.005038558,0.00024673008,-0.0035922448,-0.0064923875,-0.008707464,-0.010223976,-0.010688971,-0.009825555,-0.007931189,-0.0059531257,-0.0053461087,-0.0072442177,-0.006396557,-0.0052742017,-0.0041725035,-0.0032835717,-0.002620536,-0.0020623333,-0.0014735776,-0.0007916997,-2.8628781e-05,0.00077014253,0.0015470034,happy,03-01-03-01-02-01-24.wav
-530.68146,33.45049,-21.651714,5.7466693,-10.314515,-15.32931,-6.339698,-10.8262205,-5.6808586,-3.0208812,-9.400641,3.4745448,-7.526514,-0.01874132,-0.025786074,-0.023706492,-0.020492531,-0.016479338,-0.012059515,-0.0076248082,-0.0035126305,3.2568252e-05,0.0028782,0.004999988,0.006460576,0.0073759872,-0.00880504,-0.012173055,-0.011361743,-0.010091907,-0.008474309,-0.0066410745,-0.0047280197,-0.0028582253,-0.0011295174,0.00039227575,0.001673898,0.0027099648,0.0035146524,happy,03-01-03-02-01-01-24.wav
-678.4142,39.41725,-4.9932504,3.8817718,-8.206425,-5.663401,-15.264031,-12.449848,-7.9846096,-6.2240963,-8.62539,-1.7061783,-4.5373974,-0.0008439284,-0.0012064714,-0.0012434262,-0.0012992223,-0.0013572864,-0.0013859028,-0.001340108,-0.0011719557,-0.0008467528,-0.00035888722,0.00026001074,0.00094402756,0.0016074303,-0.0021672708,-0.0029381972,-0.0025607867,-0.0019510663,-0.0011681074,-0.00032127745,0.0004525452,0.0010371926,0.0013825252,0.0015174227,0.0015226129,0.0014815392,0.0014416552,neutral,03-01-01-01-02-02-24.wav
-654.6074,44.213326,-15.168289,4.616413,-4.778446,-8.689507,-8.638119,-9.353244,-8.10706,-4.3429866,-10.441541,-0.568513,-6.587172,0.020371476,0.025341868,0.01707971,0.008685795,0.0037876896,0.002802448,0.003466499,0.0029807682,6.004198e-05,-0.0042541944,-0.0075009703,-0.007883749,-0.005776253,-0.004601453,-0.0064497814,-0.006172723,-0.0054639443,-0.004207556,-0.0025135751,-0.00069298584,0.0008774544,0.001923839,0.002402796,0.0025084047,0.002532154,0.0026728422,happy,03-01-03-01-01-02-24.wav
-505.67664,19.306393,-21.616108,-4.345455,-14.986018,-15.212789,-12.5763855,-9.631833,-9.908499,-4.637377,-11.375296,-2.096896,-8.963336,3.6548e-07,4.5685e-08,-2.28425e-08,5.710625e-09,0.0,0.0,0.0,-2.28425e-08,0.0,4.5685e-08,0.0,-2.8553124e-09,0.0,1.8311119e-05,2.3459246e-05,1.663505e-05,6.7185497e-06,-4.46785e-06,-1.47905175e-05,-2.2334967e-05,-2.5692101e-05,-2.4235891e-05,-1.8249728e-05,-8.864317e-06,2.1620067e-06,1.2752003e-05,happy,03-01-03-02-02-02-24.wav
-510.81024,31.59834,-23.875683,-5.1362786,-15.749155,-11.285299,-15.065406,-14.539123,-6.233278,-2.8592315,-8.238165,-1.4545974,-7.2274685,3.168492e-05,4.3921133e-05,4.1054896e-05,3.6437654e-05,3.0199686e-05,2.2596349e-05,1.409145e-05,4.8778097e-06,-4.419212e-06,-1.3559894e-05,-2.2148173e-05,-2.9774963e-05,-3.6104128e-05,-0.0001085938,-0.00014983109,-0.00013844173,-0.00011997275,-9.5259624e-05,-6.536317e-05,-3.158647e-05,4.6055175e-06,4.1654526e-05,7.793877e-05,0.00011189062,0.00014202761,0.00016705717,disgust,03-01-07-02-02-01-24.wav
-665.4917,40.84525,-0.34550196,-0.68430996,-8.619621,-6.125615,-8.9930315,-9.825748,-12.192108,-3.5904198,-9.217976,-3.6179824,-3.3832183,0.010822107,0.013747574,0.009701747,0.004635211,-3.1480693e-05,-0.003559934,-0.0058611315,-0.007029439,-0.007020176,-0.0057785003,-0.0035862592,-0.001157416,0.00069319375,-0.0011049096,-0.001563176,-0.0015407978,-0.0014374516,-0.001195007,-0.0007859622,-0.0002280698,0.00041583032,0.0010472717,0.0015514086,0.0018288493,0.0018301966,0.0015711737,sad,03-01-04-02-02-02-24.wav
-722.7494,51.976597,2.6666734,8.280985,-3.8529837,-3.244153,-9.660845,-8.539497,-6.608954,-3.0326428,-9.054112,-1.9115528,-5.538993,0.0018757664,0.01623757,0.027658457,0.012749738,-0.0041698855,-0.0058746533,-0.0043278737,-0.012975654,-0.025628822,-0.027031858,-0.020716645,-0.020813938,-0.026245333,-0.04250671,-0.04158814,-0.011927619,-0.0006978221,0.00077281444,0.0052804034,0.00851144,0.0058369255,0.00081798085,-0.001537334,-0.0015383406,-0.002812877,-0.0058313636,sad,03-01-04-01-01-02-24.wav
-592.2624,55.198914,-22.164892,3.2260177,-16.754303,-13.204217,-10.334885,-11.579624,-12.184969,-4.4620013,-7.713623,-2.7298934,-4.9037914,0.27006415,0.22049299,0.018204616,0.018842995,0.020637799,-0.06619603,-0.103953846,-0.07430099,-0.040728714,-0.027350057,-0.033779174,-0.03353393,-0.015109406,0.0046068314,0.007408188,0.0039231493,-0.002540878,-0.0026360494,-0.0027874818,-0.007880699,-0.009193019,-0.0041128537,0.00095831725,0.0011268356,-0.0008069296,0.00087625894,disgust,03-01-07-01-01-01-24.wav
-423.40808,25.316696,-17.944517,1.350926,-19.22149,-13.422459,-4.7365117,-12.140577,-8.731765,-3.3207226,-11.284228,3.5621176,-8.182068,0.0,8.073433e-08,2.0183583e-08,0.0,4.0367166e-08,0.0,-2.5229479e-08,-5.0458957e-09,0.0,5.0458957e-09,-2.0183583e-08,0.0,0.0,2.0183583e-08,6.3073697e-09,-3.784422e-09,-2.5229479e-09,0.0,1.5768424e-09,0.0,2.5229479e-09,-9.461055e-10,-1.2614739e-09,-1.2614739e-09,2.5229479e-09,6.3073696e-10,angry,03-01-05-02-01-01-24.wav
-476.7577,15.020187,-16.797283,-8.536661,-12.827012,-14.575663,-9.303711,-11.29695,-9.490525,-4.3421845,-7.1979356,2.2639954,6.07963,0.0,0.0,0.0,2.1674417e-08,0.0,2.1674417e-08,-8.127906e-09,-2.7093021e-09,1.08372085e-08,8.127906e-09,1.08372085e-08,-5.4186042e-09,1.3546511e-08,0.00041902336,0.00036236507,1.29314985e-05,-5.135211e-05,-5.523454e-05,-0.0003267933,-0.00057959964,-0.00039064884,1.4065342e-05,0.00015023621,0.00011139058,0.000289707,0.0005417859,fearful,03-01-06-02-01-02-24.wav
-536.9208,25.988794,-9.703528,-1.1236113,-11.06876,-5.922497,-9.50027,-10.811668,-5.3606825,-2.667809,-6.8552027,-1.6191093,-5.4562783,-0.0037226153,-0.005211979,-0.0050556865,-0.0048049474,-0.0044735014,-0.004079381,-0.0036437304,-0.0031893956,-0.0027393715,-0.0023155764,-0.0019372543,-0.001619995,-0.0013747546,-0.0016312348,-0.0022929693,-0.0022518924,-0.002185165,-0.002095385,-0.0019862996,-0.001862703,-0.0017304186,-0.0015959984,-0.0014663979,-0.0013484359,-0.0012483076,-0.0011709586,fearful,03-01-06-01-02-02-24.wav
-528.6269,32.57751,-15.365543,3.464112,-10.241099,-9.941857,-6.8192363,-12.840427,-8.873047,-2.4077845,-6.165826,1.6382082,-3.2417269,1.9193445e-07,4.6484125e-08,-2.3991806e-08,-1.1995903e-08,-2.099283e-08,5.9979515e-09,2.3991806e-08,-2.3991806e-08,0.0,-5.9979515e-09,1.1995903e-08,1.1995903e-08,-5.9979515e-09,1.1528063e-05,1.6110498e-05,1.5480713e-05,1.4479056e-05,1.3100276e-05,1.1393109e-05,9.391855e-06,7.1495583e-06,4.734633e-06,2.1928136e-06,-3.988638e-07,-2.9847306e-06,-5.4947795e-06,angry,03-01-05-01-02-01-24.wav
-679.3735,30.277012,-2.7324452,0.6364711,-7.881945,-5.0500197,-7.886147,-8.291159,-7.1052084,-6.531686,-6.892577,-4.9313602,-8.272041,0.033325408,0.045089614,0.0397679,0.032890268,0.02581571,0.01887744,0.011827734,0.004718047,-0.0016603736,-0.006027995,-0.007275975,-0.0051686047,-0.00072545937,0.0020541311,0.0030685337,0.003388008,0.0035184848,0.0032728836,0.0027822806,0.0023507797,0.0021844641,0.0022631304,0.0024399494,0.00262785,0.0028827148,0.0033161049,surprised,03-01-08-01-01-01-24.wav
-492.65253,23.887981,-6.0266595,1.6776217,-11.062459,-5.152931,-10.0833435,-9.132249,-1.253074,-4.533324,-5.612845,-2.3998816,-7.1452484,0.0012347143,0.0009817207,-8.9279514e-05,-3.675545e-05,0.00021439079,-0.0007947766,-0.0022932328,-0.0026502393,-0.0022432774,-0.0025789752,-0.0034734663,-0.0034805993,-0.002562451,-0.0024283696,-0.0002474155,0.0033682666,0.00058780675,-0.003732634,-0.0021326873,0.0018186588,0.000417219,-0.004024309,-0.0038060595,3.8423626e-05,0.00016691363,-0.0035059834,surprised,03-01-08-02-02-01-24.wav
-583.90643,42.217827,-3.078051,3.3369975,-1.3162713,-7.4023886,-8.949333,-8.416864,-10.623349,-2.1647458,-2.145389,-9.656666,-0.011362076,0.0012582779,0.0017776967,0.0017739534,0.0017678619,0.0017593533,0.0017485141,0.0017353178,0.0017198384,0.0017021417,0.0016822934,0.0016604125,0.0016365468,0.0016107559,0.0009369731,0.00048065186,0.00079687836,0.00019714088,-0.00030899793,-0.00025527403,-0.0010416642,-0.0005822461,-0.00089188217,-0.0004576019,-0.00015535802,0.00011107475,0.00051597133,angry,03-01-05-01-01-01-22.wav
-573.03375,37.523342,-11.291201,2.933791,0.7447633,-8.744794,-12.030847,-9.77977,-13.10958,-2.824987,-6.0784593,-7.7924204,-1.2011334,0.009953425,0.0140669895,0.0140418885,0.014000049,0.0139419725,0.013867929,0.013778301,0.013673847,0.013555184,0.013422966,0.013277965,0.013121104,0.0129532935,0.0018539673,0.0024039317,0.002221838,0.0024583463,0.0025707453,0.0022833287,0.0021913915,0.002458515,0.0024650316,0.002167902,0.0021892358,0.0024531728,0.0023585588,fearful,03-01-06-01-01-02-22.wav
-479.1246,16.361427,-23.063131,-3.9092646,-6.7870154,-13.473051,-18.715889,-12.670917,-14.898347,-2.5616868,-11.823565,-9.541461,-0.97927463,0.00033569336,0.0004719343,0.00047038152,0.0004679484,0.000464473,0.00045998892,0.00045458475,0.0004481169,0.00044074425,0.0004323446,0.00042304015,0.00041284316,0.00040171697,0.00021416102,0.00030248592,0.00030189293,0.00030092092,0.00029956453,0.00029782148,0.0002956956,0.0002931983,0.0002903182,0.00028706132,0.00028344148,0.00027945713,0.00027511554,fearful,03-01-06-02-02-02-22.wav
-433.71054,23.460348,-14.926404,-2.2148597,-6.271779,-12.586203,-8.922879,-12.805513,-17.063448,-2.9585307,-7.00088,-9.483854,-3.4631028,3.3352543e-07,3.126801e-08,-2.084534e-08,0.0,1.1725504e-08,-4.169068e-08,1.042267e-08,0.0,-4.169068e-08,-2.084534e-08,-1.042267e-08,-5.211335e-09,1.042267e-08,0.0,-1.042267e-08,0.0,3.908501e-09,1.3028337e-09,-3.2570844e-09,0.0,-1.3028337e-09,4.23421e-09,6.5141686e-10,-1.3028337e-09,-6.5141686e-10,0.0,angry,03-01-05-02-02-01-22.wav
-611.6883,48.34041,-9.135848,0.5064535,0.16699219,-5.4868827,-14.307975,-8.173026,-11.207965,-1.1430097,-4.8917975,-9.503978,1.6207777,0.012874696,0.01816889,0.018055601,0.017868157,0.017608363,0.01727895,0.016883198,0.016424999,0.01590902,0.015340421,0.014724697,0.014067873,0.013376291,0.0027684118,0.0038914215,0.0038233807,0.0037169254,0.00358113,0.0034266994,0.0032640856,0.003102067,0.0029464772,0.0027997408,0.0026607614,0.002525852,0.0023898527,disgust,03-01-07-01-02-01-22.wav
-620.4434,45.245445,-5.3949423,-2.395546,-0.548736,-2.947953,-9.992216,-17.279068,-12.366996,1.5589324,-4.1875153,-10.534318,0.46663314,0.108457945,0.012809086,0.07303461,0.101222634,0.009345794,0.09694202,0.030981237,0.056482803,0.046489846,0.028880347,0.0677274,0.0023590208,0.05343576,0.0053245365,0.052470304,-0.0011436403,-0.02535916,0.028899893,-0.01641267,-0.011459711,-0.006403935,0.0029790238,-0.0053341715,-0.014125718,0.020866653,-0.014299271,sad,03-01-04-01-02-02-22.wav
-606.6039,40.64186,-11.01061,3.731565,1.4235301,-9.569743,-12.942852,-11.450486,-12.883316,-3.0137217,-5.402592,-6.8831553,0.027019525,0.06651666,0.084414534,0.05866302,0.025221236,-0.005451494,-0.024629775,-0.028231297,-0.017767077,0.00088643114,0.020204592,0.033986907,0.039372124,0.03722162,-0.015042414,-0.018488225,-0.011018141,-0.0012560772,0.007697877,0.013213273,0.01412816,0.0110009415,0.0055855676,-3.9802235e-06,-0.0040254532,-0.005621037,-0.005031127,sad,03-01-04-02-01-02-22.wav
-549.16205,40.7147,-17.785736,1.2372396,-3.153725,-9.215797,-14.716757,-10.040518,-9.627284,-1.097111,-2.6447039,-10.383539,-0.70383316,0.0011289837,0.0015955857,0.0015939286,0.0015910518,0.0015871081,0.0015820258,0.0015758139,0.0015685024,0.0015600757,0.0015505806,0.0015400016,0.0015283647,0.0015156595,-8.05047e-05,-0.00011421423,-0.0001154454,-0.000117479125,-0.00012028283,-0.00012377572,-0.0001279031,-0.00013257889,-0.00013771148,-0.00014319576,-0.00014891781,-0.00015476883,-0.00016062833,disgust,03-01-07-02-01-01-22.wav
-564.65753,38.859562,-12.030348,-6.183187,-6.171003,-9.20086,-13.0978985,-10.177109,-14.9965,0.7455555,-4.8053155,-10.493058,-4.1558094,0.0012827291,0.0018111885,0.0018056275,0.0017964499,0.0017836682,0.0017673195,0.0017475153,0.001724343,0.0016979366,0.0016683603,0.0016358735,0.0016004761,0.0015624653,-0.0006174112,-0.00087246957,-0.0008702579,-0.00086658035,-0.0008614652,-0.00085491483,-0.0008469795,-0.0008376821,-0.0008270574,-0.00081516395,-0.00080204627,-0.0007877582,-0.00077236607,surprised,03-01-08-02-01-01-22.wav
-586.08466,47.739082,-11.123819,-3.8932421,-5.5001235,-6.086739,-13.041116,-14.12868,-14.308448,-0.39563888,-5.297913,-12.359626,-2.2813725,-0.011146699,-0.015718192,-0.015577047,-0.015344159,-0.01502263,-0.014617049,-0.014132877,-0.013576738,-0.012956325,-0.01227978,-0.011556049,-0.01079437,-0.010004492,-0.003970684,-0.005600174,-0.0055546314,-0.0054794285,-0.005375666,-0.005244801,-0.0050886516,-0.004909403,-0.0047095087,-0.0044917087,-0.004258868,-0.004014041,-0.0037603555,surprised,03-01-08-01-02-01-22.wav
-497.52267,35.862816,-14.676251,-4.99577,-1.3775096,-10.426267,-15.622965,-12.20968,-14.3183,-3.152851,-5.741553,-12.223313,-4.6144567,-0.08460318,-0.10523279,-0.06976282,-0.023728812,0.02593789,0.0655891,0.08423011,0.08379615,0.06744751,0.038931616,0.009788703,-0.012266584,-0.027028715,0.004194245,0.0051140958,0.0031406318,0.000616088,-0.002115998,-0.0042705624,-0.005207111,-0.005086369,-0.0041022925,-0.0024521165,-0.0008273986,0.0003272058,0.0010418117,happy,03-01-03-02-01-02-22.wav
-642.439,46.129555,-3.089585,-2.7058134,2.9349375,-2.6470742,-10.178944,-10.591899,-10.3049555,-0.0670792,-5.394105,-7.87164,-0.30216014,-0.008544316,-0.011932525,-0.011497959,-0.010843315,-0.010059963,-0.009253395,-0.008524541,-0.00795377,-0.0075870664,-0.007429249,-0.007444546,-0.0075642224,-0.007700137,-0.00018590334,-0.000260271,-0.00025347763,-0.00024304642,-0.00023017576,-0.00021626618,-0.00020264948,-0.00019045697,-0.00018032655,-0.00017239676,-0.00016624683,-0.00016100833,-0.00015551504,happy,03-01-03-01-02-02-22.wav
-668.72736,41.598816,-0.9999699,2.677342,5.789724,-5.473348,-8.640135,-7.897201,-9.882269,-1.498172,-2.3631985,-6.644573,-2.2719715,0.010128968,0.014318121,0.014303689,0.014277503,0.014236316,0.014176132,0.014091949,0.013978178,0.013829084,0.0136390915,0.013402658,0.013115192,0.012772912,0.001498216,0.002036954,0.0018045566,0.001455291,0.0010394986,0.0006152784,0.00023894402,-4.425025e-05,-0.00020700654,-0.0002438238,-0.0001708485,-2.219693e-05,0.00015681314,neutral,03-01-01-01-01-02-22.wav
-496.13885,27.612673,-6.02021,-7.9171457,-2.565777,-8.113094,-14.132929,-13.038235,-16.511257,-1.6814694,-9.784536,-12.2597,-4.69356,9.596723e-07,-1.1995903e-08,-2.3991806e-08,2.099283e-08,5.9979515e-09,4.798361e-08,0.0,-2.3991806e-08,0.0,1.1995903e-08,0.0,0.0,1.1995903e-08,-2.9989757e-09,-5.9979515e-09,1.4994879e-09,1.4994879e-09,0.0,-7.4974393e-10,1.4994879e-09,0.0,1.4994879e-09,-1.124616e-09,7.4974393e-10,0.0,0.0,happy,03-01-03-02-02-01-22.wav
-630.66797,56.892548,-8.458186,1.242876,4.3473682,-4.8397074,-9.982684,-11.162386,-10.443464,-1.7770433,-5.896137,-8.825101,-2.046563,-0.010348251,-0.014378517,-0.013633406,-0.01246534,-0.010974585,-0.009282978,-0.0075193415,-0.0058070864,-0.0042535746,-0.0029444352,-0.0019420394,-0.0012863508,-0.0009980544,0.0028519225,0.003979567,0.0038249725,0.0035855006,0.0032854455,0.002953343,0.0026182286,0.002306145,0.0020377869,0.001827106,0.0016811129,0.001599929,0.0015773325,happy,03-01-03-01-01-01-22.wav
-687.8916,52.303005,1.630501,0.8384833,4.323021,-1.8077896,-8.304304,-10.773337,-9.619627,-0.31132713,-1.8227683,-8.277742,-1.6907355,0.023355728,0.03250259,0.030728508,0.027777158,0.024001678,0.019425124,0.014345903,0.009269421,0.0042373464,-0.00055247085,-0.0047511933,-0.008449738,-0.011533163,0.010777285,0.0150997825,0.014570694,0.013686292,0.012608357,0.011278996,0.009766513,0.008255596,0.0067017665,0.005178065,0.0038562662,0.00266105,0.0016215128,neutral,03-01-01-01-02-01-22.wav
-568.3699,37.281296,-18.435715,2.3229957,-2.2469773,-10.02894,-12.379132,-17.795094,-11.625936,-0.90408903,-7.4619417,-7.4103837,-1.9589759,-0.018358339,-0.025910983,-0.025756069,-0.025499968,-0.025145682,-0.024697525,-0.024160685,-0.02354148,-0.022846822,-0.022084791,-0.02126359,-0.020392112,-0.019479403,0.0019457033,0.002746714,0.002731881,0.0027074243,0.0026738157,0.0026316913,0.002581742,0.0025248842,0.0024620516,0.0023943125,0.0023227008,0.0022483172,0.0021722121,fearful,03-01-06-01-02-01-22.wav
-545.8357,41.533684,-7.3006563,0.502655,-3.9888635,-8.616605,-9.156189,-10.606966,-15.652881,-3.537772,-4.1802025,-12.164621,-2.2517207,-0.0036336964,-0.0051362487,-0.0051275888,-0.005112966,-0.005092769,-0.0050669266,-0.00503551,-0.00499881,-0.0049568703,-0.004909899,-0.004858017,-0.004801542,-0.0047406876,-0.00033502743,-0.00047341708,-0.000472077,-0.00046985177,-0.00046674823,-0.00046278417,-0.00045800346,-0.00045240953,-0.00044604775,-0.00043895052,-0.0004311574,-0.00042270793,-0.0004136583,angry,03-01-05-01-02-02-22.wav
-490.04456,36.140594,-15.646406,-1.3195633,-4.882942,-11.042762,-9.95633,-8.457946,-15.047287,-2.3688955,-5.2760587,-10.157473,-3.4832554,0.0035765157,0.0026910997,0.0020274553,0.0048426227,0.0034306431,0.0015896679,0.0042426432,0.0040676803,0.0014612096,0.0033863226,0.0044409847,0.0016395862,0.002450153,-0.0013773653,-0.0011462432,-0.0009211168,-0.0018733916,-0.0013943113,-0.0007696871,-0.0016661664,-0.0016049619,-0.00072030624,-0.0013695123,-0.0017237498,-0.0007722808,-0.0010433578,angry,03-01-05-02-01-02-22.wav
-503.56778,25.345675,-21.098862,-3.8073726,-9.502849,-11.990413,-17.733595,-12.529974,-14.1037,-2.6427445,-9.376293,-10.238988,-2.7954838,0.030551068,0.030980816,0.0040085283,-0.01737062,-0.021339094,-0.015664807,-0.016322477,-0.025050467,-0.0257741,-0.0077959285,0.015853176,0.023535084,0.01381531,-0.0051235226,-0.0053618466,-0.0022063518,-0.0009203824,-4.3627506e-06,0.0032900742,0.00668345,0.005279423,-0.00041166955,-0.004289528,-0.0034405426,-0.001975846,-0.003722995,fearful,03-01-06-02-01-01-22.wav
-654.03925,50.435333,-4.741443,3.8952801,5.399778,-6.449694,-8.016533,-10.099738,-11.15177,0.2429921,-4.7264132,-5.546452,-0.49136093,0.018241296,0.025639998,0.02517979,0.024438277,0.023451658,0.022266975,0.020938583,0.019524474,0.018082166,0.016665116,0.015319155,0.014080084,0.012971854,-0.008534719,-0.012070968,-0.011973479,-0.0116182715,-0.011009629,-0.010328421,-0.009714177,-0.009107749,-0.008363062,-0.0074759126,-0.006621417,-0.0059495927,-0.005412141,sad,03-01-04-01-01-01-22.wav
-616.1905,56.26908,-15.819673,-0.63097495,-0.32214102,-8.329672,-11.927544,-6.2454185,-12.495812,-5.046772,-0.46889818,-10.346376,0.09283348,-0.0040628104,-0.0057094055,-0.005602797,-0.005429815,-0.005197074,-0.0049134544,-0.004589459,-0.0042369547,-0.0038683738,-0.0034963845,-0.0031328201,-0.0027886115,-0.0024731695,-0.0011057543,-0.0015521218,-0.0015181338,-0.0014630351,-0.0013890294,-0.001299054,-0.0011966482,-0.0010857243,-0.00097040733,-0.00085488474,-0.0007430858,-0.00063861336,-0.00054453517,disgust,03-01-07-01-01-02-22.wav
-538.49915,39.377132,-12.930033,3.5931916,-4.047891,-12.508108,-16.095436,-9.816664,-12.986247,-2.936899,-4.1679745,-12.370349,-2.469352,0.0039279745,0.005545406,0.0055217636,0.0054823826,0.0054277424,0.005358109,0.0052739806,0.005175891,0.005064528,0.0049405824,0.004804886,0.0046583163,0.0045017246,0.0010030067,0.0010369404,0.0011209068,0.0013854651,0.00095476536,0.0011903848,0.0012912275,0.0008868144,0.001228814,0.0011491718,0.00083951355,0.0012227566,0.0009787116,disgust,03-01-07-02-02-02-22.wav
-635.30225,41.707783,-3.4277472,-0.05635156,1.9382591,-2.2695591,-11.085614,-13.622805,-15.454366,-2.4502594,-5.056867,-10.316235,-1.8708566,0.07529104,0.07016863,0.012342666,0.01008016,0.054076273,0.0684846,0.026624003,-0.013780179,-0.00034148648,0.040858492,0.050976202,0.02318714,0.0032117204,0.0047811605,0.00050410867,-0.00378778,0.00054458284,0.00097186,-0.0005791261,-0.0010117033,-0.004051595,-0.0062532485,-0.005655339,-0.004195585,-0.0031611698,-0.0031518128,sad,03-01-04-02-02-01-22.wav
-536.52545,24.849909,-13.780848,-5.7263327,-3.5046887,-7.594935,-13.91226,-9.721021,-13.198849,-0.7509411,-5.8113966,-11.489007,-5.0033154,0.009200564,0.013000792,0.012971319,0.01292236,0.012854181,0.012767087,0.012661515,0.012537889,0.012396782,0.012238946,0.012065013,0.011875851,0.011672248,0.00049037085,0.0006923615,0.0006897374,0.0006853729,0.0006793077,0.0006715538,0.00066218176,0.0006512312,0.0006387613,0.0006248602,0.00060959236,0.00059304835,0.0005753191,surprised,03-01-08-02-02-02-22.wav
-571.58527,45.113068,-14.169151,-3.6720946,-5.5071063,-11.322742,-13.708319,-9.953053,-14.036224,-2.8562193,-6.695861,-10.68908,-2.570142,0.00980288,0.013845221,0.01379215,0.013704089,0.0135817835,0.013426124,0.013238386,0.0130199585,0.012772448,0.012497593,0.012197333,0.011873666,0.011528672,-0.0066312817,-0.009366197,-0.00933039,-0.0092710145,-0.009188398,-0.009083094,-0.008955755,-0.008807168,-0.008638268,-0.008450037,-0.00824361,-0.008020191,-0.0077810357,surprised,03-01-08-01-01-02-22.wav
-700.95215,53.937103,2.6433222,5.049772,5.1998243,-2.8617318,-3.83162,-6.8061633,-10.532739,-3.214916,-1.7342296,-5.751267,0.7410561,0.032935463,0.046925806,0.047325585,0.04652886,0.04405953,0.040776562,0.037932254,0.035779286,0.033424754,0.030139886,0.02647002,0.023758925,0.022696732,-0.00014792278,-0.0005961983,-0.0016396563,-0.0027865907,-0.0031324024,-0.0023071326,-0.0010044833,-0.00016919822,8.811617e-05,0.00037488207,0.0010888531,0.0020215192,0.0027175352,neutral,03-01-01-01-01-01-22.wav
-637.4518,44.204132,-4.02481,-0.32442975,0.36266595,-6.112728,-10.918943,-11.571305,-11.5622835,-0.6315658,-5.387965,-8.156668,-2.1418746,-0.023789765,-0.03358889,-0.0334206,-0.033141874,-0.032755204,-0.032264557,-0.031674366,-0.030990373,-0.030218946,-0.029367175,-0.028443027,-0.027454853,-0.026411537,0.001849345,0.0026090825,0.0025903757,0.0025595028,0.0025168606,0.0024630586,0.002398827,0.0023250375,0.0022426962,0.0021529174,0.0020569172,0.0019559711,0.0018514275,happy,03-01-03-01-02-01-22.wav
-495.20682,33.357094,-21.610195,-7.654924,-5.6314116,-12.533738,-14.770958,-11.356813,-16.127691,-2.4832869,-6.0123672,-10.033105,-6.7213583,-0.005081651,-0.0065111434,-0.004681617,-0.002231598,0.00014314592,0.0018026932,0.0023549004,0.0017579534,0.00030527054,-0.001496475,-0.00310591,-0.004118149,-0.004371584,-0.008823312,-0.010871224,-0.0065407725,-0.00079084776,0.004689602,0.008374183,0.009372241,0.007669463,0.004064693,-0.00015795454,-0.0036915415,-0.005633033,-0.00572869,happy,03-01-03-02-01-01-22.wav
-571.4934,44.124123,-8.859824,0.2853791,-6.451649,-7.6343417,-13.224931,-4.2355814,-11.339434,-4.0162306,-0.45496672,-12.1097,-2.352389,-0.0031058418,-0.004387495,-0.004370509,-0.004342551,-0.0043035294,-0.0042538005,-0.0041935816,-0.004123224,-0.0040431553,-0.0039538383,-0.0038557795,-0.0037495084,-0.0036355972,0.0001481374,0.00020890766,0.00020697912,0.00020378166,0.00019931264,0.0001936237,0.00018674135,0.00017870069,0.00016955668,0.00015935634,0.0001481639,0.00013604428,0.00012306719,disgust,03-01-07-02-01-02-22.wav
-626.1462,47.941387,-9.49506,1.125754,2.470953,-6.9176607,-10.231543,-9.482229,-13.8571825,-1.3321457,-4.1820073,-8.551516,-1.6921114,0.008096067,0.011442197,0.011421204,0.01138648,0.011338003,0.01127615,0.011201207,0.011113576,0.011013647,0.010901955,0.010779032,0.010645499,0.010501954,5.69776e-05,7.8838064e-05,7.444361e-05,6.724441e-05,5.7441106e-05,4.5253622e-05,3.100182e-05,1.5039622e-05,-2.2494276e-06,-2.048993e-05,-3.9255396e-05,-5.8143036e-05,-7.679818e-05,sad,03-01-04-02-01-01-22.wav
-627.9106,42.955482,-7.182909,-1.8173876,1.4497619,-3.6434991,-9.951975,-17.449965,-12.2703,1.0358317,-2.2259908,-9.607923,-1.0974005,0.008342815,0.01173396,0.0115436725,0.011234895,0.010819789,0.01031454,0.009738106,0.009111633,0.0084570395,0.0077961017,0.007148965,0.0065336647,0.005964921,0.0035966912,-0.00344911,-0.011504414,-0.007999426,-0.004999102,-0.006257915,-0.010789297,-0.012811482,-0.009333064,-0.00903875,-0.00945664,-0.0062654386,-0.005919797,sad,03-01-04-01-02-01-22.wav
-594.06665,49.88217,-12.720544,1.1680827,1.0331967,-6.0607452,-10.7249975,-11.246526,-12.283997,0.99587363,-3.108933,-10.028456,1.4752493,-0.001396455,-0.002016688,-0.0021291985,-0.002280017,-0.002423631,-0.0025135637,-0.0025136787,-0.0024067983,-0.002198564,-0.0019155468,-0.0015977779,-0.0012893103,-0.001027742,0.0013911867,0.0020126493,0.0021477938,0.0023514412,0.0025564784,0.0026722602,0.0026422695,0.002473979,0.0022115468,0.0018955369,0.0015613954,0.001263352,0.0010688772,disgust,03-01-07-01-02-02-22.wav
-444.5118,23.55913,-19.745169,-3.4395776,-7.824494,-14.59892,-9.972016,-15.084331,-16.766672,-3.025938,-5.276127,-11.689061,-2.7964215,-1.67679e-07,2.0959876e-08,0.0,2.0959876e-08,5.239969e-09,2.0959876e-08,1.0479938e-08,-1.0479938e-08,-2.0959876e-08,2.0959876e-08,5.239969e-09,0.0,1.5719907e-08,1.9649882e-05,2.7745635e-05,2.7729915e-05,2.771878e-05,2.7706335e-05,2.7685375e-05,2.7668346e-05,2.7636905e-05,2.7605138e-05,2.7572716e-05,2.7530796e-05,2.7489532e-05,2.7442371e-05,angry,03-01-05-02-02-02-22.wav
-477.19095,17.809027,-20.450623,-2.4235432,-4.9953184,-14.370736,-19.74572,-14.7848215,-14.106581,-3.451896,-11.875752,-9.585657,-2.8138623,0.00095237873,0.0013450166,0.001343889,0.0013421107,0.0013396036,0.0013363917,0.001332385,0.0013277306,0.0013224044,0.0013163885,0.0013096647,0.0013022273,0.001294181,0.0004462056,0.00063112547,0.0006305047,0.00062947004,0.0006280117,0.0006261592,0.0006238852,0.0006212191,0.0006181459,0.0006146783,0.0006108127,0.0006065562,0.00060191675,fearful,03-01-06-02-02-01-22.wav
-587.4438,35.807358,-12.982128,3.4476905,0.99101734,-10.190731,-12.905245,-13.132333,-12.072702,-2.021086,-6.7591624,-6.432233,-0.5988158,-0.0022349171,-0.003159461,-0.0031534543,-0.0031435583,-0.0031298106,-0.003112155,-0.003090685,-0.0030655179,-0.0030366725,-0.0030042476,-0.0029684072,-0.0029292353,-0.0028868464,0.00028190366,0.0003932916,0.00037714568,0.0003528595,0.0003237879,0.00029345922,0.00026489078,0.00023995746,0.00021915273,0.00020164018,0.00018563286,0.0001689962,0.00014981201,fearful,03-01-06-01-01-01-22.wav
-615.4106,46.959198,-0.9285113,3.7162766,-0.27560785,-7.20735,-7.8782845,-5.347712,-10.9951515,-1.4852393,-2.4142442,-7.6211634,-0.43486097,-0.0015770574,-0.0026577779,-0.0038430586,-0.0055190315,-0.007308409,-0.00880938,-0.009687341,-0.009750118,-0.008990792,-0.0075883335,-0.0058651976,-0.0042129024,-0.0030017877,-0.0070577883,-0.009736553,-0.009056059,-0.008086127,-0.0070336144,-0.006118496,-0.005523855,-0.0053544436,-0.005613459,-0.0062025324,-0.0069451444,-0.0076277843,-0.008049528,angry,03-01-05-01-01-02-22.wav
-557.1884,40.04323,-13.310613,-3.9836383,-4.212637,-6.452361,-14.161658,-14.057114,-16.064396,0.6148533,-6.6739674,-12.350893,0.9176805,0.004266201,0.0059079635,0.0056190738,0.0053027594,0.0049985494,0.0046666707,0.004337592,0.0041430057,0.0041642557,0.0043220273,0.0044735516,0.0045743356,0.0046679545,-0.0074299774,-0.010512438,-0.010509017,-0.0104665095,-0.010377362,-0.010252488,-0.010087231,-0.009854243,-0.009537926,-0.009159614,-0.008755332,-0.0083388565,-0.007904105,surprised,03-01-08-01-02-02-22.wav
-527.19867,40.04711,-17.060778,-2.6089227,-4.2432356,-10.057933,-12.005062,-11.310212,-13.124199,0.9418117,-6.647354,-9.837624,-1.518357,-0.001058069,-0.0014958826,-0.0014928676,-0.00148804,-0.0014812398,-0.0014725917,-0.0014620242,-0.0014497035,-0.001435582,-0.0014198256,-0.0014023633,-0.0013833949,-0.0013629427,0.0027494845,0.0024134594,-0.0003973192,-0.0017340968,-0.0006730453,0.001210851,0.0015433368,-0.00019462906,-0.0018847107,-0.0014445989,0.0007285346,0.0025404426,0.002364375,surprised,03-01-08-02-01-02-22.wav
-619.6789,42.54294,-4.7300277,6.8747134,2.785048,-5.616717,-12.009936,-10.504111,-15.247079,-4.5966306,-6.047535,-9.583365,-1.2074244,-0.17865597,-0.21942934,-0.13238601,-0.02377432,0.068695515,0.11740691,0.11455699,0.072308645,0.0146304555,-0.03429653,-0.059552997,-0.05928931,-0.04245385,0.03880041,0.04755902,0.028389445,0.0044288426,-0.01605088,-0.026974833,-0.02659573,-0.017536484,-0.005015079,0.005685537,0.011289361,0.011364294,0.007830044,sad,03-01-04-02-02-02-22.wav
-573.39996,36.790554,-12.6182165,2.5387938,-4.8161073,-7.81246,-16.527117,-7.2972198,-10.851667,-0.4515683,-7.165036,-9.31473,-0.38721207,-0.1932316,0.19264725,-0.19526874,0.10696078,-0.086933285,0.008119709,-0.013241339,-0.011753491,0.0009886982,-0.023050424,-0.020985551,-0.023590423,-0.009083004,0.033544205,-0.037697446,0.037463088,-0.020016447,0.014926543,-0.0051891566,0.00086471275,0.0039580185,0.0007558662,0.0019901767,0.00052567007,0.0029360743,0.0029322382,disgust,03-01-07-02-02-01-22.wav
-592.05896,47.096718,-14.020029,1.5875866,-2.8215253,-8.12673,-10.704305,-7.7678514,-11.192617,-2.2859254,-4.606192,-9.050234,0.19687586,0.0043552397,0.0061594965,0.0061619757,0.006161618,0.006152713,0.006128597,0.006083286,0.006012401,0.005914128,0.005789685,0.0056430697,0.0054805996,0.0053097843,0.00082738994,0.0011687845,0.0011642606,0.0011577606,0.0011506431,0.0011444315,0.0011405513,0.001140058,0.0011434306,0.0011504646,0.0011603378,0.001171701,0.0011829294,disgust,03-01-07-01-01-01-22.wav
-636.9012,46.77303,-8.414592,0.0010965348,2.4353602,-7.334291,-10.9202385,-11.32507,-12.02946,-0.1830165,-2.9844885,-6.76653,-1.0295998,0.008833503,0.012424278,0.012223708,0.011896053,0.011450982,0.010901475,0.010263634,0.009555733,0.008797765,0.008010959,0.0072165965,0.0064356625,0.005687976,0.000714764,0.001013273,0.0010200397,0.0010309353,0.001045394,0.0010626733,0.0010818585,0.0011019066,0.0011216842,0.0011400193,0.0011557298,0.0011676796,0.0011748262,sad,03-01-04-01-01-02-22.wav
-481.2494,21.179514,-19.400227,-1.8241475,-6.6792,-11.703722,-15.264646,-13.602035,-12.8820505,-3.5612094,-11.011316,-8.14854,-2.383463,1.3871627e-06,2.4770761e-08,0.0,-3.715614e-08,0.0,4.9541523e-08,0.0,0.0,0.0,2.4770761e-08,-1.2385381e-08,6.1926904e-09,6.1926904e-09,0.0,1.5481726e-09,-1.5481726e-09,0.0,6.1926904e-09,3.0963452e-09,3.0963452e-09,-1.5481726e-09,-7.740863e-10,0.0,-1.5481726e-09,-1.5481726e-09,1.5481726e-09,fearful,03-01-06-02-01-02-22.wav
-477.49545,31.65236,-15.723454,-0.057543725,-4.583507,-13.990733,-9.751678,-10.938259,-12.774452,-1.4167738,-7.131607,-8.414631,-3.2888095,0.0,2.28425e-08,0.0,-5.710625e-09,0.0,0.0,1.142125e-08,0.0,-2.28425e-08,5.710625e-09,5.710625e-09,1.142125e-08,-1.142125e-08,3.426375e-08,2.8553124e-09,-5.710625e-09,-2.8553124e-09,0.0,0.0,-2.8553124e-09,1.4276562e-09,0.0,0.0,7.138281e-10,0.0,7.138281e-10,angry,03-01-05-02-01-01-22.wav
-575.15137,41.95396,-8.880157,0.4413002,-3.5544493,-6.8302712,-10.267395,-8.972639,-12.716437,-1.329898,-3.1400523,-9.319418,-0.23345673,-0.006229058,-0.008803796,-0.008788012,-0.008761765,-0.008724944,-0.008677957,-0.008620827,-0.008553853,-0.008477194,-0.008391083,-0.008295927,-0.008192006,-0.008079729,-0.0022762949,-0.003213494,-0.003196311,-0.0031678905,-0.0031285072,-0.003078592,-0.003018639,-0.0029492849,-0.0028712028,-0.0027851623,-0.0026919995,-0.0025925643,-0.0024877645,angry,03-01-05-01-02-01-22.wav
-567.7237,36.31655,-12.58446,-1.9167196,-0.056081936,-9.594346,-13.766118,-14.641969,-12.781683,0.5254056,-5.595084,-8.726809,-0.7482993,0.0025716545,0.0036357057,0.0036323024,0.0036266926,0.0036188762,0.003608791,0.0035964865,0.0035820007,0.0035653333,0.0035465092,0.0035255284,0.0035024593,0.0034773163,0.00011160327,0.00015771155,0.00015754325,0.000157269,0.00015688098,0.00015638077,0.00015576759,0.00015503596,0.00015419157,0.00015321744,0.0001521278,0.00015091195,0.00014956812,fearful,03-01-06-01-02-02-22.wav
-602.25464,50.846172,-10.4092655,-3.978623,-1.6403395,-8.1598425,-10.925253,-7.954708,-12.038823,-1.2250009,-3.492288,-11.10643,-2.2569692,-0.0015332589,-0.002168244,-0.0021653518,-0.0021607394,-0.0021542069,-0.0021457798,-0.0021356072,-0.002123521,-0.0021096522,-0.0020939696,-0.0020765667,-0.0020573684,-0.0020364374,0.014634469,0.0072862636,0.003618471,0.0053805183,0.0007836149,0.0019582175,-0.0021410815,-0.007516889,-0.0013126966,0.0015360452,0.0017095122,-0.0005166171,0.0013448179,surprised,03-01-08-01-01-01-22.wav
-500.4112,26.329199,-9.78586,-9.825239,-7.756627,-8.217685,-15.998776,-11.662085,-16.746893,-2.0105636,-5.2379813,-12.02812,-3.1583357,3.8146973e-07,0.0,2.3841858e-08,1.1920929e-08,5.9604646e-09,-2.3841858e-08,-1.1920929e-08,5.9604646e-09,0.0,0.0,0.0,0.0,-4.4703485e-09,2.7871132e-05,3.93562e-05,3.9330123e-05,3.925413e-05,3.9152055e-05,3.902316e-05,3.8871356e-05,3.8689373e-05,3.8477778e-05,3.823936e-05,3.797561e-05,3.7683545e-05,3.736466e-05,surprised,03-01-08-02-02-01-22.wav
-681.3661,47.36334,2.2116635,4.895428,5.125852,-0.52755266,-4.6074553,-12.385925,-10.945095,0.06875481,-1.3873413,-7.556114,-1.1137381,0.040386323,0.056849934,0.05614917,0.055186354,0.05400065,0.05240428,0.05013203,0.04712075,0.04366275,0.040267445,0.037319366,0.034812976,0.032398164,0.0025962787,0.0019881553,0.00017896041,0.0003390702,0.000692835,0.0010654941,0.00028955235,-0.0018701002,-0.0024031783,-0.0014544671,-0.0010382292,-0.0010861953,-0.0015131056,neutral,03-01-01-01-02-02-22.wav
-650.00916,47.640152,-15.270755,-1.244532,4.112202,-8.14075,-11.0693655,-11.830378,-10.709128,-0.7992858,-6.374837,-7.696671,-1.9985819,-0.0023777084,-0.0033624636,-0.0033572216,-0.0033483186,-0.0033358536,-0.0033198618,-0.0033004556,-0.0032775546,-0.003251223,-0.0032216527,-0.0031887542,-0.0031526168,-0.0031133562,0.00083103275,0.0011697615,0.0011530499,0.0011255485,0.0010878639,0.001040713,0.0009850328,0.00092188065,0.00085240003,0.0007778058,0.0006993257,0.00061818655,0.00053555856,happy,03-01-03-01-01-02-22.wav
-521.55963,34.555458,-15.537925,-8.617991,-0.3022305,-11.491047,-14.8526535,-14.168187,-14.408216,-0.56331676,-8.015698,-12.119561,-4.5219736,0.00081840967,0.0011569753,0.0011557635,0.0011538786,0.0011512756,0.0011478649,0.0011436911,0.0011387881,0.0011331221,0.0011267493,0.0011196698,0.0011118609,0.0011033562,-0.00030657262,-0.00043436498,-0.00043666785,-0.00044044064,-0.0004456422,-0.0004521482,-0.00045985755,-0.00046861172,-0.00047825224,-0.0004885968,-0.0004994519,-0.0005106173,-0.00052188843,happy,03-01-03-02-02-02-22.wav
-687.7066,39.08859,-5.8601866,6.923982,-10.534793,-5.880984,-6.7571507,-8.113562,-3.6856682,-5.6437144,-4.794427,-6.867075,-3.5609748,0.0077922847,0.010517922,0.009229429,0.0076589766,0.006256541,0.0051482255,0.0041307947,0.0029210648,0.0014519114,-1.8119812e-05,-0.0010660423,-0.0014071374,-0.0011067755,0.0015837736,0.0003162408,-0.0024844583,-0.0019329,0.00095544953,0.0018413037,-0.000117749354,-0.0014709367,-0.00023705185,0.0014322962,0.0012366225,0.0001119007,-4.451556e-06,surprised,03-01-08-01-01-01-14.wav
-597.00116,31.875103,-8.863415,-1.5280632,-11.072211,-10.690824,-9.458921,-12.621957,-4.43078,-7.6104536,-6.723456,-7.0290422,-3.129621,0.003100586,0.0043421746,0.0042164205,0.0040109158,0.0037316561,0.0033866882,0.0029858886,0.002540493,0.002062881,0.0015658617,0.0010625928,0.00056579115,8.765459e-05,-0.00068022014,-0.0009548366,-0.0009338722,-0.0008994192,-0.000852184,-0.00079314114,-0.00072350056,-0.0006446831,-0.0005582869,-0.00046602747,-0.0003697399,-0.00027130544,-0.00017263144,surprised,03-01-08-02-02-01-14.wav
-577.787,32.604824,-15.878628,7.4461365,-13.185079,-16.03146,-10.061306,-20.712385,-4.6453633,-5.830022,-11.845089,2.01128,-9.746998,0.0,-2.2572173e-08,2.2572173e-08,0.0,-3.385826e-08,2.2572173e-08,2.2572173e-08,0.0,-2.8215217e-09,0.0,-2.2572173e-08,-2.8215217e-09,0.0,1.587106e-08,1.4107608e-09,-2.8215217e-09,-1.4107608e-09,-5.6430434e-09,1.4107608e-09,-2.8215217e-09,-2.8215217e-09,-1.4107608e-09,0.0,-1.4107608e-09,2.8215217e-09,-7.053804e-10,sad,03-01-04-02-02-02-14.wav
-598.75256,35.192104,1.5065529,4.4441595,-9.856231,-8.856387,-13.587931,-10.984362,-4.8950534,-7.138775,-5.847852,-4.2418675,-5.269292,0.0005917339,0.0008190743,0.0007654196,0.0006785603,0.00056229596,0.00042156005,0.00026263832,9.2284485e-05,-8.2075974e-05,-0.00025283766,-0.00041267107,-0.0005546096,-0.00067247235,0.0023265409,0.002456737,0.00092582585,-5.2662017e-06,-0.00047574253,-0.0010997035,-0.00171451,-0.0017603374,-0.0010019181,0.00018471891,0.0010211945,0.0011645118,0.00100411,disgust,03-01-07-02-02-01-14.wav
-582.9301,29.21143,-5.2940636,3.696064,-7.645316,-6.5070934,-12.999515,-12.314413,-6.521056,-5.2542434,-3.8580415,-5.8116035,-2.3026724,-0.0011617275,-0.0016421686,-0.0016368913,-0.0016275535,-0.0016138217,-0.0015950116,-0.001570333,-0.0015388442,-0.0014995856,-0.0014516445,-0.0013940642,-0.0013259583,-0.0012466805,-0.00039178756,-0.00055275665,-0.0005493435,-0.00054362,-0.00053547195,-0.0005248152,-0.00051150314,-0.00049540773,-0.0004763691,-0.0004542854,-0.00042901267,-0.0004004825,-0.00036865217,disgust,03-01-07-01-01-01-14.wav
-699.0145,45.163982,4.4032035,7.278832,-6.5219007,-5.0169835,-8.025428,-8.163357,-3.1800869,-7.1998386,-4.735804,-5.528751,-5.666058,0.004396683,0.005783961,0.0047064438,0.0034943789,0.0025739914,0.001998669,0.0014573855,0.00057219237,-0.00074858544,-0.002179421,-0.0031758314,-0.0033548672,-0.0027652215,-0.004064604,-0.005464138,-0.0046892106,-0.0036152143,-0.0024552315,-0.0013599488,-0.00039105536,0.0004471357,0.0011583781,0.0017292592,0.0021391748,0.0023834594,0.0024831044,sad,03-01-04-01-01-02-14.wav
-425.64655,9.347911,-30.989576,-1.522271,-10.384486,-18.181458,-4.227081,-16.289661,-4.56295,-2.0805666,-6.472561,10.990945,6.7522397,2.0760257e-07,0.0,-5.1900642e-08,0.0,0.0,0.0,-1.29751605e-08,0.0,0.0,1.29751605e-08,-9.73137e-09,-2.5950321e-08,0.0,0.00014486199,0.00020469938,0.00020423876,0.0002034716,0.00020240115,0.00020102173,0.00019935494,0.00019740085,0.00019516751,0.00019267303,0.00018991742,0.00018692017,0.0001836861,fearful,03-01-06-02-01-02-14.wav
-378.72028,31.012058,-31.116985,-3.1658876,-21.434237,-16.220343,-4.2242436,-14.630979,-6.6407113,-4.7879906,-6.309672,2.3474762,-3.4903176,1.0780666e-06,-2.073205e-08,0.0,0.0,-1.0366025e-08,0.0,5.1830127e-09,1.0366025e-08,0.0,0.0,1.0366025e-08,0.0,-2.5915063e-09,0.0,-1.9436297e-09,-2.5915063e-09,0.0,1.2957532e-09,0.0,3.5633212e-09,-1.2957532e-09,1.6196914e-09,0.0,-2.5915063e-09,2.5915063e-09,-1.9436297e-09,angry,03-01-05-02-01-01-14.wav
-556.45984,27.281757,-10.733337,6.0158577,-14.797636,-11.529421,-6.2487116,-14.938222,-6.037044,-7.151118,-3.9630513,-5.1819916,-6.2444744,3.7910036e-07,0.0,0.0,2.3693772e-08,0.0,-4.7387545e-08,1.777033e-08,-2.3693772e-08,0.0,0.0,-1.1846886e-08,-1.1846886e-08,1.1846886e-08,0.0,5.923443e-09,-5.923443e-09,0.0,0.0,-5.923443e-09,-2.5915063e-09,-1.4808608e-09,-1.4808608e-09,1.4808608e-09,-2.2212912e-09,0.0,-7.404304e-10,angry,03-01-05-01-02-01-14.wav
-652.93427,33.32345,-5.297048,9.299892,-4.369461,-7.8623924,-14.514719,-13.211407,0.03527602,-7.444784,-6.415947,-4.432942,-1.0851954,-0.0026289013,-0.0038786065,-0.0042835,-0.004741133,-0.0050105657,-0.0048913304,-0.0042962506,-0.0032814757,-0.002025356,-0.00076508196,0.00028253908,0.0009866349,0.0013308852,0.0014679269,-0.0033159223,-0.006016547,-0.0017804381,-0.0022212283,-0.004161619,-0.004733591,-0.0035660241,-0.00014198806,-0.00095068756,-0.0022840695,0.0016706667,0.002667932,fearful,03-01-06-01-02-02-14.wav
-730.4317,44.290592,3.5020998,6.7390256,-9.049101,-2.5017166,-7.4125752,-9.813493,-2.4559765,-4.64713,-3.2110202,-5.3630066,-3.0072668,0.08058821,0.10515578,0.085116446,0.06489745,0.049040273,0.03579625,0.023166286,0.012158506,0.004693378,-8.8877496e-05,-0.0035157017,-0.0034855495,0.0015114561,0.01253639,0.016040988,0.012378559,0.009064216,0.0068939505,0.0053619533,0.0039635687,0.0027601346,0.0019885204,0.0014323863,0.0009034605,0.00088501285,0.0016506477,neutral,03-01-01-01-02-02-14.wav
-549.6481,29.457449,-11.859425,0.35977787,-6.8978148,-12.53013,-5.6569805,-10.535828,-1.8281668,-5.6349545,-6.581182,-3.6074955,-10.018679,1.3435412e-06,0.0,2.3991806e-08,1.1995903e-08,0.0,-5.9979515e-09,-2.3991806e-08,0.0,1.1995903e-08,1.7993855e-08,5.9979515e-09,0.0,2.3991806e-08,0.0,-2.9989757e-09,-4.498464e-09,0.0,1.4994879e-09,0.0,-1.4994879e-09,0.0,7.4974393e-10,7.4974393e-10,-1.4994879e-09,-7.4974393e-10,-7.4974393e-10,happy,03-01-03-01-01-02-14.wav
-470.8773,12.603254,-29.544638,-0.7831914,-9.421602,-21.832766,-5.856676,-18.652086,-6.1476765,-6.8806305,-8.298612,6.133312,5.840024,1.7059516e-06,0.0,2.3693772e-08,0.0,1.1846886e-08,0.0,2.9617215e-09,0.0,8.885165e-09,-2.3693772e-08,5.923443e-09,1.1846886e-08,0.0,5.923443e-09,-8.885165e-09,0.0,0.0,0.0,0.0,2.2212912e-09,2.9617215e-09,-2.2212912e-09,-1.4808608e-09,-1.851076e-09,-1.4808608e-09,-5.923443e-09,happy,03-01-03-02-02-02-14.wav
-761.8684,42.15133,6.3705907,10.231775,-5.840603,-5.970381,-3.8985505,-8.260018,-4.175017,-3.4230433,-1.70419,-5.19563,-2.817518,0.03917745,0.05518936,0.0513185,0.040015213,0.023187893,0.006389726,-0.004893656,-0.005946509,0.0028653145,0.011440137,0.0104301805,0.0025201289,-0.0037584242,-0.0043497784,-0.003941781,-0.00042263666,0.0001568222,-0.0022105472,-0.0057677017,-0.008559119,-0.007149213,-0.0009604451,0.0046313684,0.0052477308,0.0025340244,0.00010590533,neutral,03-01-01-01-01-01-14.wav
-594.15485,27.637175,-10.279879,4.342621,-7.8294296,-12.604057,-13.927255,-13.136806,-1.9214419,-9.334878,-6.180309,-3.9176042,-5.2243757,6.228077e-07,-5.1900642e-08,0.0,0.0,-6.4875803e-09,-2.5950321e-08,1.29751605e-08,0.0,0.0,-1.29751605e-08,8.1094753e-10,0.0,1.29751605e-08,-1.29751605e-08,0.0,-3.2437901e-09,-6.4875803e-09,3.2437901e-09,-1.6218951e-09,8.1094753e-10,-8.1094753e-10,-3.2437901e-09,0.0,8.1094753e-10,-4.0547377e-10,-2.0273688e-10,happy,03-01-03-01-02-01-14.wav
-453.69547,19.144987,-31.78134,-1.734211,-13.752522,-21.101568,-4.0192337,-14.430092,-5.8508744,-2.577052,-11.193909,7.6374393,-1.1721016,-9.36122e-08,2.340305e-08,0.0,2.340305e-08,0.0,0.0,1.1701525e-08,-2.340305e-08,0.0,-5.8507625e-09,-5.8507625e-09,0.0,5.8507625e-09,-5.8507625e-09,-5.8507625e-09,5.8507625e-09,-5.8507625e-09,0.0,1.4626906e-09,-2.194036e-09,-2.9253813e-09,-4.388072e-09,1.4626906e-09,-1.4626906e-09,-2.9253813e-09,2.9253813e-09,happy,03-01-03-02-01-01-14.wav
-643.5638,33.87958,-6.2702937,1.5885208,-9.164146,-8.127137,-10.115859,-8.4638605,-3.6293528,-6.735925,-5.773004,-6.494518,-4.451454,0.0,-5.335241e-08,0.0,-2.0007153e-08,2.7093021e-08,1.3338102e-08,0.0,1.6672628e-08,0.0,0.0,0.0,-6.669051e-09,-1.3338102e-08,0.00015014723,0.00020901473,0.00019935294,0.00018354562,0.00016212088,0.00013574187,0.000105236795,7.156559e-05,3.578071e-05,-9.99524e-07,-3.763262e-05,-7.297755e-05,-0.000105938714,surprised,03-01-08-01-02-02-14.wav
-597.65967,39.51124,-13.904974,-2.0495777,-12.633972,-10.918184,-7.7642775,-13.194435,-4.508036,-7.0242057,-8.50474,-2.775576,-4.7983265,0.0029541017,0.0041178465,0.003942585,0.0036571682,0.0032711863,0.0027977466,0.0022526025,0.0016539097,0.0010213852,0.0003755212,-0.00026312174,-0.0008745819,-0.0014403581,0.00056478975,0.00078608096,0.0007488787,0.0006886542,0.0006079346,0.0005100697,0.00039904937,0.00027930885,0.00015548765,3.220588e-05,-8.612722e-05,-0.00019551217,-0.00029251576,surprised,03-01-08-02-01-02-14.wav
-602.0493,33.115124,-8.673018,4.865856,-13.485521,-6.0586243,-14.415535,-18.758059,-3.433141,-8.065067,-0.13854052,-4.388662,-5.1276183,0.0025397828,0.0035454412,0.0034109436,0.0031909943,0.0028916115,0.0025211654,0.0020900276,0.0016100392,0.001094516,0.00055755593,1.3905283e-05,-0.0005216658,-0.0010347307,0.0010178651,0.0014157324,0.0013460018,0.0012361426,0.0010943384,0.00092987984,0.0007515931,0.00056671357,0.00038027615,0.00019528555,1.3448622e-05,-0.00016384207,-0.00033449405,disgust,03-01-07-02-01-02-14.wav
-620.2273,32.411263,-6.0472555,5.8133993,-11.222896,-5.795475,-11.086184,-12.899244,-3.4264026,-4.613022,-2.9506743,-2.6155121,-5.794796,5.3177337e-05,7.337011e-05,7.06233e-05,6.601482e-05,5.9733135e-05,5.1938132e-05,4.2812553e-05,3.261909e-05,2.1551898e-05,1.0010725e-05,-1.8203955e-06,-1.3602708e-05,-2.5032523e-05,1.9184843e-05,2.6705648e-05,2.616037e-05,2.5258092e-05,2.4037268e-05,2.249415e-05,2.0665322e-05,1.8591652e-05,1.6292412e-05,1.3825423e-05,1.12095995e-05,8.491459e-06,5.7059847e-06,sad,03-01-04-02-01-01-14.wav
-686.18207,35.12247,3.6223445,11.270512,-7.646808,-5.2262425,-9.09185,-11.3835535,-1.3617724,-5.7406125,-3.134012,-4.609325,-3.0394444,-0.001663208,-0.0020469762,-0.0012367505,-0.00013356331,0.0010974958,0.0023405124,0.0035161849,0.0045624757,0.005347368,0.005686809,0.005508671,0.0048906133,0.003942612,-0.0030236,-0.0042241476,-0.0040500043,-0.0036850704,-0.0030456376,-0.0021268378,-0.0010302037,7.4562355e-05,0.0009715626,0.0014611146,0.001474865,0.0010986129,0.00048621497,sad,03-01-04-01-02-01-14.wav
-569.078,38.73088,-1.7508447,1.7500896,-14.200839,-9.434873,-11.453416,-15.36566,-7.2588334,-9.040614,-7.254712,-3.0499864,-5.694054,1.1233465e-06,-4.68061e-08,-1.1701525e-08,-1.1701525e-08,1.1701525e-08,-1.1701525e-08,1.1701525e-08,2.340305e-08,1.1701525e-08,0.0,0.0,0.0,0.0,-5.8507625e-09,2.9253813e-09,-8.776144e-09,-2.9253813e-09,2.9253813e-09,-2.9253813e-09,-3.6567266e-10,-4.388072e-09,7.313453e-10,2.194036e-09,-1.097018e-09,2.194036e-09,1.4626906e-09,disgust,03-01-07-01-02-02-14.wav
-425.39883,25.544855,-22.258791,-3.4773605,-21.862026,-13.384576,-4.2806363,-19.718616,-5.521126,-7.535854,-6.905658,-1.4979147,-6.297994,9.63713e-07,-2.0077355e-08,0.0,2.5096693e-08,1.00386774e-08,4.015471e-08,-1.00386774e-08,0.0,-1.00386774e-08,-1.2548346e-08,2.5096694e-09,1.00386774e-08,-1.2548347e-09,-1.00386774e-08,1.00386774e-08,-1.00386774e-08,2.5096694e-09,5.0193387e-09,-2.5096694e-09,-6.2741734e-10,6.2741734e-10,-1.2548347e-09,1.882252e-09,0.0,6.2741734e-10,-9.41126e-10,angry,03-01-05-02-02-02-14.wav
-495.87396,12.857048,-25.855654,-4.2394195,-14.9303875,-16.359148,-7.6033263,-20.304937,-4.7013826,-8.0001955,-14.535096,-1.0799041,-1.8693405,-2.0210317e-07,2.5262896e-08,2.5262896e-08,0.0,0.0,0.0,0.0,-2.5262896e-08,-1.578931e-09,0.0,0.0,-6.315724e-09,-1.2631448e-08,1.0263052e-08,0.0,9.473586e-09,-1.578931e-09,-1.578931e-09,-7.894655e-10,-1.578931e-09,2.7631293e-09,-1.9736637e-09,-3.157862e-09,0.0,0.0,5.5262586e-09,fearful,03-01-06-02-02-01-14.wav
-716.0896,40.613262,5.747089,17.39877,-3.3097544,-3.642163,-8.988464,-9.8427925,-4.2211018,-6.167196,-6.0618777,-5.9585857,-0.62642753,0.28187478,0.19487025,0.12484604,0.10825594,0.02763257,0.058421984,0.0029780963,-0.012196388,-0.0387869,-0.050401412,-0.039351184,-0.07286186,-0.0118136015,-0.0063249413,-0.011439889,-0.0012800661,0.0031518382,-0.00038855697,0.0049370183,0.0012521899,0.0007326603,0.00046916367,0.0029847883,0.0041135745,-0.0031084998,0.0011068138,fearful,03-01-06-01-01-01-14.wav
-580.63416,32.456917,-7.8984056,3.9712303,-11.556729,-8.767048,-3.5943837,-9.672637,-4.453901,-3.9030113,-2.1891637,-3.9951222,-2.8380013,3.7002563e-05,5.261898e-05,5.1867963e-05,5.0663948e-05,4.8947335e-05,4.6777724e-05,4.413128e-05,4.1079522e-05,3.7539005e-05,3.353357e-05,2.9200315e-05,2.4461746e-05,1.9359588e-05,0.0001664102,0.00023498386,0.00023393035,0.00023221373,0.00022981987,0.00022677779,0.00022312402,0.00021888614,0.00021410082,0.00020879954,0.0002030298,0.00019683987,0.00019026696,angry,03-01-05-01-01-02-14.wav
-447.18283,11.656695,-38.915676,-1.3164259,-12.199388,-23.307701,-7.4422984,-19.176224,-2.9180741,-4.914314,-9.120228,5.328088,-1.4890345,-0.0008390496,-0.0011865547,-0.001185084,-0.0011825346,-0.0011790746,-0.001174605,-0.0011691559,-0.0011626784,-0.0011553132,-0.00114696,-0.0011376875,-0.0011274671,-0.0011162701,-0.0004024161,-0.0005687159,-0.0005679504,-0.000566642,-0.0005648194,-0.0005624754,-0.0005596273,-0.0005562636,-0.0005523917,-0.00054802664,-0.0005431649,-0.000537812,-0.0005319779,happy,03-01-03-02-02-01-14.wav
-532.58936,27.924519,-16.828022,10.335332,-9.289375,-15.854253,-5.031611,-14.072316,-1.984808,-6.496324,-7.260488,1.4989456,-7.534767,-0.024596404,-0.034367286,-0.03315568,-0.03127086,-0.028896023,-0.02625351,-0.023577016,-0.021083618,-0.018948805,-0.01728928,-0.016153824,-0.015524009,-0.015323234,-0.009988898,-0.014064523,-0.013882294,-0.013590073,-0.013203355,-0.012740498,-0.012220388,-0.011659908,-0.011072292,-0.010466097,-0.009845359,-0.00921043,-0.008559641,happy,03-01-03-01-01-01-14.wav
-733.03107,39.995182,2.9514709,8.160871,-5.8677826,-2.4558208,-7.6159725,-9.189661,-3.1535368,-2.8303988,-3.542884,-5.6412816,-2.8265429,-0.02453186,-0.030669581,-0.023527596,-0.016603444,-0.012519531,-0.01151385,-0.00753582,-0.0010532888,0.006716499,0.011871185,0.010729834,0.005894979,-0.00033828735,-0.018454665,-0.023447946,-0.017966999,-0.012440367,-0.008929525,-0.007791082,-0.006593666,-0.004590429,-0.0012528761,0.0023523958,0.0042367484,0.0040195156,0.0017147278,neutral,03-01-01-01-02-01-14.wav
-615.5656,29.079481,-1.4491535,4.4311075,-8.182877,-7.8610506,-9.125718,-10.273691,-3.936427,-7.435706,-7.05437,-6.75852,-3.6536622,-0.00062343053,-0.000897141,-0.00094472547,-0.0010306317,-0.0011627837,-0.0013489338,-0.0015941466,-0.0018984397,-0.0022551494,-0.0026503734,-0.0030636285,-0.0034696448,-0.003841027,-0.00012369186,-0.00018359712,-0.00020939371,-0.00025052018,-0.0003042258,-0.00036687436,-0.00043405138,-0.00050084194,-0.00056203996,-0.00061250327,-0.00064741937,-0.0006627933,-0.00065576367,surprised,03-01-08-02-02-02-14.wav
-668.6832,37.756844,-7.6064115,3.5276196,-8.753528,-7.37247,-5.9717407,-7.376365,-3.7919786,-4.3533883,-4.6992908,-5.99342,-3.126144,0.0008923419,0.0012333858,0.001154045,0.0010266242,0.00085774955,0.00065602886,0.0004319773,0.00019677893,-3.8075756e-05,-0.00026138726,-0.0004631157,-0.00063477556,-0.000769835,-5.112066e-05,-6.837969e-05,-5.763537e-05,-4.0650368e-05,-1.8691862e-05,6.556511e-06,3.315102e-05,5.901982e-05,8.210269e-05,0.000100504265,0.00011262336,0.0001172793,0.00011377946,surprised,03-01-08-01-01-02-14.wav
-687.9737,36.09944,5.3115954,7.9676456,-4.372245,-3.9385731,-11.155385,-10.206357,-2.2376854,-9.0687,-5.216747,-4.1325536,-3.0442564,-0.011158774,-0.013346267,-0.006519579,0.0034029973,0.014604843,0.024931699,0.0321727,0.034666635,0.031951282,0.024908366,0.015271961,0.0048672142,-0.0050199064,0.0016756939,0.0007354135,-0.0020235304,-0.002854589,-0.0021603443,-0.0021636167,-0.0029428413,-0.0028293808,-0.001449923,-3.0463689e-06,0.0007687399,0.0011020899,0.001197334,fearful,03-01-06-01-02-01-14.wav
-552.0463,28.871756,-13.224115,-0.6501557,-15.333359,-11.926716,-7.5402217,-15.300576,-7.5602574,-6.2399435,-5.991907,-7.600222,-4.6225123,1.8057739e-07,4.5144347e-08,2.2572173e-08,0.0,0.0,0.0,-5.6430434e-09,1.1286087e-08,0.0,-2.2572173e-08,0.0,0.0,5.6430434e-09,0.0,-2.8215217e-09,0.0,2.8215217e-09,1.4107608e-09,1.4107608e-09,-1.4107608e-09,-2.8215217e-09,0.0,1.4107608e-09,7.053804e-10,0.0,-1.4107608e-09,angry,03-01-05-01-02-02-14.wav
-403.8284,25.601643,-30.876116,-4.449039,-22.530827,-17.140955,-4.3604245,-16.321808,-4.056193,-2.9975874,-4.226953,5.1340046,-2.9199326,0.0,-4.0367166e-08,0.0,1.0091791e-08,0.0,-5.0458957e-09,-2.0183583e-08,0.0,0.0,1.0091791e-08,1.0091791e-08,0.0,5.0458957e-09,1.5137688e-08,5.0458957e-09,0.0,7.568844e-09,-3.784422e-09,5.0458957e-09,-2.5229479e-09,0.0,-1.2614739e-09,-1.2614739e-09,-6.3073696e-10,1.2614739e-09,-1.2614739e-09,angry,03-01-05-02-01-02-14.wav
-433.95172,8.689989,-33.521076,-4.496006,-15.512371,-15.7561455,-5.9831724,-18.45965,-5.049858,-2.7657938,-3.3556833,12.450501,7.470247,2.090245e-07,1.3064032e-08,-2.6128063e-08,2.2862055e-08,1.3064032e-08,-5.2256127e-08,1.3064032e-08,2.6128063e-08,-1.3064032e-08,0.0,0.0,0.0,6.532016e-09,1.633004e-08,-3.266008e-09,0.0,-3.266008e-09,-4.08251e-09,1.633004e-09,-8.16502e-10,-3.266008e-09,-3.266008e-09,-3.266008e-09,3.266008e-09,0.0,2.041255e-09,fearful,03-01-06-02-01-01-14.wav
-707.6434,47.257954,8.621348,15.943588,-4.9849153,-4.8223996,-8.331793,-7.837008,-4.3635154,-5.5228653,-2.2440755,-2.988547,-2.6972332,0.07149586,0.093004785,0.0750268,0.054966103,0.041363806,0.03364383,0.022732278,0.011140314,-0.0011447053,-0.0149213895,-0.022649081,-0.019928169,-0.012618509,-0.015363326,-0.01897341,-0.014261062,-0.009877941,-0.0050461157,-0.0023733065,-0.002084869,-0.001392537,-0.0005349625,0.00026009505,0.0004692157,-0.0011110269,-0.0029261,sad,03-01-04-01-01-01-14.wav
-654.2288,41.180656,-4.114414,-0.69480467,-8.844093,-9.899893,-10.331765,-12.164464,-4.5800614,-7.468296,-2.0776694,-2.733542,-6.490161,0.0012786282,0.001777163,0.0016915632,0.0015511726,0.0013600246,0.0011234648,0.00084814447,0.0005420636,0.00021437019,-0.0001249374,-0.00046537333,-0.00079609937,-0.0011064687,-0.00061104255,-0.0008426259,-0.000780464,-0.0006817465,-0.0005532374,-0.0004035542,-0.00024240905,-7.9708494e-05,7.525105e-05,0.0002144689,0.00033180387,0.00042326588,0.00048711573,disgust,03-01-07-01-01-02-14.wav
-585.2383,34.30031,-8.202141,-1.0190232,-13.929167,-11.020874,-13.376982,-19.725996,-4.5476537,-8.787423,-6.374768,-2.644708,-9.024446,1.4886623e-06,0.0,-2.3260348e-08,0.0,1.1630174e-08,-2.3260348e-08,0.0,2.3260348e-08,-1.1630174e-08,-2.3260348e-08,0.0,0.0,0.0,5.815087e-09,5.815087e-09,-2.9075435e-09,2.9075435e-09,2.5441007e-09,-1.4537718e-09,2.1806577e-09,5.0882014e-09,-1.8172148e-09,7.268859e-10,-1.4537718e-09,1.4537718e-09,-2.1806577e-09,disgust,03-01-07-02-02-02-14.wav
-613.97723,36.53146,-7.682372,4.6949763,-12.375718,-8.899731,-12.28234,-14.919637,-5.1647825,-6.4091625,-6.540288,-1.9851342,-6.5188155,-2.4375675e-05,-3.375647e-05,-3.0904444e-05,-2.6438971e-05,-2.0477008e-05,-1.3315453e-05,-5.5061196e-06,2.603111e-06,1.0616374e-05,1.806583e-05,2.4543619e-05,2.960889e-05,3.312069e-05,0.00020448817,0.0002919203,0.0003004314,0.00031399878,0.00033167924,0.0003523077,0.00037445736,0.0003965156,0.00041683888,0.00043376736,0.00044577863,0.00045151493,0.00044990637,sad,03-01-04-02-02-01-14.wav
-636.6063,43.697414,-5.529399,-0.2202891,-10.820278,-7.53036,-1.9326935,-9.742988,-6.1788087,-3.8691442,-6.1026897,-6.5933623,-3.4890952,-0.0012904323,-0.0018187679,-0.0017939915,-0.0017468542,-0.0016694291,-0.0015526261,-0.0013877236,-0.0011680403,-0.00089065416,-0.00055780524,-0.00017735292,0.00023669975,0.0006650714,0.0015132012,0.0010560626,-0.0003988521,-0.00022412733,0.0004046698,3.2879587e-05,-0.00041409148,-8.0774e-05,0.000105877945,-0.00033708438,-0.00047321236,-7.051507e-05,-8.099855e-05,surprised,03-01-08-02-01-01-14.wav
-666.553,32.183926,-3.1020117,4.1090665,-8.511316,-7.8343287,-10.507788,-10.454772,-3.3516738,-7.7741733,-5.1032124,-5.012346,-3.7366157,0.010301452,0.014231364,0.013250614,0.011702731,0.00970828,0.0074184253,0.0050001834,0.0026199368,0.00042778513,-0.001455777,-0.0029488162,-0.0040133516,-0.004654677,0.0025123998,0.0034868198,0.0032946235,0.0029943231,0.002611226,0.0021735067,0.0017088376,0.0012426031,0.0007975283,0.00039321615,4.5315945e-05,-0.00023608147,-0.00044750996,surprised,03-01-08-01-02-01-14.wav
-599.6231,30.096987,-6.866103,4.296651,-11.944185,-6.622543,-6.091554,-9.249602,-3.298639,-7.1509976,-6.407582,-5.8760314,-4.2228746,0.0032399495,0.0044911704,0.00422578,0.0037997197,0.003236037,0.0025649292,0.0018220681,0.0010461104,0.0002764708,-0.00044918977,-0.0010969791,-0.0016389382,-0.002054491,0.00038270766,0.0005338803,0.0005121109,0.0004770282,0.00043033026,0.00037424534,0.00031144192,0.00024479322,0.00017728408,0.000111781635,5.092338e-05,-3.068493e-06,-4.8463924e-05,angry,03-01-05-01-01-01-14.wav
-667.6732,35.890144,-2.5674694,9.826792,-6.646573,-1.9442832,-7.3534017,-9.185719,-0.8043308,-3.9742844,-4.6493034,-3.9770143,-1.616519,0.076784804,0.096916944,0.07418146,0.05217901,0.037604023,0.032950353,0.0275052,0.020298168,0.01088413,0.00022446645,-0.0042905295,-0.008825909,-0.013527833,0.010448149,0.012883596,0.009197122,0.0054795207,0.002668407,0.0013685857,0.00027047118,-0.00051671383,-0.0012451805,-0.0021124892,-0.0021194522,-0.0022947765,-0.002417604,fearful,03-01-06-01-01-02-14.wav
-473.8351,11.02493,-29.950655,-5.7116795,-15.186302,-19.233698,-9.002967,-19.791588,-4.088982,-2.8884077,-11.525628,1.7175491,1.2959664,0.0,0.0,5.086263e-08,0.0,2.5431316e-08,2.5431316e-08,0.0,5.086263e-08,0.0,0.0,-6.357829e-09,-9.536743e-09,-6.357829e-09,3.1789145e-09,-6.357829e-09,6.357829e-09,3.1789145e-09,2.3841857e-09,2.78155e-09,1.5894572e-09,7.947286e-10,-1.5894572e-09,0.0,0.0,1.9868215e-10,0.0,fearful,03-01-06-02-02-02-14.wav
-381.4566,19.80069,-31.946592,-10.997233,-21.855652,-16.221308,-3.9251587,-18.5646,-3.7900567,-2.9941826,-0.92515546,4.964131,-2.4046416,1.695421e-07,-1.05963815e-08,0.0,-2.1192763e-08,0.0,0.0,0.0,2.1192763e-08,9.271834e-09,0.0,0.0,-1.05963815e-08,-3.973643e-09,-2.1192763e-08,7.947286e-09,2.6490954e-09,-2.6490954e-09,0.0,-2.6490954e-09,-1.3245477e-09,6.6227385e-10,1.9868216e-09,2.6490954e-09,1.6556846e-09,-3.1458007e-09,-2.6490954e-09,angry,03-01-05-02-02-01-14.wav
-654.1124,31.270487,5.192782,1.2480032,-4.8552275,-3.5602026,-7.2659345,-7.7535977,-4.938879,-7.237135,-3.2448838,-2.9858346,-5.250296,0.27821967,0.25572136,0.08280837,0.02253722,0.0039149574,0.050276194,0.041427244,-0.024647333,-0.018990925,7.2040915e-05,-0.004783429,-0.016504984,-0.004856702,0.085400075,0.067913905,0.011285838,0.010271045,0.0072064963,0.0050735,-0.0019105162,-0.009785091,-0.002970523,-0.0111967465,-0.016217353,-0.00014508214,0.0033170606,disgust,03-01-07-01-02-01-14.wav
-676.4511,41.666775,8.428701,10.835909,-5.055442,-2.9257758,-9.881306,-10.149498,-2.4636052,-6.1467857,-3.2205462,-3.4776483,-2.6760345,0.08266095,0.10915919,0.090219215,0.06914446,0.052407466,0.040299807,0.029713662,0.019101273,0.010168288,0.005396837,0.0049300944,0.0062341816,0.0064129424,0.003641007,0.004307666,0.0024052663,0.0007349525,0.00014830258,0.0005128524,0.0011291909,0.0014883989,0.001577717,0.0016019002,0.0015988825,0.0013888872,0.0008182175,sad,03-01-04-01-02-02-14.wav
-678.9607,42.616314,-6.071117,10.16927,-7.242933,-6.265599,-9.719107,-11.477017,-4.3141246,-1.5157936,-4.784275,-1.0298954,-4.664544,0.0018976559,0.0021884847,0.0010294644,-9.355605e-05,-0.0006625697,-0.0006829508,-0.000550426,-0.0006424136,-0.0010352525,-0.0015480279,-0.001987997,-0.0023434416,-0.0027833164,-0.0064904494,-0.008867444,-0.007981699,-0.0066391584,-0.0049848976,-0.0031811167,-0.0014213151,8.958691e-05,0.001206299,0.0019019258,0.0022418508,0.002292028,0.0020626886,sad,03-01-04-02-01-02-14.wav
-516.341,28.208961,-16.024343,6.847805,-19.09361,-13.497297,-13.28483,-19.481455,-5.9698453,-1.8746402,-4.6772184,0.95545006,-6.220266,3.5903034e-07,0.0,-2.2439396e-08,-1.1219698e-08,4.4878792e-08,-5.609849e-09,0.0,1.1219698e-08,1.1219698e-08,0.0,-7.0123113e-10,4.908618e-09,-2.2439396e-08,3.934047e-05,4.674547e-05,2.2921842e-05,-8.186172e-06,-3.6643534e-05,-5.3337742e-05,-5.2952066e-05,-3.5659006e-05,-7.0319456e-06,2.372896e-05,4.6771413e-05,5.4750635e-05,4.5176464e-05,disgust,03-01-07-02-01-01-14.wav
-460.47968,18.814028,-30.853994,0.8849241,-14.175329,-17.10036,-5.577521,-16.559643,-2.3038702,-7.3935585,-8.46057,1.4354862,-8.997431,7.582007e-07,-2.3693772e-08,-4.7387545e-08,1.1846886e-08,-1.1846886e-08,2.3693772e-08,-2.9617215e-08,0.0,1.1846886e-08,-1.1846886e-08,0.0,-5.923443e-09,2.3693772e-08,0.0,1.4808608e-09,2.9617215e-09,-2.9617215e-09,-2.9617215e-09,1.4808608e-09,-2.2212912e-09,7.404304e-10,0.0,-7.404304e-10,1.4808608e-09,0.0,-2.2212912e-09,happy,03-01-03-02-01-02-14.wav
-600.8737,26.246809,-9.0459585,1.75451,-6.654611,-12.252062,-9.061353,-13.175905,-5.25028,-8.369117,-8.295391,-4.0572886,-8.325931,0.0012919108,0.001791687,0.0016858164,0.0015143331,0.0012850952,0.0010080464,0.0006951539,0.00036005655,1.7000833e-05,-0.0003199514,-0.0006367556,-0.00092114764,-0.0011624146,0.00026429494,0.00036613466,0.0003439023,0.00030798276,0.0002599766,0.000202082,0.00013686498,6.7226094e-05,-3.8115184e-06,-7.320106e-05,-0.00013805708,-0.0001957345,-0.0002440405,happy,03-01-03-01-02-02-14.wav
-755.46246,42.71025,5.3803997,11.044181,-5.389654,-3.6523907,-5.6831026,-7.394467,-1.759215,-2.7526853,-2.583764,-5.9279065,-2.3584752,0.100911885,0.1348519,0.1087975,0.0710898,0.04032205,0.02492143,0.014405284,2.6596917e-05,-0.013784422,-0.018051147,-0.013063874,-0.004855818,0.0040098894,-0.008681218,-0.009483788,-0.005903741,-0.005099952,-0.0041872705,-0.0022059977,-0.0006823738,-0.0015420251,-0.004619283,-0.0056455974,-0.0038589074,-0.0021364167,-1.8453433e-05,neutral,03-01-01-01-01-02-14.wav
-547.847,40.49422,-7.278451,0.54897285,-6.6678524,0.9105985,-13.983383,-6.798315,-8.340428,-4.818708,-0.68397784,-6.6309476,-2.2119057,-0.015481525,-0.021877978,-0.02182587,-0.021739177,-0.021618387,-0.021463891,-0.021276422,-0.021056725,-0.020805664,-0.02052437,-0.020214021,-0.019875744,-0.019511065,0.0013528267,0.0019100109,0.0019005487,0.0018848213,0.0018629035,0.0018349332,0.0018010339,0.0017613736,0.0017161635,0.0016656336,0.0016100308,0.0015496446,0.0014847682,happy,03-01-03-02-02-02-13.wav
-672.16754,60.62053,-4.7237463,9.176288,9.5708065,1.5910962,-4.3883443,-3.3020191,-9.017383,1.0226798,2.449865,-4.2202325,4.911708,0.015922878,0.023455191,0.025955932,0.029174915,0.03199359,0.033358842,0.03260328,0.029646646,0.025020398,0.019707065,0.014846331,0.011396436,0.00985489,-0.00028634418,-0.0006889191,-0.0013907319,-0.0022008868,-0.0028873112,-0.003353299,-0.003541841,-0.0033951048,-0.0029129067,-0.002186111,-0.0013754558,-0.00070026476,-0.00040349906,happy,03-01-03-01-01-02-13.wav
-705.9097,55.788624,-1.4032242,11.1674595,6.9572163,3.0263386,-2.928418,-4.6762767,-7.9808636,2.0840464,2.195143,-3.872431,5.207421,0.0028664083,0.003619194,0.002730664,0.0021349122,0.0020409191,0.0019197745,0.0012021906,2.1597918e-06,-0.0010049483,-0.0013602552,-0.001278134,-0.0012524548,-0.0013670203,-0.0019479218,-0.002756315,-0.002873624,-0.0032752429,-0.0039079003,-0.004495274,-0.004847205,-0.005095806,-0.00554018,-0.0062635806,-0.0069887796,-0.0073630284,-0.0073435027,neutral,03-01-01-01-02-02-13.wav
-569.59863,48.375137,0.8948544,3.6051128,2.6562188,1.9218398,-8.736442,-5.9378424,-6.949694,-2.0067565,-2.0353923,-5.73383,1.0174941,0.006314384,0.008929359,0.008925213,0.008918232,0.008908484,0.008895894,0.008880456,0.008862217,0.008841183,0.00881711,0.008790242,0.008760426,0.008727642,0.0009082622,0.0012834934,0.0012816058,0.0012784856,0.0012741222,0.0012685409,0.0012617359,0.0012537291,0.0012445474,0.0012341908,0.0012227057,0.001210101,0.001196411,surprised,03-01-08-02-02-01-13.wav
-612.0017,55.139347,-2.2007546,3.3698037,-1.512453,0.5524716,-10.553659,-7.2420697,-5.696852,-2.998883,-1.1855985,-4.327684,0.34858587,-0.01017564,-0.014396304,-0.014409162,-0.01442834,-0.01445079,-0.014472351,-0.014488065,-0.014492184,-0.014478655,-0.014441393,-0.014374285,-0.014271683,-0.014128705,-0.009008122,-0.012750249,-0.012772243,-0.012773317,-0.012712477,-0.012552036,-0.012267953,-0.011854412,-0.011322208,-0.0106929485,-0.009992545,-0.009247333,-0.008483506,surprised,03-01-08-01-01-01-13.wav
-574.5772,49.817017,-4.61165,10.488314,4.197639,-1.5593295,-4.7329884,-4.1496334,-14.778752,-1.4775143,-2.2300835,-6.2548003,4.418374,-0.0037710727,-0.0053328243,-0.005329083,-0.0053227255,-0.0053138733,-0.005302637,-0.00528898,-0.005273079,-0.00525499,-0.0052346815,-0.0052124048,-0.0051882574,-0.0051622298,0.00033663787,0.00046791785,0.00044472402,0.00040742374,0.00035797784,0.00029896162,0.00023343548,0.00016481754,9.6629825e-05,3.239455e-05,-2.4649577e-05,-7.165395e-05,-0.00010632246,angry,03-01-05-01-02-01-13.wav
-635.36694,57.80622,6.1611123,11.718574,6.632603,3.3905754,-4.1545277,-0.16553155,-5.533987,3.193552,3.5603106,-1.3778528,5.9186225,-0.00052621023,-0.0009118489,-0.0014255797,-0.0023099082,-0.0035858017,-0.0052461554,-0.007236603,-0.009446716,-0.011716938,-0.013860927,-0.01569799,-0.017087324,-0.017954186,-0.0148924235,-0.020977069,-0.020699592,-0.020166174,-0.019306691,-0.01807686,-0.016481025,-0.014578367,-0.012475208,-0.010308848,-0.008227277,-0.006366287,-0.0048268614,fearful,03-01-06-01-02-02-13.wav
-497.05197,31.837704,-5.059535,2.731281,-2.69597,-4.711656,-11.170105,-3.1746008,-4.7377367,-5.7862616,-1.6615187,-5.3334436,-2.8009305,-0.009805882,-0.013863016,-0.013846999,-0.013820283,-0.013782988,-0.0137351155,-0.013676902,-0.013608396,-0.013529786,-0.01344114,-0.013342743,-0.013234767,-0.013117567,-0.002531881,-0.0035794778,-0.0035767695,-0.0035722475,-0.0035659338,-0.0035578369,-0.003547947,-0.003536297,-0.0035228797,-0.003507738,-0.0034908724,-0.0034723086,-0.0034520656,fearful,03-01-06-02-01-02-13.wav
-363.3938,18.77488,-12.651738,-1.4403409,-9.627059,-5.069323,-10.312122,-4.8745193,-8.812356,-3.9425037,-0.58824277,-5.4879503,-2.9651027,-0.0005399116,-0.0007647748,-0.0007645469,-0.0007642845,-0.00076387514,-0.0007633653,-0.00076274754,-0.00076200004,-0.0007611161,-0.0007601684,-0.00075906626,-0.0007578652,-0.00075654563,-0.00077705865,-0.0010986872,-0.0010984339,-0.001098015,-0.0010974422,-0.001096703,-0.0010957808,-0.0010947146,-0.0010934791,-0.0010920726,-0.0010905026,-0.0010887714,-0.0010868746,angry,03-01-05-02-01-01-13.wav
-736.5806,69.6731,4.5183806,15.620663,10.275804,3.3221347,0.94514364,-2.501401,-2.8087714,2.9100683,0.8461077,0.31232923,6.6155663,0.035032384,0.044293292,0.043141056,0.041474786,0.03414604,0.032093134,0.03207349,0.026693562,0.018976768,0.016756669,0.012044269,0.012526961,0.01257956,0.0043973434,0.008441136,0.0083986465,0.0075629703,0.008506908,0.007604997,0.0063804965,0.007275229,0.007952601,0.005436507,0.0055008056,0.0053219674,0.0057006776,disgust,03-01-07-01-01-01-13.wav
-725.8035,72.587395,11.854309,14.323845,11.665647,4.856668,-5.9478498,-5.3229823,-1.6262301,0.75818133,1.5604734,-4.0757856,3.611785,0.1697284,0.17004938,0.14645386,0.14179638,0.13336709,0.12578908,0.12531689,0.1130327,0.09974486,0.092579395,0.086236656,0.09174737,0.080110565,-0.02144565,-0.017761018,-0.011070239,-0.011090927,-0.010294356,-0.010842622,-0.012339326,-0.009728022,-0.009290948,-0.0069186892,-0.0058024786,-0.0074246335,-0.0070814774,sad,03-01-04-01-01-02-13.wav
-720.6564,62.024555,18.90057,16.560461,13.295681,5.306736,0.641582,-1.1384163,-0.40361476,-1.1142809,2.3802693,-1.3499371,3.2912917,-0.035982437,-0.047962643,-0.04352534,-0.041577768,-0.04003291,-0.036390685,-0.02955998,-0.022325572,-0.018707497,-0.016325895,-0.011964328,-0.00681468,-0.0023637854,0.0027748675,-0.0014652722,-0.005518187,-0.0019175807,0.00016208836,-0.0010863179,-0.00412559,-0.0047639254,-0.0018169327,-0.0012373172,-0.0034470316,-0.004615786,-0.0029656983,sad,03-01-04-02-02-02-13.wav
-712.2953,68.96305,14.398189,10.866857,6.763539,3.8003047,0.6801289,-2.5770414,-2.4538271,0.06476897,1.1219302,-0.25684658,5.6910486,0.0631826,0.08836723,0.085755825,0.081966944,0.07773756,0.07165853,0.06339939,0.05511064,0.04764907,0.04160147,0.03768598,0.03486015,0.029580623,-0.010043147,-0.013631742,-0.012633759,-0.012128241,-0.012305716,-0.012374395,-0.01212839,-0.011591457,-0.01084579,-0.010992447,-0.011911843,-0.01266245,-0.012859816,disgust,03-01-07-02-02-01-13.wav
-646.55646,55.284473,6.358398,10.104181,8.305063,4.578537,-5.027579,-2.1419187,-1.8109654,-0.6378984,1.0451171,-1.1157675,2.4645977,0.029770644,0.04190421,0.04132119,0.040375236,0.03910236,0.03754857,0.03576624,0.03381071,0.031737834,0.029601714,0.027454024,0.025343554,0.02331631,0.003858006,0.005422172,0.005321277,0.0051570907,0.004935041,0.00466188,0.004344997,0.003991936,0.0036100007,0.0032062097,0.0027873823,0.0023604257,0.0019325877,surprised,03-01-08-02-01-02-13.wav
-676.91547,46.510468,0.21180224,6.5229354,-1.0686175,1.5531129,-6.2504926,-5.5134897,-4.829918,-3.1521053,0.5355361,-3.5011072,0.7546315,-0.055410836,-0.077666186,-0.075596005,-0.07223007,-0.067683734,-0.062099587,-0.055635612,-0.048457168,-0.040734254,-0.032643717,-0.024372298,-0.016119862,-0.008096087,-0.010529886,-0.01487515,-0.01478573,-0.014520762,-0.013958922,-0.013014179,-0.011678138,-0.010034204,-0.008238731,-0.0064760363,-0.0049061286,-0.0036231626,-0.0026408134,surprised,03-01-08-01-02-02-13.wav
-678.89246,55.4507,5.482715,10.538507,8.028278,1.6363456,-5.952412,-0.6007127,-3.3456588,0.31007117,0.89161974,-4.4724236,2.4098847,0.0040213643,0.005480037,0.004874482,0.0039085923,0.0026408224,0.0011411555,-0.00051809056,-0.0022705162,-0.004061131,-0.005848983,-0.007606394,-0.009314839,-0.010959323,0.00641888,0.009004798,0.00878913,0.00843938,0.0079693515,0.007396811,0.006742347,0.0060279686,0.0052759824,0.004507903,0.0037437782,0.0030016731,0.0022974208,fearful,03-01-06-01-01-01-13.wav
-573.46936,49.461838,-5.369772,8.394792,0.89031655,-2.491404,-3.7082624,-4.4845257,-9.296204,-1.4948013,-1.5512497,-4.906698,4.089007,0.004045474,0.0057140673,0.0056946697,0.0056623695,0.0056173536,0.0055596596,0.00548948,0.0054070954,0.005312721,0.0052064946,0.005088937,0.0049602906,0.0048209606,0.0026712231,0.00377522,0.0037688524,0.003758284,0.0037434988,0.003724567,0.003701503,0.0036743863,0.0036432727,0.003608219,0.0035693164,0.0035266655,0.003480355,angry,03-01-05-01-01-02-13.wav
-321.17383,10.130473,-17.11768,-8.23301,-18.115438,-4.4833694,-12.967822,-6.248588,-9.107482,-5.899909,-0.5940671,-5.2882624,-6.170699,1.695421e-07,0.0,0.0,-5.2981908e-09,1.5894573e-08,0.0,-2.1192763e-08,-7.947286e-09,1.05963815e-08,2.1192763e-08,-5.2981908e-09,-6.6227384e-09,0.0,-2.3841858e-08,0.0,-1.9868216e-09,0.0,2.6490954e-09,-6.6227385e-10,0.0,-1.9868216e-09,1.3245477e-09,-6.6227385e-10,-3.3113692e-10,0.0,-1.3245477e-09,angry,03-01-05-02-02-02-13.wav
-496.1069,36.72265,-2.6477776,0.70207524,-3.7182517,-5.369731,-10.280506,-3.640321,-9.70883,-4.5451717,-2.0689998,-7.0322995,-1.7787217,-0.002351066,-0.0033241296,-0.003321818,-0.0033178772,-0.0033124078,-0.0033053972,-0.0032968079,-0.0032867342,-0.0032751071,-0.0032619892,-0.0032473938,-0.0032313012,-0.0032136962,0.0005462106,0.00077243196,0.00077187933,0.00077093043,0.0007696051,0.000767921,0.000765851,0.0007634242,0.0007606279,0.00075746217,0.0007539435,0.000750066,0.0007458278,fearful,03-01-06-02-02-01-13.wav
-726.95374,69.18696,10.819095,12.027654,11.146478,4.227093,-3.0377603,-3.7431953,-0.7878604,0.006318982,1.54534,-1.5759901,3.2766192,0.012887021,0.01859898,0.019630471,0.019785605,0.018157179,0.017365692,0.01930626,0.022088647,0.022915347,0.020404931,0.015155869,0.010385846,0.009238864,0.021640368,0.029509205,0.02752157,0.025761077,0.023930728,0.021722538,0.019178117,0.016344953,0.013639925,0.011455197,0.009561404,0.0072816443,0.004778588,sad,03-01-04-01-02-01-13.wav
-710.95416,63.11208,9.436494,11.335046,5.0994,1.7339419,-4.2769465,-2.0025218,-2.175573,-0.24707754,2.400079,-1.2575405,4.0380597,0.12747584,0.1693528,0.1430841,0.109510235,0.07320782,0.04296155,0.024052866,0.015600504,0.016229363,0.020069381,0.0209379,0.01771164,0.009544775,0.008016471,0.009779916,0.0051345895,-0.0004899791,-0.006828455,-0.0117394375,-0.014044389,-0.01480126,-0.013014769,-0.010690825,-0.008226225,-0.006890308,-0.006395329,disgust,03-01-07-01-02-02-13.wav
-622.2064,66.15389,4.2012396,12.631676,4.138491,-0.18064232,-4.7043104,-6.0977774,-3.8976216,-0.34984285,0.055573273,-2.4832282,4.4470673,0.010348511,0.014487267,0.014060974,0.013397848,0.012561286,0.011626649,0.010670101,0.009757817,0.008937305,0.008231473,0.007637179,0.0071279528,0.006660315,0.0029444098,0.0041405647,0.004071328,0.0039594234,0.0038098097,0.0036284984,0.003422095,0.003196977,0.0029586614,0.0027112984,0.0024573326,0.0021974847,0.001931043,disgust,03-01-07-02-01-02-13.wav
-670.48975,69.14567,1.4745611,14.177929,8.403368,0.8774117,-6.5977325,-5.400931,-3.9169176,-1.6443064,0.5758072,-3.7368758,4.9927063,0.042078868,0.059304927,0.058770638,0.0580432,0.05717912,0.056088287,0.054628465,0.052765317,0.050637007,0.048450377,0.046306506,0.044124987,0.04174,-0.0065374174,-0.009239799,-0.009218322,-0.009170426,-0.009078026,-0.008896325,-0.008548392,-0.007969556,-0.007174429,-0.006267026,-0.005364597,-0.0045124115,-0.0036895259,sad,03-01-04-02-01-01-13.wav
-587.16235,56.512714,-9.394262,10.531567,9.088019,0.89278615,-9.6407795,-3.6480358,-7.7289147,0.2691758,1.260063,-7.976776,4.2839904,-0.010323134,-0.014578544,-0.014514994,-0.014410186,-0.014266059,-0.014084836,-0.013869548,-0.013623632,-0.013350813,-0.013055003,-0.012740411,-0.012411182,-0.01207126,-0.0063581914,-0.00898349,-0.008958578,-0.008917376,-0.008860332,-0.008788089,-0.0087014185,-0.008601244,-0.008488599,-0.008364615,-0.008230486,-0.008087453,-0.007936785,happy,03-01-03-02-01-01-13.wav
-661.9741,53.927197,-1.4531968,9.362547,4.753347,3.6835706,-6.153079,-5.1524506,-9.170528,0.19828686,0.8347326,-3.5217664,5.0792885,-0.06018448,-0.084824845,-0.08396452,-0.08256695,-0.080684125,-0.07838311,-0.07574171,-0.072843015,-0.069770254,-0.066601574,-0.06340643,-0.0602424,-0.05715365,-0.0001842029,-0.0003801514,-0.00071629003,-0.0012055355,-0.0017609308,-0.0022941355,-0.0027368718,-0.0030559476,-0.0032575333,-0.003380162,-0.0034788032,-0.0036053136,-0.0037909746,happy,03-01-03-01-02-01-13.wav
-734.8146,65.16496,3.1671817,11.046908,10.187081,1.6958406,-1.0456284,-1.9742708,-4.389913,0.9717119,2.0313869,-1.2649989,4.4575443,0.03297168,0.044849314,0.040206213,0.034270994,0.028520625,0.023812009,0.020465566,0.018361002,0.016869072,0.015190612,0.0131471455,0.011359706,0.010275124,0.013433456,0.018616008,0.017565241,0.016008623,0.014034981,0.011734928,0.009347352,0.0071840486,0.0054085036,0.003996997,0.002928189,0.0022858386,0.0020836706,neutral,03-01-01-01-01-01-13.wav
-675.2734,51.40678,0.14517123,2.678106,0.7177043,2.4865184,-6.3215675,-3.497633,-7.4714355,-2.6024766,2.6847222,-4.7758126,-0.10018797,0.0035795325,0.005061879,0.0050649643,0.0050695646,0.0050750338,0.0050806017,0.0050850473,0.0050870813,0.0050852667,0.0050777686,0.005063029,0.005039103,0.005004104,-0.0030196344,-0.0042644003,-0.0042456496,-0.0042146095,-0.0041716555,-0.0041172192,-0.0040519196,-0.0039764363,-0.0038915784,-0.0037982955,-0.0036975075,-0.0035902695,-0.0034776856,surprised,03-01-08-01-01-02-13.wav
-579.5372,48.4653,1.1091119,3.8003745,1.7155454,1.2244262,-7.1990113,-5.246746,-7.204764,-2.8814692,-3.3844118,-5.515379,-1.2231033,-0.0043842876,-0.0061983312,-0.006190747,-0.0061780624,-0.006160396,-0.0061377212,-0.006110051,-0.006077506,-0.0060401196,-0.0059979847,-0.005951148,-0.0058996826,-0.0058437292,-0.0004044863,-0.0005715727,-0.0005716645,-0.0005718359,-0.0005720779,-0.000572388,-0.0005727781,-0.0005732391,-0.00057377986,-0.00057441776,-0.0005751337,-0.00057595427,-0.0005768646,surprised,03-01-08-02-02-02-13.wav
-658.88434,66.78461,4.945173,9.581894,3.839349,0.8741439,-3.1761334,-3.2193406,-4.617444,-1.3172109,3.007957,-2.9198616,4.470418,0.0019121618,0.0027138116,0.0027434265,0.0027921023,0.0028586932,0.0029417076,0.003039392,0.0031495318,0.0032699252,0.0033980887,0.0035316544,0.0036680235,0.003804995,-0.0067976047,-0.009621979,-0.009645491,-0.009672975,-0.009689328,-0.009677695,-0.009622636,-0.009513066,-0.009344128,-0.009117997,-0.008842906,-0.008531473,-0.008197816,disgust,03-01-07-02-02-02-13.wav
-692.9509,67.118835,13.567043,8.54892,8.868987,2.984286,-1.7321851,-3.3066938,-3.3019903,-1.871788,2.9282987,-2.3781815,5.364111,0.016283892,0.023009332,0.023000631,0.023047684,0.02307477,0.02294164,0.022614524,0.022190887,0.021727659,0.021131605,0.020300053,0.019323183,0.018432884,-0.010258911,-0.014406179,-0.014172199,-0.013920653,-0.013636092,-0.013183699,-0.012503129,-0.011708994,-0.010971413,-0.010330381,-0.009680308,-0.008945196,-0.008185635,sad,03-01-04-02-02-01-13.wav
-715.08704,73.04636,16.80987,14.810087,11.212738,4.96883,0.10962043,-2.6812344,-0.9315604,1.7429643,3.455783,-0.95357794,3.3777168,0.010317517,0.010166713,0.0026551655,-0.0019997188,-0.0029900414,-0.0024559652,-0.0019610517,0.0009535319,0.007336982,0.015866663,0.02255566,0.026479881,0.029439908,0.016763734,0.023374446,0.021772569,0.01783319,0.012412015,0.0076092514,0.0047544735,0.0033952547,0.002118524,0.00095283054,0.0002177319,0.00026349665,0.0001125893,sad,03-01-04-01-01-01-13.wav
-737.36505,69.49746,5.0256124,16.98983,6.904116,2.5694056,0.70973116,-2.771231,-1.670576,3.0728166,2.3515408,0.106934376,6.2911763,-0.030575717,-0.040819544,-0.038171478,-0.036497567,-0.033129893,-0.031853683,-0.032534126,-0.030879922,-0.033590008,-0.033261195,-0.035731073,-0.03879469,-0.037535314,0.009368395,0.0084073385,0.0072100214,0.0067061926,0.0055008424,0.004940508,0.004779642,0.0033958934,0.0034789126,0.003495188,0.0027286797,0.0042319056,0.0040228004,disgust,03-01-07-01-01-02-13.wav
-420.4946,37.324593,-4.71846,6.7709246,-0.23654117,-7.0914125,-6.5153756,-0.1884139,-8.05397,-0.56656605,-0.25173834,-5.619007,0.44407636,0.008815434,0.012465186,0.012461828,0.012456314,0.012448523,0.01243853,0.01242634,0.012411936,0.012395361,0.012376552,0.012355572,0.0123323975,0.012307067,0.00045984852,0.00065053155,0.00065059116,0.0006506961,0.00065081276,0.0006509786,0.0006511859,0.0006514127,0.0006516861,0.00065198215,0.00065230933,0.00065266696,0.0006530531,angry,03-01-05-02-01-02-13.wav
-672.3389,52.180676,8.420518,10.523393,5.4619308,2.2206209,-4.0279355,-0.15279874,-2.7773,-0.3211946,1.4810356,-3.721496,1.6302117,-0.016697295,-0.023409229,-0.022864604,-0.02215337,-0.02147095,-0.020946853,-0.020596381,-0.02033314,-0.020031275,-0.019597968,-0.01901686,-0.01834009,-0.017640062,-0.00065983157,-0.00094460463,-0.0009741587,-0.0010264671,-0.0011283698,-0.0012985836,-0.0015113681,-0.001711233,-0.0018568464,-0.0019335959,-0.0019380369,-0.0018832941,-0.0018183957,fearful,03-01-06-02-01-01-13.wav
-628.3462,49.0421,5.1606336,9.610723,7.0123777,1.5414569,-4.622185,-1.0015007,-5.5897074,-0.4950405,0.5755799,-4.3700013,4.0506263,0.052966133,0.07459306,0.07366286,0.07213891,0.07005913,0.0674736,0.06444176,0.061029896,0.057308335,0.05334911,0.049224176,0.045003973,0.04075646,0.01396809,0.019631434,0.019279156,0.018735094,0.018053317,0.017291805,0.016500413,0.015712287,0.014940253,0.01417895,0.013411259,0.012617204,0.011782261,fearful,03-01-06-01-02-01-13.wav
-561.11005,46.19066,-6.8934097,8.22735,0.8819299,-3.1236284,-6.275368,-7.091011,-13.95056,-3.169377,-3.0495634,-7.335204,2.4769914,-0.009491175,-0.01341859,-0.013406361,-0.013386047,-0.013357639,-0.0133211315,-0.013276623,-0.013224149,-0.013163867,-0.01309566,-0.013019783,-0.012936304,-0.012845314,-0.00029206928,-0.00041298018,-0.0004126985,-0.00041225512,-0.00041161824,-0.00041080255,-0.00040980562,-0.0004086274,-0.00040726303,-0.00040571982,-0.00040398803,-0.00040207172,-0.00039997004,angry,03-01-05-01-02-02-13.wav
-719.5033,59.171806,2.500342,8.868761,9.854473,3.8878243,-2.5067408,-5.5320144,-5.0177345,1.4925113,2.981418,-2.3174126,5.3672805,-0.036872346,-0.051458374,-0.049730603,-0.047599077,-0.04535365,-0.042799957,-0.039742146,-0.036399957,-0.033192426,-0.030184474,-0.026965063,-0.023172077,-0.019025112,-0.0058791083,-0.0082174605,-0.008005859,-0.007819215,-0.007694072,-0.0075412765,-0.007288116,-0.006993152,-0.0067783557,-0.0066660205,-0.0065364377,-0.006269482,-0.0058937827,neutral,03-01-01-01-02-01-13.wav
-669.861,60.157925,-6.0261574,10.191507,8.39052,0.619779,-3.727356,-4.265943,-8.108516,2.0843656,1.6950753,-3.4443846,5.5039124,-0.019251142,-0.025786264,-0.0218356,-0.016312722,-0.010360773,-0.0049722195,-0.0008234807,0.0017096588,0.0024903843,0.0016283172,-0.0004678854,-0.0031174354,-0.005560289,-0.00012551036,-0.00025484903,-0.00052449363,-0.0010510351,-0.0018299137,-0.002737265,-0.003579837,-0.004206574,-0.0045848335,-0.0047772517,-0.0048465542,-0.004782101,-0.0045195776,happy,03-01-03-01-01-01-13.wav
-528.9386,34.869865,-6.7261653,-0.61634177,-7.2309027,0.86977565,-16.139782,-7.768032,-9.186013,-5.827167,-1.424262,-7.8177977,-2.189043,-0.0127316825,-0.018000668,-0.01798439,-0.017957335,-0.01791954,-0.01787112,-0.017812127,-0.01774279,-0.017663145,-0.017573422,-0.017473849,-0.017364528,-0.017245684,0.0016891499,0.0023884708,0.0023873097,0.002385329,0.0023824514,0.002378523,0.0023734537,0.0023670783,0.0023592417,0.0023497865,0.0023385498,0.0023253977,0.0023102132,happy,03-01-03-02-02-01-13.wav
-725.99884,65.8402,4.7694845,10.236506,8.644425,3.1547227,-1.8746314,-3.176603,-3.784609,1.9564545,1.9077767,-1.3699125,5.319067,-0.0018750619,-0.0032213735,-0.0045403745,-0.005822002,-0.0066309115,-0.0071679545,-0.007802037,-0.008404284,-0.008282205,-0.006857592,-0.004384967,-0.0018986653,-0.0003629491,0.0066807996,0.009185734,0.0085459445,0.007841318,0.007290909,0.0068896534,0.0065176575,0.006147625,0.0059116944,0.0059541604,0.0062358896,0.006516858,0.0065513123,neutral,03-01-01-01-01-02-13.wav
-642.75507,54.241375,-2.74775,9.893187,2.6804857,5.015293,-10.037733,-7.130791,-8.172941,-2.839638,2.2852912,-6.4560637,3.9615893,-0.0106227705,-0.015157589,-0.015550973,-0.016184593,-0.017028552,-0.01804627,-0.019198017,-0.020443073,-0.021740789,-0.02304927,-0.024324287,-0.02551662,-0.026571427,0.011422481,0.015926873,0.015295554,0.014383949,0.013336402,0.012271756,0.011269683,0.010380462,0.009634037,0.009034637,0.008550407,0.008115707,0.0076547647,happy,03-01-03-01-02-02-13.wav
-533.7259,54.160217,-5.7508903,5.1983566,0.80875,0.32568702,-15.966441,-5.170695,-9.692625,-5.533628,-0.8032096,-8.904784,-1.842264,-0.0077495086,-0.011049026,-0.011310406,-0.011730891,-0.012288668,-0.012954779,-0.013695252,-0.014472191,-0.015246269,-0.01597846,-0.016631957,-0.01717359,-0.017575527,0.0015342174,0.0021591263,0.0021278416,0.002077445,0.0020104372,0.0019300274,0.001839864,0.0017437935,0.0016456193,0.0015488374,0.0014564326,0.0013707995,0.0012936607,happy,03-01-03-02-01-02-13.wav
-695.112,57.232616,3.5423226,7.8346252,1.0523447,2.1742635,-6.0362663,-5.818383,-6.782196,-1.3809294,0.47105777,-4.5525503,1.6715685,-0.008489497,-0.009888957,-0.003878439,0.0049431743,0.014731772,0.023129955,0.02795326,0.028046565,0.023703309,0.016315376,0.0076295696,-0.00072689616,-0.0073099276,-0.0050180764,-0.0075036427,-0.008879269,-0.011237304,-0.013888292,-0.015805202,-0.016445031,-0.01585534,-0.014132537,-0.011306999,-0.0078173755,-0.004575871,-0.0022806262,surprised,03-01-08-01-02-01-13.wav
-616.9214,47.31682,-0.7378559,6.823835,1.5145754,-0.25141978,-8.088614,-3.1325777,-5.3001723,-2.0986278,0.3617156,-6.180385,-1.2177291,-0.0031602648,-0.004462136,-0.0044388375,-0.0044007036,-0.004348854,-0.004284733,-0.004210141,-0.004127221,-0.0040383274,-0.0039460263,-0.0038530629,-0.003762192,-0.0036762026,-0.0040845936,-0.0057805576,-0.0057888604,-0.0057913363,-0.005774369,-0.005724801,-0.0056338343,-0.005499648,-0.0053282133,-0.005131932,-0.004926609,-0.004727488,-0.004545594,surprised,03-01-08-02-01-01-13.wav
-677.95807,60.66542,8.309715,15.885356,8.442338,2.632708,-6.572647,-3.8216527,-0.5304301,-1.3375758,1.0831579,-2.3469512,2.5996013,-0.0070480667,-0.00997434,-0.009997975,-0.010038543,-0.010098731,-0.010181467,-0.010290572,-0.010430013,-0.010604071,-0.010816794,-0.011072063,-0.011372993,-0.011722044,0.0033295988,0.004710394,0.0047159647,0.004727042,0.004745835,0.004774568,0.004814652,0.0048662224,0.0049274885,0.0049947375,0.0050622807,0.005123042,0.0051692068,sad,03-01-04-02-01-02-13.wav
-641.29614,55.834915,7.8488793,11.521797,5.853199,-1.0855144,-4.9572196,-1.300758,-2.007994,0.4001707,0.98607093,-2.6174679,1.9506248,0.017040227,0.024305642,0.024891043,0.025739376,0.026684664,0.02753577,0.02811134,0.028268808,0.027927775,0.027079988,0.02578832,0.02417122,0.022379972,0.0053366413,0.0072441036,0.0064150426,0.005272917,0.004091195,0.0031154335,0.002491784,0.0022374075,0.0022588393,0.00240523,0.0025309755,0.0025414831,0.0024075403,disgust,03-01-07-02-01-01-13.wav
-722.7659,68.6019,10.440035,13.266446,11.145674,4.264367,-1.1984361,-2.1470227,-0.87661606,2.3288903,2.6569793,-0.48382202,5.280057,0.10844909,0.13139214,0.09003063,0.050357778,0.021089433,0.005459459,-0.001637966,0.010088332,0.031436764,0.046685923,0.057723228,0.05775336,0.050963268,-0.012899626,-0.015725352,-0.006577546,0.004380544,0.012562611,0.016823532,0.015055758,0.0101495115,0.003087742,-0.0046815565,-0.009982462,-0.014247705,-0.014101318,disgust,03-01-07-01-02-01-13.wav
-710.92035,65.2308,9.849815,9.765327,7.4160476,1.9257982,-5.4587855,-5.6746793,-3.5124688,0.18084782,0.37560207,-3.5232992,4.9932666,0.0035573882,0.0050567733,0.005136934,0.0052555683,0.0053928453,0.0055264644,0.0056351703,0.0057022017,0.005716951,0.0056761783,0.005582156,0.00544128,0.0052612154,0.003499926,0.004937273,0.004899786,0.0048400476,0.0047616707,0.0046687904,0.004565489,0.004455134,0.004340121,0.0042216256,0.0040999358,0.003974645,0.0038451531,sad,03-01-04-01-02-02-13.wav
-648.53784,52.264565,5.367132,11.306005,7.73822,2.841572,-3.858911,-0.36039105,-5.9717803,-0.013518707,-0.78263754,-4.296945,2.5249681,0.01697087,0.023976479,0.023906384,0.023789778,0.02362746,0.023420293,0.023169117,0.02287526,0.022540092,0.022165364,0.021752592,0.02130373,0.020820597,-0.0018149286,-0.0026201443,-0.0027681882,-0.0029758008,-0.00319531,-0.0033783808,-0.0034872207,-0.0035019396,-0.0034223658,-0.003264993,-0.0030563604,-0.0028262415,-0.0026016806,fearful,03-01-06-02-02-02-13.wav
-398.1323,24.560383,-13.356357,-3.215707,-9.88788,-3.750894,-11.675326,-5.711852,-11.101495,-4.670384,0.33512342,-4.090345,-0.961563,0.024268212,0.0342561,0.03406752,0.03375692,0.03332977,0.03279347,0.032157082,0.031431198,0.030627554,0.029758627,0.028837427,0.027877027,0.026890278,0.0054109097,0.0076354756,0.007585959,0.00750442,0.007392306,0.0072516003,0.0070847166,0.006894463,0.006683981,0.0064565833,0.0062157386,0.0059649255,0.0057075648,angry,03-01-05-02-02-01-13.wav
-619.9331,56.171864,-3.714882,11.996213,4.1713696,-2.18594,-2.093761,-3.7077374,-9.226068,-1.8913779,-1.6497166,-4.1082296,6.13775,0.02584593,0.036472347,0.036239587,0.035854045,0.035319526,0.034640998,0.033824887,0.032878887,0.031811703,0.030633338,0.029354248,0.027986143,0.026540957,0.008388423,0.011831911,0.011741373,0.01160044,0.0114214085,0.011216756,0.010996308,0.010764978,0.010522223,0.010262933,0.009979722,0.009665696,0.009317093,angry,03-01-05-01-01-01-13.wav
-701.26404,53.454063,11.73071,14.214981,9.113017,5.0550976,-1.9955857,2.060118,0.77708435,1.9202034,2.5396743,-1.4616534,2.2907407,-0.0042410525,-0.005432129,-0.0049653575,-0.0055325152,-0.0063558565,-0.007239418,-0.008007961,-0.007959218,-0.0072984835,-0.006506342,-0.0062589506,-0.007774861,-0.010313451,0.0034659866,0.0049027423,0.0048526498,0.0046808217,0.0045943363,0.0048296694,0.004929598,0.0042882417,0.0031598841,0.0020962902,0.0012438989,0.0007365891,0.0007226554,fearful,03-01-06-01-01-02-13.wav
-635.0711,52.684208,3.6204898,13.895631,8.084744,-4.204375,-2.8321443,-2.9080832,-1.7699361,-3.2795887,-4.7134624,-1.4730989,-2.8916595,-0.029436445,-0.041448046,-0.040918577,-0.04008472,-0.039014615,-0.037795994,-0.03652676,-0.035306938,-0.03422693,-0.033358466,-0.032744423,-0.03239357,-0.032276995,0.0005394095,0.00072660646,0.0006344635,0.00053333404,0.00048700912,0.00055917824,0.00079535105,0.001209001,0.0017749546,0.0024318437,0.0030933234,0.003665148,0.004064383,surprised,03-01-08-02-01-01-09.wav
-728.3048,79.30536,14.432838,25.58211,17.956478,5.968206,3.2523572,-0.67958957,4.222053,2.1640925,-3.0966008,4.2637897,1.4383891,0.2723831,0.25200117,0.10030672,0.06950043,0.03644815,-0.0034233197,-0.008136288,0.0029742222,-0.012941514,-0.025143307,-0.032108434,-0.03331827,-0.030577257,-0.02937465,-0.0033866256,-0.008192878,-0.02560497,-0.017571704,-0.015249683,-3.319419e-05,0.004565568,-0.008145355,-0.0049531744,-0.001355328,0.00023143004,0.004481755,surprised,03-01-08-01-02-01-09.wav
-712.1885,71.85685,1.3965434,20.188616,20.661776,2.7026243,-2.9616928,-3.5783117,-5.220209,2.1864853,1.0061126,-3.075961,2.5493512,0.6584275,0.4076133,0.037507094,0.111524716,0.1324354,0.07050943,0.023808708,-0.010583184,0.018200576,0.03743117,-0.015787354,-0.03518927,0.015329312,0.0036698936,0.004285088,-0.0066043492,-0.003737363,0.0040115225,0.0007802635,-0.0038746677,-0.000750938,-0.0075895353,-0.011605572,-0.009572097,-0.00273147,0.0013906684,angry,03-01-05-01-01-01-09.wav
-767.7654,56.672207,10.499777,22.087452,14.7288475,5.879609,-0.6909067,-4.5223327,2.9432158,3.354796,0.013736308,2.4980555,0.3479981,0.5352151,0.4372804,0.1322195,0.116097204,0.04752034,0.042466003,0.024453692,-0.00093599304,0.02328237,-0.0033794597,0.019002775,0.0167442,-0.016908916,-0.098945275,-0.038501263,0.009279986,0.012549219,-0.0012163628,0.0026552982,0.01806288,0.023282327,0.0071441475,-0.026883153,-0.023741338,-0.0062139696,-0.0028745406,fearful,03-01-06-01-01-02-09.wav
-527.4577,57.259068,-1.100588,11.988393,11.598547,-4.440003,-8.07171,-1.6003798,-10.911636,-3.3892937,-1.2096562,-11.50258,-5.050453,-0.4161331,-0.103122056,0.18641019,0.08892092,0.12113778,0.11914071,0.15504657,0.110675216,0.081862316,-0.0024147918,-0.010663148,0.14308853,0.028958334,-0.40393168,-0.18768889,0.08902686,0.016656892,-0.008459052,-0.015010674,0.016916797,-0.0056084464,0.006663006,-0.042814624,-0.048545394,0.032528438,-3.1200478e-05,fearful,03-01-06-02-02-02-09.wav
-348.84225,44.645103,-16.036463,1.0627897,-0.5132763,-11.053703,-10.632243,-5.5894265,-3.8838983,-4.8841014,0.8322527,0.19775286,-0.3167307,0.014483416,0.020573772,0.020817792,0.021126408,0.02137823,0.021447722,0.021235794,0.020695359,0.019842582,0.018754495,0.017550575,0.016365051,0.015315376,0.0033065958,0.004645381,0.004558611,0.00443204,0.004288073,0.004150094,0.0040367907,0.0039577098,0.0039111045,0.003884499,0.0038580403,0.0038094646,0.003719849,angry,03-01-05-02-02-01-09.wav
-760.2657,68.53182,7.1226325,23.89694,11.982924,3.060479,-0.51228166,-3.180614,-2.4330592,-2.6426299,0.29594326,-3.0723014,1.999847,0.613702,0.3385741,0.14926773,0.12685102,0.13497563,0.06257313,0.0045883623,-0.02122757,-0.01556907,0.0391985,-0.019650796,0.01728967,0.011433379,-0.013902461,0.01531908,0.0031726528,-0.008039426,0.010747968,-0.013979842,-0.006820076,-0.0110811535,-0.01439976,0.009863122,-0.009796565,0.0066885296,0.0034446255,disgust,03-01-07-01-02-01-09.wav
-818.4442,65.69397,22.811378,25.594542,16.57482,14.811615,3.6288106,-5.5072656,0.5155329,7.207807,0.21091487,2.867779,4.398376,1.3295027,0.32294187,0.16864307,0.19247478,0.1026436,0.11483466,0.0102679,-0.02269597,0.02572387,0.08916737,-0.008064067,0.08793447,0.061999783,-0.13726173,-0.014111365,-0.0070135514,-0.009202163,-0.016612217,-0.0054443595,0.00038316948,-0.008997243,-0.020632923,-0.018372994,-0.016256718,-0.015645498,-0.008355416,sad,03-01-04-01-02-02-09.wav
-691.72363,72.82427,1.582388,23.957737,20.149065,3.8059263,-10.925496,-5.8496537,-5.666183,-1.8640176,-3.0506625,-8.811733,-2.926363,0.42428064,0.16789494,-0.07517753,-0.024713079,0.017501974,0.0035001314,0.006592209,-0.004646107,0.0001959039,0.039061558,0.036629844,0.04619117,0.08523494,-0.01508356,-0.02238661,-0.00092406245,0.0058897478,0.0064879395,0.008466969,0.00797576,0.0013807849,0.007086218,0.006063117,-0.009996333,-0.017135521,-0.0087492,sad,03-01-04-02-01-02-09.wav
-700.4368,73.7612,1.559893,17.243435,10.371039,-4.9570765,-0.91618824,-2.3250701,-1.489497,-6.0957212,-4.985414,-3.9980462,1.6110075,0.51579666,0.34848687,0.08637592,0.13048103,0.010739308,0.057194605,-0.011797876,-0.026188225,0.019588664,-0.028895283,-0.021049682,-0.03271551,-0.0328037,-0.19735116,-0.021542298,0.033800177,0.001813039,-0.004315405,0.038557343,0.012469798,0.024013015,-0.0062527233,0.024331614,0.010566559,0.011764171,0.006375953,disgust,03-01-07-02-01-01-09.wav
-476.48523,79.28908,-18.318943,4.3866243,9.305143,-16.612246,-17.430653,-7.1063943,-18.55597,-4.8507786,-2.107836,-6.917914,-5.0306377,-0.17552719,-0.12711194,-0.020769438,-0.053936165,-0.028715493,0.013053427,0.00453576,0.0048041027,-0.0032437642,-0.032593153,-0.029077275,-0.00473227,-0.01223597,-0.25138932,-0.1678284,0.03238372,-0.006951348,-0.01664131,0.033085585,0.021938328,0.019267771,0.028953372,0.0028407786,-0.0060874056,0.0021996028,-0.010385185,happy,03-01-03-02-01-02-09.wav
-650.5559,66.44662,-4.6175385,14.589339,13.41149,0.89103884,-4.8582196,-11.165369,-7.9815845,3.4555354,-4.8051286,-5.022704,1.3854232,0.328067,0.28980285,0.051655628,0.0480254,0.11832538,0.068957,-0.036587574,-0.056278635,0.021871999,0.049886577,-0.017396176,-0.039830945,-0.0011170959,-0.078069866,-0.05108097,0.030234655,0.024025766,-0.017310768,-0.00908212,0.032452255,0.040173456,0.0054265545,-0.010158086,0.0076606018,0.0071231285,-0.011528183,happy,03-01-03-01-02-02-09.wav
-774.4514,77.8684,14.380868,21.008358,13.392019,4.733255,1.3457329,-1.6802934,5.3074985,2.4862683,-5.6910257,6.45156,2.3873448,0.83136386,0.44869322,0.17869897,0.10862972,0.052624937,0.03992307,0.024800634,0.0067179236,0.03602477,0.058501355,-0.053562094,0.013399514,0.029071743,0.0050873514,0.012522101,0.018173166,0.015128229,0.007747155,-0.005543128,-0.0035332493,0.0047639688,-0.0018995218,0.009015158,-0.0069131386,-0.011784657,-0.01505228,neutral,03-01-01-01-01-02-09.wav
-464.53906,38.816082,-14.36377,5.4215074,7.988402,-6.833978,-10.916377,-5.782842,-14.626412,-0.10943794,-6.377495,-3.1681569,-2.237942,0.004157921,0.0058789933,0.005877854,0.005875897,0.0058731725,0.0058696177,0.005865221,0.0058599077,0.005853554,0.005846284,0.0058378926,0.00582835,0.005817599,-0.0008651622,-0.0012228644,-0.001220457,-0.0012164472,-0.0012108552,-0.0012036856,-0.0011949741,-0.0011847592,-0.0011730744,-0.0011599358,-0.0011454062,-0.0011295282,-0.0011123434,happy,03-01-03-02-02-01-09.wav
-698.05286,96.59705,11.395731,18.545223,20.758558,4.8262625,-4.267111,-5.396046,-10.633761,-1.4014149,-2.1504571,-0.1832162,1.5968102,1.1265024,0.7373819,0.08421147,0.07657686,0.08229886,-0.05773759,-0.12388477,-0.07794812,-0.04384768,-0.04388949,-0.10311467,-0.05490795,0.0045981524,-0.13676032,-0.021982552,0.03178129,-0.020369262,-0.03624774,0.015873685,0.032525938,0.023647042,-0.008081777,-0.0071113864,0.011824835,-0.007689514,-0.0124917785,happy,03-01-03-01-01-01-09.wav
-763.7809,66.20733,16.178612,20.421858,13.010476,6.7123027,0.087843895,-4.4293265,-0.3224289,1.7138634,-5.461928,2.2052736,0.13145822,0.7214906,0.36593807,0.1665655,0.1694819,0.09060068,0.14240511,0.09388471,0.028915724,0.039730575,-0.0047798688,-0.013835748,0.038727123,0.00059573515,-0.008297483,-0.002708806,0.0015586582,0.009764652,0.0010324129,0.004594573,0.00032228976,-0.0018994731,-0.005297763,-0.009387409,-0.0032528068,-0.0041859653,-0.0025445537,neutral,03-01-01-01-02-01-09.wav
-714.13275,66.18531,8.013326,21.495272,12.310168,0.010786268,-0.84379023,-2.1564755,-1.5477678,-1.9567351,-5.0205193,-0.62079924,-2.8991368,0.17048696,0.18574913,0.1055995,0.09563505,0.057116296,0.017174356,0.014703699,-0.0007127979,0.00022597601,-0.012443338,-0.036601957,-0.031358987,-0.03679336,-0.019939482,-0.011538013,0.0025718997,0.0020216587,-0.0058536497,-0.013893577,-0.006110313,-0.00045367656,0.0011671854,-0.0016503134,-0.0073667294,-0.0053545693,-0.010144591,surprised,03-01-08-02-02-02-09.wav
-762.8508,71.743675,7.8898087,18.871786,14.91997,-0.7533249,-1.006464,-2.8688893,3.000587,-1.139419,-3.7743967,1.1829447,-1.0596209,0.2913193,0.30102116,0.12806429,0.05042843,0.029291153,0.03159495,0.059872184,0.059320346,0.04031507,0.015573848,0.023028215,0.011069425,0.0014152394,-0.05333608,-0.03314154,-0.00431279,-0.009658489,-0.014418568,-0.013094566,-0.009408654,-0.00021594431,0.002287944,0.0013751326,0.010083296,0.010373844,0.0014866367,surprised,03-01-08-01-01-02-09.wav
-768.16254,60.82282,18.165966,22.787415,16.37056,11.338635,3.1976018,-2.2371616,4.5240316,6.088352,0.20464909,6.463559,3.1884863,0.011620915,0.07840765,-0.037706483,-0.030723965,-0.06880749,-0.04957064,0.00062280544,-0.06270496,-0.10559263,-0.10451621,-0.10171545,-0.08030717,-0.04280296,-0.04741882,0.036144663,0.012624983,0.0045062117,0.010835518,0.016088929,0.013978316,0.0034747897,-0.00586389,-0.016495015,-0.008929405,-0.0063616503,-0.0061023273,fearful,03-01-06-01-02-01-09.wav
-639.24457,64.33489,-2.1492946,16.705063,20.11579,0.52668554,-1.4200556,-5.7207727,-7.8322277,1.9592952,-1.3867825,-5.6571813,2.5884075,0.18003078,0.18693253,0.08166474,0.015163347,-0.023356419,-0.036651947,-0.04067397,-0.039359696,-0.05330194,-0.06123017,-0.054426618,-0.044324327,-0.032023955,-0.013105698,-0.0011444715,0.013023214,0.00574964,-0.004763111,-0.004817782,-8.676664e-05,0.0038386364,4.6323326e-05,-0.003924267,0.0001971784,0.0024243633,0.0003983476,angry,03-01-05-01-02-02-09.wav
-372.0478,50.743774,-19.757572,3.0540452,2.2442718,-10.231513,-6.5682096,-6.5028667,-6.7709947,-1.6253167,0.38355887,-0.20298402,-2.0468285,0.021996059,0.031561542,0.031095259,0.0308144,0.031041782,0.029793745,0.029958935,0.029552858,0.027933793,0.028595928,0.027278468,0.025841566,0.02680399,0.0013275146,0.0013578479,0.0010984982,0.0014554394,0.0012293827,0.001063465,0.0012451072,0.00086790597,0.00068557553,0.0013239888,0.0011618774,0.0005278262,0.0010900059,angry,03-01-05-02-01-02-09.wav
-589.099,75.15608,-3.162014,22.801453,19.725555,-4.970696,-9.8460865,1.6935703,-6.049455,-4.7055435,-1.4050753,-4.884601,-5.6614223,-0.07890538,0.2188731,0.29718918,0.020652203,-0.0042719566,0.0756904,0.13189036,0.009492479,0.047634315,0.10991211,0.020513732,0.036671285,0.050676126,0.013039822,0.02309077,0.009227739,-0.013479825,-0.02420716,-0.012617605,0.0027445673,-0.012489354,-0.008497676,0.0011678381,-0.0003086039,0.00303115,0.00038580212,fearful,03-01-06-02-01-01-09.wav
-804.2479,74.03578,12.956501,24.366169,19.558754,11.488703,1.0651054,-7.8167233,-1.1958168,4.0783606,0.5834854,1.8997864,3.5258665,0.0131604355,0.17877835,0.09375697,0.033538483,-0.0817869,-0.109753184,-0.0783677,-0.12166241,-0.08950046,-0.0016346113,-0.048448987,-0.040930565,-0.021174256,-0.03304386,-0.007833989,0.00896381,0.0072745197,0.024421586,0.020434484,0.028464653,0.016015455,-0.0037876004,0.0034690148,-0.0025371322,-0.0012910304,0.0048678205,sad,03-01-04-01-01-01-09.wav
-730.17676,77.21654,-6.209063,19.956032,13.543462,-3.9027617,-7.1913786,-7.107752,-0.101062424,0.19190362,-2.6600523,-1.7468221,-0.7433457,0.9277168,0.45577952,0.009877009,0.16835666,0.077556446,0.0014509239,0.007226513,0.0060444004,0.047439873,0.042784862,-0.029095845,-0.017447364,0.057161357,-0.2426636,-0.062007625,0.05041386,-0.016413102,0.014154805,0.023505878,0.038047038,0.015756363,-0.02646058,-0.012622196,-0.011187597,-0.0056881215,0.003400257,disgust,03-01-07-01-01-02-09.wav
-639.74066,86.213905,-7.4242086,16.427103,13.267608,-5.665537,-1.3517294,-2.9703135,-6.156295,-1.1269785,-0.8836647,-6.6842904,-1.603412,-1.2119076,-0.55751127,0.33339912,0.0067736674,0.074253075,0.103208445,0.081990786,0.06353014,-0.032674473,-0.0008992721,-0.050793383,-0.077775665,0.056022093,-0.15918452,-0.02852633,0.05626879,-0.029030582,0.02133604,0.0072848187,-0.009613332,-0.010454648,-0.029108604,-0.019623533,-0.010699209,0.003428268,0.018123211,disgust,03-01-07-02-02-02-09.wav
-708.5314,71.50529,4.005207,22.027151,16.016226,5.842576,-9.575227,-8.601708,-8.306001,-0.13405974,-3.7059078,-10.606948,-3.664412,-0.27432445,0.03660042,0.20734166,0.034576803,-0.11218886,-0.044288635,0.097216144,0.06538703,-0.019148944,-0.05938906,0.046361372,0.06551613,-0.049636338,-0.05419849,-0.019999918,0.011854704,-0.0008041722,-1.5700698e-05,-0.011788014,-0.01606242,-0.0035224531,0.002226711,0.0017346409,0.0019858228,0.006638936,-0.001699268,sad,03-01-04-02-02-01-09.wav
-736.1229,92.02211,21.974056,31.902098,22.148632,9.448862,5.301554,5.607601,6.9287567,6.6251793,-0.13331637,8.490708,6.154467,-0.4388798,-0.11464799,0.03252281,-0.055789858,-0.042935878,-0.092730634,-0.03511889,-0.07717921,-0.07416102,-0.04069438,-0.047593854,-0.0784623,0.008313998,0.15731929,0.09929469,-0.0029691602,-0.008455478,-0.014531573,-0.005457588,-0.006609436,-0.010396555,-0.008825177,-0.0050901193,-0.0060326387,-0.003505786,-0.00064136286,neutral,03-01-01-01-01-01-09.wav
-706.23627,68.20473,5.6514673,14.952039,16.743828,4.5724545,-4.644878,-4.6024795,-3.4521914,3.1945791,-6.3470783,0.50394595,-0.49199384,0.2316489,0.23956369,0.087716445,0.049061276,0.075346164,0.046298552,-0.008339702,-0.014139028,0.013588647,0.030653847,0.020198595,-0.0075777327,-0.016996317,-0.026127536,-0.017615752,-0.0057561216,-0.0048060133,-0.0017507226,-0.005553299,-0.0015993719,-0.0017758583,-0.0041260454,-0.00028718996,0.00030184293,-0.0038665617,-0.009806442,happy,03-01-03-01-02-01-09.wav
-480.8839,56.8582,-17.446117,2.633607,7.5450387,-12.68466,-15.042939,-7.816285,-14.532588,-1.8004783,-1.3633707,-4.4582915,-5.008393,-0.10218446,-0.0682264,0.000434267,-0.036549002,-0.059752904,-0.04348948,-0.041547295,-0.06802174,-0.06817819,-0.033257414,-0.022111835,-0.034740716,-0.042033162,-0.12276775,-0.085611835,0.03341788,0.037493523,0.0011722413,-0.0014020636,0.019709168,0.037398767,0.022562526,0.002686216,0.01272423,0.017385568,0.0057015535,happy,03-01-03-02-01-01-09.wav
-748.5712,72.617714,7.1059465,17.94434,12.53586,0.31413218,-2.2314174,-5.2972574,-3.5439548,-1.1460668,-5.0762925,-0.63585615,-0.8705943,0.3547908,0.30006045,0.12103999,0.12455552,0.09301973,0.068005666,0.028243417,0.027141597,0.032929003,0.007853988,-0.0040519894,0.0010986392,0.018177211,-0.02833731,-0.019481275,-0.0132693155,-0.0025822732,-0.0049374774,-0.009565933,-0.017181814,-0.0058261757,-0.0045088283,-0.0135975,-0.009274821,-0.0058375844,-0.0052600154,surprised,03-01-08-01-02-02-09.wav
-702.41614,76.88889,14.526176,24.579586,18.013536,1.1452065,-0.61717623,-0.8021572,4.786394,0.019176077,-0.4326992,3.4558105,0.5393386,-0.16807026,-0.10489817,-0.15066528,-0.23914593,-0.22456166,-0.19721842,-0.14295615,-0.13647689,-0.1565021,-0.12504716,-0.09922905,-0.06686072,-0.028806463,-0.025059396,0.0081981225,-0.005574783,0.003704384,0.0070859795,0.010343233,0.013376473,0.0060693678,0.011847467,0.0022574286,0.0063624084,0.007405807,0.00078653434,surprised,03-01-08-02-01-02-09.wav
-660.5469,74.53181,-0.11871577,21.378948,11.625083,-4.6467075,-2.1156256,0.51375747,-3.935819,-3.9737206,-3.510933,-3.9011817,1.2604815,0.11874569,0.17577118,0.16503076,0.11328286,0.067642584,0.054868486,0.041362945,0.011617953,-0.0018329994,0.013101456,0.019450113,0.0007658702,-0.011820494,-0.015496706,-0.010775862,0.003546378,0.002005172,-0.0020794743,0.0023270948,0.003812673,-0.003003957,-0.004940504,0.0035833358,0.0076814094,-0.0004430043,-0.0071655316,disgust,03-01-07-02-01-02-09.wav
-708.2432,84.343025,6.3724127,23.965912,18.191729,5.167454,-8.311118,-8.154005,-8.851384,-2.0212903,-0.28856495,-8.614777,0.12835164,0.9122772,0.4732659,0.16451447,0.15288734,0.14617153,0.12702307,0.06601516,0.04384642,0.030418755,0.02465324,0.023881784,0.0136514045,0.023696879,-0.079506874,-0.060701467,-0.02808805,-0.040276688,-0.043278273,-0.022883287,0.0005437809,0.00969536,0.009539236,0.0069485456,0.01064554,-0.0023046657,-0.008750949,sad,03-01-04-02-01-01-09.wav
-793.2345,54.19791,13.4121,18.525732,11.431909,12.058417,0.7700096,-7.2473435,-2.326805,1.838298,-1.2233762,-1.3986659,3.054113,0.25891444,0.16649477,0.012103697,0.010298022,-0.07420837,-0.075754285,-0.075726286,-0.10785967,-0.063634224,-0.06403965,-0.076684736,-0.067378625,-0.05032364,0.076310106,0.035735365,0.031014604,0.028036224,0.013545549,0.02990275,0.02744634,0.01594544,0.016588757,0.01737577,0.017699389,0.013470322,0.009308533,sad,03-01-04-01-02-01-09.wav
-679.42804,71.56426,-1.2502508,27.961924,12.567528,1.3154104,-7.7639594,-13.081204,3.4559338,-1.0308263,-2.742611,-0.21598484,0.73585105,0.15578996,0.23701249,0.18644767,0.09157139,0.068517946,0.061378114,0.05420629,0.045826633,0.016478442,0.006333802,0.012279069,0.008997469,0.014832659,0.02991603,0.014739938,0.0034553371,0.015264213,0.011847071,-0.0018184428,-0.002429541,0.011543606,0.010987496,-0.0073342235,-0.0018363615,0.0097889025,0.003935736,disgust,03-01-07-01-02-02-09.wav
-349.67084,42.818672,-17.762695,-1.4405055,-2.0704548,-8.561678,-5.4271245,-7.3312984,-1.5551323,-3.260434,1.9374986,0.18694972,-1.5727235,-0.097891875,-0.05694926,0.07530576,0.09193972,0.014624329,-0.0044092024,0.07285016,0.12664953,0.07698353,-0.007261986,-0.03263817,-0.009357974,0.002721084,0.017693952,0.010814656,-0.012154704,-0.014653026,-0.00018231814,0.004739781,-0.0073530152,-0.01703194,-0.0105320765,0.002311921,0.0072681434,0.004736016,0.001862886,angry,03-01-05-02-02-02-09.wav
-559.7779,49.33011,0.005937195,12.543461,9.293218,-4.829167,-7.9153295,0.43498966,-9.587213,-5.126391,-3.165473,-8.303905,-4.5874705,0.3270268,0.21583414,0.0040520257,0.026612172,0.0952547,0.12368844,0.008217185,-0.019352622,0.009991033,0.07076858,0.045748506,-0.056451898,-0.02534711,-0.06053189,-0.038987603,0.0058389185,0.0076307077,0.016943214,0.022532517,0.020004315,0.020935658,0.024291474,0.00857598,0.003118422,0.014973702,0.005806751,fearful,03-01-06-02-02-01-09.wav
-803.2566,57.53709,9.824237,19.6487,14.7189245,6.3337255,0.47146195,-1.4685003,3.8797731,2.0546668,-1.6835198,3.9990926,1.4093126,1.0972441,0.4222248,0.16219842,0.15389623,0.06246706,0.03790606,0.04412875,0.030194819,0.023841593,-0.022250231,-0.03564471,0.014943401,-0.0018426937,-0.048770256,-0.0034455,-0.012752338,-0.014707559,-0.002838314,-0.012293554,-0.004638627,-0.0005870644,-0.0043539978,-0.0092485985,-0.0117051685,-0.012256399,-0.012179305,fearful,03-01-06-01-01-01-09.wav
-674.9629,68.09888,0.98026025,18.68076,20.181646,5.3376946,-2.0390625,-4.20572,-2.818906,3.0021517,-0.21518308,-1.3703904,3.6611507,0.48022026,0.45308784,0.1712324,0.12724872,0.1596327,0.12584403,0.040197726,0.017815089,0.058485057,0.10572613,0.08016341,0.019668523,0.016665371,-0.0018963752,-0.0016413804,-0.016715346,-0.015715271,-0.01498993,-0.020468853,-0.020401955,-0.015783409,-0.008446769,-0.0018521828,-0.0056126383,-0.0115226135,-0.010505978,angry,03-01-05-01-01-02-09.wav
-762.6613,78.36314,16.64151,22.067526,18.315632,8.710409,2.8984895,1.9532106,4.4592047,3.771004,-0.8179148,5.7424226,2.4349644,0.37276763,0.35359472,0.07320989,0.011100568,0.030185025,-0.018652264,-0.034438856,-0.037721775,-0.0575263,-0.051229775,-0.047428425,-0.019187005,-0.054803964,0.008383565,0.026933294,0.015904432,0.017339801,0.015141875,0.0018610058,0.01032219,0.0044162096,-0.00040439735,0.000718454,-0.005578328,-0.0014662818,0.0033145784,surprised,03-01-08-01-01-01-09.wav
-727.1127,66.059135,13.472497,19.291088,11.279463,4.0854154,-1.534409,-1.9304062,-1.1815917,-4.6174836,-3.9721265,-0.92568046,-3.2159452,0.20111728,0.21115631,0.13047019,0.12602566,0.098137565,0.056232505,0.026365735,0.02827076,0.016467704,-0.02772797,-0.012483078,0.027231548,0.01346026,-0.03130924,-0.021567818,-0.011572425,-0.0053251423,0.0020048406,-0.0051934784,-0.0023523155,-0.00023385943,-6.450034e-05,-0.0018819562,-0.0021372116,0.0023364923,0.005999435,surprised,03-01-08-02-02-01-09.wav
-700.6417,82.07693,9.283639,28.763704,18.899244,7.049788,-5.476059,-9.066193,-8.49226,1.060913,-3.3077433,-11.571926,-1.1155972,-0.22933248,-0.08759642,0.17878321,0.100254014,0.0398756,0.11941483,0.15004078,0.08554555,-0.049781103,-0.14395358,-0.0982989,-0.053428262,-0.045445237,-0.045511793,-0.033160094,-0.042412512,-0.043202765,-0.030381288,-0.036317814,-0.0093248375,0.0073224334,0.0042287833,0.0172283,0.021721143,0.022137688,0.0036499037,sad,03-01-04-02-02-02-09.wav
-653.64764,74.02552,-3.9471662,21.783476,11.605717,-2.0698552,0.36317018,-4.340038,-3.9287481,-3.5583298,-2.8631346,-4.797395,-1.2190157,0.03535957,0.041878983,0.020926116,-0.0019958422,-0.014650447,-0.013769657,-0.0049126367,0.0045063463,0.00878718,0.005674105,-0.0012194769,-0.0052624242,-0.0037206798,0.030993355,0.005464269,-0.020869887,-0.012625902,-0.017581154,-0.009177935,-0.003528883,-0.006380129,-0.0035584173,-0.0077919634,-0.0068180794,0.0016135009,0.002631271,disgust,03-01-07-02-02-01-09.wav
-723.4064,83.10357,-4.8652196,18.083227,12.602726,-0.47872156,-7.168428,-7.325751,1.1405993,-1.4299744,-2.9543161,-1.3579042,-0.7247629,0.36847317,0.34280947,0.094429895,0.059558064,0.09166349,0.05936611,0.0141796805,-0.004890429,0.0073029296,0.034134917,0.015459294,-0.03533308,-0.025690578,-0.011743091,-0.008455802,0.0036984398,0.0046295957,-0.0014445409,-0.0010812477,0.0041209986,0.00017252179,-0.007743473,-0.0043355464,0.0031097154,-0.00046480604,-0.0028272828,disgust,03-01-07-01-01-01-09.wav
-822.64264,56.3403,10.158319,18.47137,12.467964,8.534565,-3.7739651,-6.4877744,0.062324267,0.671278,0.012683485,1.1599808,1.968835,0.28947315,0.24063796,0.12159893,0.091231875,0.06896033,0.065450795,0.017858857,0.003363718,0.0042633275,0.029104136,0.028215092,0.018674517,0.024217952,0.034733076,0.019533487,0.0056047426,0.009923235,0.012179383,0.010795084,0.00699063,0.005514058,0.0018067455,0.006078429,0.0046082633,0.0060260138,0.012414257,sad,03-01-04-01-01-02-09.wav
-694.7694,55.743496,3.9667814,23.68012,17.474352,2.2950811,-3.281504,1.6077715,-0.5113795,-1.2884476,-1.016993,-2.5813468,-6.830816,0.8192961,0.351703,-0.11329359,0.0077731083,0.03774946,0.0073054023,0.002603788,-0.0073800865,-0.02366045,-0.013239746,-0.013867889,-0.12480761,-0.12105033,0.030563628,-0.0022961705,-0.036750425,-0.015010042,0.005473509,0.00793705,-0.0010217594,0.0010883166,0.0022775661,-0.0033602573,-0.0018480207,-0.007025942,-0.012774522,fearful,03-01-06-02-01-02-09.wav
-361.3976,48.584114,-17.521996,4.207381,3.4910011,-9.708622,-7.4286156,-3.291482,-5.6283445,-0.28187907,0.71575636,-0.46756232,0.17258313,0.01087747,0.014952823,0.014300649,0.01426491,0.014494385,0.01411666,0.013297872,0.013004954,0.013375852,0.013484525,0.012891653,0.012329904,0.012380434,-0.0010558338,-0.0011069193,-0.00058618403,-0.00075086736,-0.00120841,-0.0010589238,-0.00047301082,-0.00041436768,-0.0009882341,-0.0012627578,-0.0008614209,-0.00058008474,-0.0009833262,angry,03-01-05-02-01-01-09.wav
-585.8362,58.271313,-8.782108,12.954035,17.98696,-1.5246334,-1.3434957,-6.4021688,-11.695985,0.6267042,0.7813692,-4.749986,1.6323026,0.020990217,0.028104035,0.024782097,0.022267431,0.021129964,0.01929231,0.014985748,0.009794555,0.0073680994,0.008694421,0.010156483,0.0077757747,0.0024062062,-0.03064684,-0.03440312,-0.018344702,-0.012252243,-0.016373847,-0.016479775,-0.006710057,0.0017988312,-0.0017253894,-0.011659324,-0.0148826605,-0.009727207,-0.006426795,angry,03-01-05-01-02-01-09.wav
-797.6689,53.278637,15.852629,23.180864,11.181984,6.4737997,1.3126197,-5.5416336,-0.45975,2.558483,-0.017505085,3.116382,-0.3619582,1.3425324,0.37728044,0.18459165,0.19610599,0.07666742,0.09784568,0.07399992,0.06876356,0.05453306,0.03573633,-0.018509552,0.0024071091,-0.012170834,-0.10850897,-0.021908298,-0.016150072,-0.006867512,-0.005555451,-0.011792036,-0.016882138,-0.011350686,-0.0013406399,-0.012248174,-0.012265582,-0.006359998,-0.0064991675,fearful,03-01-06-01-02-02-09.wav
-760.3386,71.225006,13.172239,21.12285,11.821007,4.013674,1.3334689,-3.6378193,0.11413084,1.8248465,-4.9535813,3.3389966,0.3813403,0.63912857,0.39021105,0.16749276,0.16803387,0.110732436,0.084376216,0.090851575,0.05975369,0.09013299,0.055063043,-0.028049666,0.04760944,0.007599769,-0.01865389,-0.022493934,-0.013471539,-0.003557941,-0.011782231,-0.014890124,0.002443494,0.00025293656,0.0012590903,-0.003387091,-0.016462171,-0.008811657,-0.008644497,neutral,03-01-01-01-02-02-09.wav
-664.61725,76.90651,1.4158583,15.875766,19.001732,0.36348066,-4.1466713,-4.0842724,-2.4926202,3.2975652,-2.0252256,-1.6971812,-1.0314842,0.12455759,0.1158364,0.024459565,0.005045333,0.014419817,-0.011779336,-0.048897088,-0.05079925,-0.020008512,-0.0014372214,-0.015775269,-0.023075432,-0.003708079,0.0041995267,0.014514284,0.028037261,0.025844576,0.011659401,0.009837581,0.02000789,0.019043706,0.007268605,0.0023953223,0.0069526737,0.012757019,0.011991091,happy,03-01-03-01-01-02-09.wav
-506.02274,60.68213,-8.945006,6.156165,10.142997,-4.1607766,-9.935587,-10.763996,-15.684214,-1.4575965,-4.2521706,-3.868325,-0.55770475,0.44121057,0.11014542,-0.2162432,-0.069629446,0.016415881,0.028259328,-0.072796114,4.4921777e-05,0.037490174,-0.019687988,-0.06413361,-0.005003768,0.041883234,0.16038744,0.09471136,-0.019854,-0.0034331556,0.011685545,-0.0014256192,-0.036722552,-0.02678104,-0.00042391676,0.012608856,0.011345293,0.01975384,0.022712886,happy,03-01-03-02-02-02-09.wav
-451.84018,48.623047,-11.483981,5.861837,8.803364,-10.313653,-16.78572,-3.5848484,-7.820214,0.055020344,-4.183503,-3.263661,2.8687074,-0.35497513,-0.10118457,0.24753833,0.10561778,0.022058487,0.07397442,0.101424,0.061926596,0.041396923,0.009483292,-0.041810002,-0.04109284,-0.0036527277,0.012182035,-0.011749524,-0.026392747,-0.0050231805,0.0031651086,-0.00063333026,-0.005720805,-0.0030469417,-0.002776212,-0.0016629411,-0.0019623744,-0.010880879,-0.01394368,happy,03-01-03-02-02-02-07.wav
-636.4077,77.046036,-5.493263,14.967543,8.586665,-6.111676,-7.806066,-8.928539,1.5642301,-1.0575182,-5.099205,1.8876492,2.3199127,0.25137085,0.3797109,0.28350398,0.0730537,-0.0028036754,0.057102624,0.12606204,0.077029705,-0.08091821,-0.115627505,-0.0146618625,-0.00886377,-0.031443715,-0.048068255,-0.030260468,0.014031121,0.00914354,-0.0028058689,-0.001123569,0.005810747,0.006931316,-0.0076049822,-0.021030491,-0.018922543,-0.013081816,-0.009104076,happy,03-01-03-01-01-02-07.wav
-647.5503,72.78343,12.891841,16.450842,8.964961,-0.87523687,-6.944928,-7.2962747,4.6732965,-5.89997,-1.5077093,1.1568074,2.0812635,-0.3227196,0.51239127,0.2889702,-0.11058907,0.024227688,-0.028821768,0.06549935,0.09691418,-0.1522892,-0.008632399,-0.02647432,-0.010331806,-0.13056912,-8.323622e-05,0.007488467,0.013991609,-0.005835376,0.010982313,0.015948964,0.013155375,0.01784401,0.009432062,0.003956054,-0.0076265396,0.00057062303,0.0066669877,neutral,03-01-01-01-02-02-07.wav
-525.3845,44.213985,1.1774427,8.841893,2.0408647,-10.518717,-11.621033,-11.430614,-5.877294,-5.119501,-8.303649,-1.7527883,-3.7489984,0.13546938,0.12427592,0.07823775,0.06300463,0.026930239,0.01822432,-0.023173314,-0.0516514,-0.042535115,-0.0023872324,0.011727237,-0.007054918,0.0018945028,-0.025929585,-0.030612567,0.0012374425,-0.008957368,-0.02400282,0.0041673486,0.029090226,0.013433455,-0.0049110404,-0.0006578353,0.0011505136,-0.01876866,-0.029791484,surprised,03-01-08-02-02-01-07.wav
-636.30176,65.80612,6.5092373,12.24987,6.8765273,-8.013875,-4.943942,-9.711286,-1.3166357,-2.7536213,-6.2326736,-1.4256806,-2.5779772,0.2949699,0.3348726,0.16474627,0.046315216,0.02515419,0.03503741,0.01730177,-0.020178365,-0.03925624,-0.02430472,-0.004607156,-0.010875956,-0.027691724,-0.02703665,-0.024753207,-0.0056729508,-0.003089663,-0.0065756543,-0.0063591506,-0.006121117,-0.0074901883,-0.006952881,-0.002154293,-0.00040763855,-0.0059996503,-0.0088310195,surprised,03-01-08-01-01-01-07.wav
-641.8527,43.289642,1.7896099,5.8378873,2.0314202,-9.491835,-13.072909,-14.39013,-8.416283,-7.0812445,-8.63722,-3.1306152,-3.3830032,-0.057307415,-0.019881679,0.042904645,0.03780915,0.020381784,0.023970434,0.02950543,0.02432486,0.01042272,0.0072197067,0.023811942,0.017479876,0.031039715,-0.03433282,-0.02722132,-0.0060010822,-0.0011192324,0.0022622782,0.008151998,0.012054713,0.014526157,0.011134338,0.0038622569,0.005316616,-0.000884835,0.0018536939,fearful,03-01-06-01-02-02-07.wav
-588.7124,56.84023,5.9468565,16.410358,7.3068676,-4.181266,-1.9918596,-9.588319,-5.645373,0.27694976,-4.411617,-2.3489382,5.057839,0.110438526,0.14504802,0.118157886,0.08902562,0.06641616,0.048934255,0.030635834,0.010396329,-0.0055999644,-0.010569952,-0.005088806,0.0026660985,0.004607807,-0.00053029804,-0.00091107044,-0.0011869924,-0.0011365414,-0.0005432712,0.00019931655,0.000290799,-0.00062784983,-0.0018023676,-0.0018500214,-0.00020736078,0.0019907139,0.0028194762,angry,03-01-05-01-02-01-07.wav
-430.61908,43.367043,-4.660624,14.156895,9.494504,-10.049196,-4.9433513,-1.1130356,-5.437209,4.2757277,-0.47792014,1.7620087,5.7402787,0.03286,0.048514795,0.053333748,0.061345484,0.07698969,0.09890402,0.11280796,0.10363581,0.073034264,0.03662107,0.005349141,-0.021096377,-0.04235163,0.031858616,0.040625423,0.0301045,0.018776651,0.009687696,0.0031777956,-0.00058930804,-0.001259654,-4.2349866e-06,0.00096801686,0.0011049662,0.001793443,0.0033986003,angry,03-01-05-02-01-01-07.wav
-520.04315,31.62373,-11.594006,2.5805993,-3.0210807,-18.587263,-10.290366,-5.427503,-10.424314,-7.8268905,-4.334054,-8.302431,-3.965487,-0.036024373,-0.014868723,0.02808202,0.0065030544,-0.028053563,-0.0078098043,0.029297365,0.018864226,-0.019250667,-0.024234938,0.0058031543,0.016934983,-0.010251821,-0.0060752933,-0.015229421,-0.003726538,0.0043338696,-0.005800368,-0.0016107655,0.006951358,0.0060112188,0.00030567287,-0.006203108,-0.00309824,-0.0017915941,-0.005691348,fearful,03-01-06-02-01-02-07.wav
-694.7864,80.92776,7.7761917,17.321959,14.979085,-1.1099131,0.55913115,-9.924978,-3.530226,0.9500601,-3.3024004,-0.14873336,4.2297373,0.34847182,0.32670334,0.06293122,-0.009702444,0.030587269,0.029588576,-0.033066366,-0.09275424,-0.08783898,-0.047123365,-0.03157603,-0.007330693,0.010295455,-0.02540413,-0.023055248,-0.0047506522,-0.0022629132,-0.0046564555,0.00056516664,0.0026272903,-0.0004936365,-0.008811169,-0.0116471555,-0.0047455495,-0.004012206,-0.009621565,sad,03-01-04-01-01-02-07.wav
-686.0836,50.24728,7.8531957,13.398187,4.2547894,-8.367795,-6.4519424,-3.510214,-1.3203635,-3.6914265,-1.4087638,-1.7648069,-1.908646,0.121121675,0.15806702,0.12659803,0.09283449,0.06653964,0.047428444,0.031238819,0.019113455,0.01742874,0.025196936,0.031589266,0.029553376,0.022036428,-0.001765195,0.0004902385,0.003895155,0.0022175172,-0.0004456308,4.4950473e-05,0.00056324754,-0.0009526836,-7.130118e-05,0.00459593,0.0072277146,0.0044791107,0.0003725228,disgust,03-01-07-01-01-01-07.wav
-581.76074,59.009537,17.096273,21.25344,6.5160217,-8.890973,-4.89927,0.2952382,-3.9110134,-6.7271667,2.1571696,-1.492024,-2.6535416,-0.71172225,-0.15731955,0.16520515,-0.0657878,-0.04851791,-0.030585306,0.17270453,0.07310301,0.02274865,0.093565285,-0.07156722,-0.01846957,0.025270618,-0.058298394,0.002227181,0.01621164,0.00012810936,0.0090597365,0.008315547,-2.1988785e-06,-0.0016470022,-0.0031576077,0.0031339803,-0.0028488366,-0.0022604011,0.0028473744,disgust,03-01-07-02-02-01-07.wav
-596.57965,55.796394,1.6499803,11.262543,11.893613,-9.5402775,-14.219031,-6.4509373,-16.124762,-5.0785594,-7.287067,-7.937906,-2.1286304,0.12101819,0.15639825,0.12115766,0.083482884,0.054790955,0.03529381,0.021741109,0.013672633,0.010755711,0.00861095,0.0016448124,-0.010196537,-0.020029757,-0.003274076,-0.005217282,-0.0063737244,-0.0070920736,-0.007136618,-0.006878257,-0.00632929,-0.005134426,-0.003558184,-0.0027623433,-0.0036719579,-0.005813751,-0.00759585,sad,03-01-04-02-02-02-07.wav
-587.6065,48.644344,8.312825,13.077208,6.117894,-10.250266,-6.869985,-6.628063,-4.4790716,-5.078595,-6.2876387,-3.0450401,-3.6921024,0.121605165,0.12183507,0.05917975,0.064471714,0.057148565,-0.019415012,-0.07127063,-0.041690115,-0.020317666,-0.05029366,-0.055297196,-0.0126733715,0.0022740455,-0.03686346,-0.03125241,-0.0028521835,-0.003871951,-0.012421923,-0.002165586,0.006733928,-0.0048544626,-0.014120418,-0.006456414,-0.0024094789,-0.013916495,-0.022869676,surprised,03-01-08-02-01-02-07.wav
-623.5042,63.976326,10.04571,15.080756,8.768374,-8.761827,-2.3443525,-8.56723,-1.198245,-3.79293,-5.966588,0.35763222,-0.35676685,0.22446969,0.2692419,0.16659243,0.08706893,0.064225115,0.072537675,0.07264244,0.04906342,0.011712759,-0.0203058,-0.03347298,-0.026917048,-0.010459925,-0.013326716,-0.01608124,-0.010121041,-0.004731204,-0.00086311606,0.002219516,0.004268043,0.0050350656,0.005280597,0.004543175,0.0011977977,-0.003133745,-0.0034339463,surprised,03-01-08-01-02-02-07.wav
-428.15683,39.477787,-10.19383,10.718497,4.505499,-13.663071,-1.5924313,-6.1257024,-4.6416187,1.7590117,-2.4308283,-2.5606952,3.2542703,0.12399044,0.15991725,0.12515841,0.09221529,0.07043927,0.055126213,0.040732212,0.028248925,0.021082152,0.019290052,0.018738471,0.015096526,0.0092984075,0.021326387,0.027325023,0.020565487,0.013570669,0.008965994,0.0068603395,0.005923967,0.0051816464,0.00448648,0.0038033796,0.002821756,0.0014082958,-7.327074e-05,angry,03-01-05-01-01-02-07.wav
-648.84393,57.47994,-1.1098137,13.015428,7.874677,-5.3717504,-7.460407,-13.254997,-7.9411955,0.5151814,-3.304996,-3.374312,4.265489,-0.23692065,-0.24390002,-0.08232375,-0.031871002,-0.05687702,-0.054141395,-0.03870258,-0.05844644,-0.09820695,-0.10619523,-0.0841699,-0.08895749,-0.096373856,0.05568598,0.05225224,0.013321009,0.0041547557,0.006557375,0.0034004827,0.0008407847,0.0070596123,0.009898248,0.0027355347,-0.005785109,-0.007124336,-0.0065391315,fearful,03-01-06-01-01-01-07.wav
-434.72516,22.329231,-16.36783,0.11344526,-0.5499095,-19.678627,-15.121634,-15.0372305,-11.515545,-7.316682,-9.331518,-3.8137953,-5.549604,0.00019867567,0.00027979637,0.00027971852,0.00027962768,0.00027944605,0.00027932925,0.0002790049,0.00027877133,0.00027844694,0.00027808364,0.0002776944,0.0002772435,0.00027676017,0.00020211245,0.00028558655,0.00028551355,0.00028537892,0.0002852135,0.00028498642,0.00028471719,0.00028439646,0.00028402545,0.0002836054,0.00028313178,0.00028261522,0.0002820439,fearful,03-01-06-02-02-01-07.wav
-366.46887,27.860262,-17.687834,7.0120325,3.7941747,-14.186117,-4.950356,-7.0847754,-13.993525,3.9273558,-3.4952896,-5.883084,0.3690732,0.019918513,0.028262082,0.028516106,0.028859379,0.029192246,0.029412255,0.02943912,0.029235074,0.02881406,0.028238581,0.02760421,0.02701613,0.026563331,0.00013032189,0.00016238472,0.00010252892,1.9630646e-05,-6.5395856e-05,-0.00013097403,-0.0001602039,-0.00014502926,-8.824038e-05,-2.7998246e-06,9.1428425e-05,0.00017255975,0.00022214938,angry,03-01-05-02-02-02-07.wav
-670.7348,52.50115,11.012454,14.246876,6.3150015,-10.523739,-5.1550593,-2.6216717,-3.309077,-6.4102817,-1.1778046,-3.4948723,-1.5416385,0.08930421,0.11996809,0.09927142,0.07321546,0.05315465,0.041617822,0.04100757,0.04057873,0.028464697,0.015345018,0.008934308,0.003184462,-0.00026341825,-0.013468076,-0.012671116,-0.0042856815,-0.0045952094,-0.006053161,-0.005022211,-0.003310626,0.0007691033,0.0014077511,-0.0015100336,-0.0030260927,-0.004228792,-0.0071407324,disgust,03-01-07-01-02-02-07.wav
-706.748,75.68725,10.462437,9.995412,7.7961807,-0.8141417,-3.8673687,-12.025189,-5.3983865,-1.6866537,-5.773629,-4.606046,1.3564936,0.27094504,0.33533642,0.25113794,0.08058958,0.014719776,0.046519704,0.064865686,0.078779235,-0.04067911,-0.13162176,-0.04555904,-0.040524587,-0.06605723,0.013616326,0.016845241,0.009506319,0.017513826,0.0145396255,0.009158032,-0.011263198,-0.025820963,-0.014893597,0.0031119094,0.0149686895,0.010185441,0.009865879,sad,03-01-04-01-02-01-07.wav
-595.3763,73.63094,-8.953109,14.37116,13.750571,-11.537727,-16.592735,-8.30707,-17.779594,-9.041086,-12.127893,-7.3498206,-2.7757711,-0.723966,0.051583055,0.30336568,-0.19550785,-0.15152816,0.02718681,0.26071525,0.1783258,0.091799475,-0.027152767,-0.02389624,0.101959296,-0.06157651,-0.08513859,-0.022699712,0.011330322,0.025569338,0.00078453176,-0.0036344472,-0.0018654753,-0.0064980844,-0.0017856009,0.009901746,0.0073243063,-0.010658186,0.0061185425,sad,03-01-04-02-01-01-07.wav
-576.60394,54.063774,11.296183,20.705832,6.048329,-9.645399,-3.9227545,2.270164,-4.4210744,-3.281112,3.9691947,-1.8321786,-0.14251736,-0.005238262,-0.008207181,-0.01033675,-0.01314883,-0.01595461,-0.01831658,-0.020118767,-0.021443684,-0.022422124,-0.02319602,-0.02397621,-0.02505645,-0.026685735,0.0036184913,0.0052134763,0.0054485635,0.0056927344,0.005809769,0.0057189693,0.005414231,0.0049425187,0.0043717166,0.0037748823,0.0032303904,0.002815933,0.0025819447,disgust,03-01-07-02-01-02-07.wav
-480.7328,64.91248,-11.367149,7.572598,7.9090405,-13.907801,-13.029341,-8.926921,-9.96219,1.3678827,-4.4543056,0.08726975,5.7695665,-0.12814935,0.02742305,0.25306457,0.1783268,0.066780254,0.09172099,0.1770289,0.14225452,0.014057256,-0.002798048,-0.0036849815,-0.06614407,-0.052853726,-0.0052398006,-0.0070663844,-0.0003333442,0.008418105,0.0036633715,-0.011326555,-0.019183464,-0.011891537,-0.00083620806,-0.00046153055,-0.0074369814,-0.012520005,-0.015309624,happy,03-01-03-02-01-01-07.wav
-613.04474,72.07157,-8.338316,14.75273,7.88534,-2.3400495,-10.324597,-10.825143,-0.21125285,0.86042523,-6.8369937,1.2841066,4.6142144,0.23785026,0.509542,0.28204355,-0.03165205,0.016457746,-0.008504388,0.08386133,0.05083313,-0.10608764,-0.064285316,0.0039091567,-0.023675691,-0.10017129,-0.13775851,0.018555366,0.031951267,-0.031386185,-0.018957654,-0.03086181,0.005996506,0.00707095,-0.013253568,-0.0062216884,-0.0012240848,-0.005088956,-0.022234293,happy,03-01-03-01-02-01-07.wav
-650.27673,71.56553,6.6284614,17.708052,10.26493,-2.472069,-5.9334826,-7.738141,2.293481,-4.296726,-3.3096173,-1.1172878,2.49902,-0.22615783,0.6116987,0.2884823,-0.07673415,0.089158975,0.0066184886,0.08612755,0.1619463,-0.044643465,0.025873257,-0.013505067,0.02640117,-0.08972741,-0.007986323,-0.0252873,0.002115072,0.00038107752,-0.006232434,-0.010280354,-0.0056258054,-0.0011192994,0.0010775314,-0.015192355,-0.016824866,-0.0062246732,-0.010495048,neutral,03-01-01-01-01-01-07.wav
-614.6455,59.40789,9.861067,13.462201,4.949957,-9.663008,-5.5047693,-5.1408906,-1.4057177,-4.3616686,-4.4229383,-1.7794766,-2.6858368,0.2223363,0.2741041,0.18465813,0.10500606,0.06307856,0.04619768,0.034964744,0.025603266,0.020548223,0.0147176,0.0015476015,-0.013534984,-0.018330073,0.00912432,0.010447998,0.0062182653,0.0047496282,0.0054717595,0.004690795,0.0018861917,0.0002568372,0.0012179613,0.0018683516,-0.000438846,-0.0036901531,-0.0041667335,surprised,03-01-08-01-01-02-07.wav
-579.27075,47.319576,6.808731,11.002593,3.0304844,-9.848827,-7.4324455,-7.2785573,-3.938252,-4.0085044,-7.676205,-1.0197167,-2.7527056,0.0,0.0,2.5431316e-08,0.0,2.5431316e-08,0.0,2.5431316e-08,-9.536743e-09,0.0,-2.5431316e-08,1.2715658e-08,0.0,0.0,2.5431316e-08,6.357829e-09,1.5894572e-09,0.0,1.5894572e-09,4.7683715e-09,1.5894572e-09,0.0,3.1789145e-09,0.0,3.973643e-10,-1.5894572e-09,1.5894572e-09,surprised,03-01-08-02-02-02-07.wav
-566.94086,55.199852,2.6939867,10.326439,8.528308,-2.5360346,-14.198379,-8.47,-10.112606,-6.4758105,-8.49852,-6.3108044,1.2865126,-0.33618224,0.31262338,0.3124208,0.07993852,-0.051639576,0.098482415,0.23870485,-0.0691116,0.012072168,0.1689272,0.095995195,0.12944531,0.028147109,0.08189735,0.03544482,-0.04264356,-0.009366998,0.02630108,-0.008248859,-0.025786093,0.012187503,0.00075114,-0.022008702,-0.0038342795,-0.0057841213,0.017603576,sad,03-01-04-02-02-01-07.wav
-584.5026,51.02321,18.779337,15.634164,4.2063565,-11.045533,-4.655751,-0.60769445,-8.109948,-7.612223,-1.0459353,-4.99,-3.2861447,0.11891026,0.14922759,0.1021025,0.04869613,0.008258894,-0.012440764,-0.017584607,-0.01423127,-0.006524933,0.0042040185,0.016523695,0.02744545,0.0334092,0.013603734,0.015965683,0.0080413865,-0.0003689377,-0.0058830515,-0.0076886243,-0.0069301915,-0.005011143,-0.0026362715,-3.6873864e-06,0.0026757647,0.004995268,0.0064517157,disgust,03-01-07-02-02-02-07.wav
-656.2848,60.49723,3.5567725,14.105927,4.2866735,-10.349011,-7.9967113,-4.0311756,-0.70098466,-3.6903298,-1.226044,-2.1571648,0.49282378,0.14849025,0.19077589,0.13208877,0.06949516,0.04005197,0.03102814,0.031034665,0.029188655,0.024332765,0.031179074,0.03690256,0.035291698,0.031677585,-0.0021979793,0.00019967162,0.0048093577,0.0058506657,0.0068397396,0.009242171,0.009273166,0.0052654683,0.00058511866,-0.0015392698,-0.0012170463,0.002040046,0.0055511883,disgust,03-01-07-01-01-02-07.wav
-721.97406,71.64146,2.2744608,10.949551,7.7313514,-2.3157432,-4.3271613,-10.995677,-5.955909,-2.2326045,-5.077754,-5.9224524,-0.83812827,0.388257,0.38482496,0.100071155,-0.051303383,-0.06053815,-0.016909026,0.02609815,-0.0044863285,-0.027391993,-0.007346412,-0.015281386,-0.026961321,-0.033382826,-0.023756662,-0.0069441516,0.014519411,0.0010978038,-0.006764493,0.002721227,0.014474294,0.012625238,0.010708204,0.0078007504,-0.00078856753,-0.0037446201,-0.0011467544,sad,03-01-04-01-01-01-07.wav
-473.7268,33.1737,-17.385698,-0.07524371,-1.2830884,-17.614967,-13.460589,-13.664288,-11.909425,-8.961267,-9.073079,-4.1419325,-2.4544663,0.0003940072,0.00055811205,0.00055799057,0.00055777194,0.0005575289,0.00055714016,0.0005566284,0.0005560711,0.00055544544,0.00055475906,0.00055395416,0.0005530567,0.0005520924,0.00010631228,0.00015044972,0.00014984228,0.00014888556,0.00014761603,0.00014612477,0.00014451811,0.00014285905,0.00014127212,0.00013985756,0.00013867686,0.00013781125,0.00013729418,fearful,03-01-06-02-01-01-07.wav
-363.42252,33.200634,-12.125655,11.891399,5.642279,-14.986983,-4.2209444,0.35562423,-6.5518017,2.905437,-2.4058468,-1.0886548,2.6650183,0.035035767,0.049107634,0.047822345,0.04578839,0.043155108,0.040107,0.036843963,0.033561066,0.030430127,0.027586266,0.025119863,0.023074502,0.021450698,0.004117304,0.00570765,0.0053706495,0.0048378548,0.004149029,0.0033533669,0.0025041716,0.001653406,0.00084685796,0.00012052955,-0.0005015548,-0.0010077878,-0.0013981214,angry,03-01-05-02-01-02-07.wav
-508.83832,48.361454,-1.2202387,13.228263,0.6911695,-10.207876,-4.5368576,-10.628401,-4.0334916,-0.9029385,-4.7465672,-0.327247,0.737226,-0.0014819547,-0.002088679,-0.0020690544,-0.002036519,-0.00199168,-0.0019349997,-0.0018673495,-0.0017894624,-0.0017023528,-0.0016071232,-0.001504854,-0.0013967511,-0.001283996,-0.0013265499,-0.0018715169,-0.001856837,-0.0018325761,-0.0017990955,-0.0017568279,-0.0017063359,-0.0016482662,-0.0015833812,-0.0015125326,-0.001436585,-0.0013564735,-0.0012731721,angry,03-01-05-01-02-02-07.wav
-650.8201,48.950523,0.45158264,10.640433,6.339901,-7.3021846,-11.986554,-9.244443,-8.15621,-4.6516967,-2.9337893,-2.230291,0.3648186,0.009009035,0.012332941,0.01110996,0.00912706,0.0065968405,0.0039343867,0.0016666643,0.00023187727,-0.00021520397,0.00013458969,0.0008544922,0.0014884071,0.0017224478,-0.0016664531,-0.0034878366,-0.004202321,-0.0016488853,0.0017374554,0.0028340877,0.0031694965,0.005147027,0.0072846124,0.0072427364,0.005900176,0.0052072187,0.005005502,fearful,03-01-06-01-02-01-07.wav
-648.194,64.6553,7.708081,12.35713,10.693769,-2.367368,-8.878729,-11.402903,-1.4164184,-5.5561256,-5.2749014,-2.9594555,0.7040224,-0.052779384,0.31315148,0.21640842,-0.042386513,0.08626827,0.013771654,0.06807428,0.10333772,0.025755366,0.034685913,0.042143848,0.09509416,-0.03396118,-0.016507372,-0.012650301,-0.008479694,-0.009015284,-0.0023680239,-0.010870102,0.0020223733,0.0024613908,-0.0024943817,0.009816322,0.010491394,0.007964135,0.006932022,neutral,03-01-01-01-02-01-07.wav
-651.31946,73.875595,-4.275229,21.810318,12.825294,1.9610183,-2.8536723,-7.2183022,2.1406217,4.1174445,-0.9834156,3.0579414,5.5896344,0.5760431,0.46091163,0.04840027,-0.024692858,-0.0009341903,-0.022924682,-0.035519715,-0.01431991,-0.025929002,-0.043453917,-0.02987729,-0.04633243,-0.044925928,-0.007110179,-0.038286883,-0.012638383,-0.008787237,-0.016216991,-0.008599306,-0.0027470116,-0.00048234683,-0.011759569,-0.006691257,-0.0011652053,-0.0005402756,-0.003611938,happy,03-01-03-01-01-01-07.wav
-489.06802,64.012665,-18.394392,9.183152,7.069768,-17.78734,-10.4369755,-11.667598,-11.177217,2.5710354,-9.503173,-1.5959684,0.8247963,0.3351258,0.3264988,0.061449423,-0.057032444,-0.015951004,0.023907805,-0.017154256,-0.06198725,-0.030337472,0.031123018,0.05524471,0.057710428,0.058046807,0.03372004,0.021675033,-0.020707013,-0.028535465,-0.0073253587,0.0039474773,-0.0056657516,-0.014839902,-0.010037561,-0.00018791563,0.0049327645,0.0060412013,0.0046840874,happy,03-01-03-02-02-01-07.wav
-647.45294,74.718925,7.6044416,18.762121,10.770362,-2.1660209,-5.9988356,-8.206123,3.7424383,-3.1040273,-2.5165565,1.2952237,4.5285974,-0.5147763,0.6692934,0.2802057,-0.11705739,0.1346773,0.12230983,0.18005449,0.20753391,-0.045884557,0.08776909,0.024334691,0.014925599,-0.062311172,-0.0015142022,-0.010532371,0.003984315,-0.0060741566,-0.0038239898,-0.014340701,-0.008264752,-0.0051428764,-4.6322984e-05,-0.007582653,-0.019010028,-0.011068202,-0.0047404645,neutral,03-01-01-01-01-02-07.wav
-613.04474,72.07157,-8.338316,14.75273,7.88534,-2.3400495,-10.324597,-10.825143,-0.21125285,0.86042523,-6.8369937,1.2841066,4.6142144,0.23785026,0.509542,0.28204355,-0.03165205,0.016457746,-0.008504388,0.08386133,0.05083313,-0.10608764,-0.064285316,0.0039091567,-0.023675691,-0.10017129,-0.13775851,0.018555366,0.031951267,-0.031386185,-0.018957654,-0.03086181,0.005996506,0.00707095,-0.013253568,-0.0062216884,-0.0012240848,-0.005088956,-0.022234293,happy,03-01-03-01-02-02-07.wav
-434.43942,48.289837,-12.470585,13.043017,3.930115,-12.64649,-14.257565,-6.722171,-7.491051,-0.9383259,-5.87043,-2.0011516,0.96576333,-0.37683633,0.2659019,0.16490878,-0.109944254,0.060434364,-0.0011163909,0.0874843,0.079429455,0.011434116,0.028121615,-0.021314276,-0.008772644,-0.10280442,-0.048305232,-0.0070195966,-3.5900153e-05,-0.0008975596,0.0046533174,-0.0059472644,-0.0007719401,0.006843289,0.0061188615,-0.008073234,-0.0053037023,-9.22584e-05,0.0028199719,happy,03-01-03-02-01-02-07.wav
-633.84174,66.64101,13.403842,13.374286,7.1275997,-7.1679983,-3.9518266,-6.619846,0.15224543,-3.2242157,-4.4053884,1.2972035,0.100145675,0.34532216,0.39792234,0.21366204,0.089532994,0.06664053,0.071024135,0.04834815,0.021878224,0.022462577,0.028390449,0.009537127,-0.016293794,-0.01852315,-0.007925943,-0.008425668,-0.007299396,-0.009083421,-0.007467854,-0.004653279,-0.004728263,-0.003712214,0.0014154383,0.0053966683,0.0024090465,-0.00444202,-0.006773533,surprised,03-01-08-01-02-01-07.wav
-494.78152,50.934666,1.8069041,9.666546,0.13705097,-9.197773,-10.612983,-8.787089,-7.7384434,-3.6977978,-5.3117404,-2.724682,-2.3354177,0.29211554,0.28760526,0.08375861,0.024546865,0.054994445,0.02401946,-0.052263487,-0.07377413,-0.043205895,-0.027328195,-0.014824833,0.032570016,0.06550407,-0.013688436,-0.010412553,0.0045893234,0.009443706,0.00489774,-0.00043130634,-0.0032123255,-0.003998542,-0.0023548603,0.0018191802,0.0042585377,0.0018448036,-0.00022869249,surprised,03-01-08-02-01-01-07.wav
-535.6063,47.671432,4.2808676,17.18747,0.055173393,-15.27357,-1.04879,-0.2427768,-8.968086,-4.2871633,-0.83812195,-3.9166617,-1.7932798,0.013442737,0.01906298,0.019169226,0.01919659,0.018994113,0.018452639,0.017535977,0.016276693,0.014755163,0.013081652,0.011386865,0.009808663,0.008463201,-0.0024058379,-0.0033455014,-0.0031881998,-0.0029648242,-0.002720894,-0.0025008377,-0.002337629,-0.0022462527,-0.0022200895,-0.0022307541,-0.0022332058,-0.0021782585,-0.0020307018,disgust,03-01-07-02-01-01-07.wav
-600.78754,60.50648,1.6679437,12.631041,10.283223,-10.620159,-9.325543,-4.6715345,-10.275342,-1.9739681,-6.629715,-6.846422,-0.12802473,0.44249532,0.39798534,0.1017619,0.042132135,0.10815322,0.10282254,0.05927034,0.078090586,0.06605031,0.044383198,-0.019505685,-0.0022591222,0.08048553,0.04156558,0.033207137,-0.0052213096,-0.007378541,0.009038247,0.009092005,-0.0008420269,-0.0015743385,0.0034249027,0.002374682,-0.0015276805,-0.0033320547,-0.0016946262,sad,03-01-04-02-01-02-07.wav
-623.452,74.17573,-2.1983662,14.116749,7.7194505,-9.593446,-5.9547315,-13.528625,-9.130251,-1.4461366,-7.546156,-0.27717927,0.6922592,0.2996521,0.28785467,0.05127433,-0.05471982,-0.041689456,-0.017336246,-0.04069565,-0.091723695,-0.09704782,-0.069456615,-0.056980226,-0.061749306,-0.0725851,0.010843453,0.011574317,0.0042850072,0.0003993868,0.0011949083,0.0071424865,0.00827823,-0.0016222907,-0.0041827755,0.0013535301,0.0028185658,0.0013029582,-0.0008527201,sad,03-01-04-01-02-02-07.wav
-719.8946,65.27997,15.967641,13.939168,11.110053,1.0393789,-6.039924,-2.477087,2.926788,0.20515841,0.10597987,1.0961295,2.710023,0.26388958,0.12939863,0.05238657,-0.02509459,-0.031563137,-0.09361231,-0.121295646,-0.08246784,-0.07568459,-0.07099199,-0.051933415,-0.021835072,-0.07742808,-0.019130962,-0.0023001216,0.012334235,0.0056174,0.005439227,-0.0050191777,-0.001229523,0.0015688279,0.0017282267,0.0066424226,0.0029419332,0.0034338068,0.0016025857,disgust,03-01-07-01-02-01-07.wav
-351.63287,21.150246,-21.423985,2.4456077,-0.37487063,-17.182234,-5.7201266,-9.985716,-13.259282,2.193396,-5.6408205,-4.104843,-0.094995886,-0.005807532,-0.008126103,-0.007884106,-0.007541829,-0.0071761003,-0.006868707,-0.006688727,-0.0066761053,-0.006832973,-0.007123525,-0.0074815177,-0.007825661,-0.008077752,0.00035493632,0.0005437495,0.00065993896,0.0008243839,0.0010001344,0.0011476537,0.0012336265,0.0012384682,0.0011606303,0.001017034,0.0008392092,0.0006663067,0.00053634844,angry,03-01-05-02-02-01-07.wav
-453.80267,23.709328,-15.452321,-2.5374978,-4.80542,-17.741163,-11.553603,-14.983117,-9.891551,-5.2485776,-7.269604,-1.6898137,-3.807063,0.008075032,0.011140785,0.0108227,0.010939718,0.010963971,0.010541701,0.010305897,0.010592997,0.010764835,0.010559411,0.010615242,0.011069184,0.011203703,-0.0016336157,-0.0021879848,-0.0020555723,-0.0021268239,-0.0021580355,-0.0019833457,-0.0018868233,-0.002021038,-0.0020961068,-0.0019925516,-0.002003463,-0.0021976982,-0.0022531988,fearful,03-01-06-02-02-02-07.wav
-632.5396,54.31383,-7.09826,7.887507,5.3967805,-10.248753,-13.12009,-12.843887,-10.576144,-1.1163833,-6.085366,-5.7372327,0.87053734,0.09355497,0.11273077,0.06680654,0.022896824,-0.002010156,-0.011073485,-0.012624033,-0.014891271,-0.022256473,-0.027429303,-0.023362437,-0.01783564,-0.015866539,0.0090974495,0.013506681,0.013486903,0.010349634,0.006484,0.0051523913,0.0049400907,0.003184561,0.0010255595,0.0006406489,0.0023436327,0.0031390353,0.0016100642,fearful,03-01-06-01-01-02-07.wav
-514.1966,49.5024,-8.296544,14.323765,6.689875,-7.830781,0.6107287,-10.37409,-4.7427053,4.1673,-1.0342565,-3.3966594,7.795166,0.13058789,0.17222238,0.1419209,0.109001406,0.08503849,0.07163962,0.063874744,0.05743802,0.0516823,0.04740295,0.04412499,0.040431734,0.035989217,0.016752739,0.0206161,0.013184768,0.0053034015,7.0852007e-06,-0.0022428064,-0.002804165,-0.0029840665,-0.0030800311,-0.002861216,-0.002393742,-0.002111421,-0.002244181,angry,03-01-05-01-01-01-07.wav
-710.5711,53.051273,-14.801418,8.403964,-0.16601409,-10.802906,-11.535567,-10.901442,-6.1201296,0.14787795,-8.3742285,-2.5629935,-5.523456,0.29684797,0.28505075,0.11596585,0.048931915,0.041796155,0.04371556,0.042268753,0.033717673,0.02587732,0.032207835,0.023109794,-0.008179466,-0.006016699,0.014195193,0.014826166,0.007623143,-0.0015259692,-0.0015790362,0.0063090404,0.0041566277,0.0016876988,0.0031325025,0.0036033136,0.0068324627,0.0020366434,-0.00208274,neutral,03-01-01-01-02-02-06.wav
-573.9299,41.64294,-50.23238,7.408246,-2.8475814,-24.291723,-15.487392,-16.604845,-10.643718,5.517235,-17.061312,-3.2783082,-5.3733773,0.018923637,0.016134653,-0.00033315024,-0.0030776537,-0.0007236493,-0.011048855,-0.026435522,-0.026504297,-0.014402414,-0.011083285,-0.018535566,-0.018030057,-0.005101986,-0.0057902825,-0.0055582644,-0.0016132746,-0.0012769699,-0.0021597971,0.00034800707,0.004184473,0.0041297995,0.0011672294,0.0006819505,0.0029560274,0.0031399995,0.00035541027,happy,03-01-03-01-01-02-06.wav
-441.92703,20.75512,-47.170673,-3.99528,-4.296935,-25.527172,-18.921124,-12.233521,-10.756468,3.7313976,-11.2838745,4.7141366,13.839013,0.29460436,0.04014261,-0.032660168,0.11111262,0.055731356,0.0062743947,-0.005879427,0.023867778,-0.012238453,0.053398572,0.0039563426,-0.0038141592,0.045935497,-0.11638512,0.001387051,0.047699034,-0.036083538,-0.016268594,0.021522604,0.017813725,0.012007767,0.016509227,-0.013084898,0.0148477005,0.012279819,-0.010635456,happy,03-01-03-02-02-02-06.wav
-732.39526,54.986607,-10.176512,3.2443967,-1.1978983,-8.032019,-9.451846,-9.335159,-3.9941406,-0.37778965,-6.6957603,-2.9512951,-5.981294,0.09489528,0.064725436,-0.015706962,-0.026598958,-0.047875635,-0.08439777,-0.085839786,-0.07022483,-0.074246235,-0.07422566,-0.061340045,-0.041778054,-0.01328655,-0.041322913,-0.0369851,-0.015920762,-0.009887194,-0.016357167,-0.016137464,-0.0045981416,-0.00063443993,-0.006715613,-0.007118598,0.00037697703,0.0031527919,0.0014977779,surprised,03-01-08-01-01-01-06.wav
-591.6237,32.50254,-23.604517,-1.3301809,-4.1097383,-17.185587,-13.511535,-17.001339,-5.2235236,0.021317916,-11.65762,-2.3003814,-3.9318643,-0.06263829,-0.0858595,-0.07837821,-0.06808899,-0.057750408,-0.05021534,-0.047575783,-0.050461963,-0.05780448,-0.067207925,-0.07578941,-0.081107646,-0.081800945,0.0034321572,0.004509412,0.003525714,0.0020599433,0.0003918234,-0.0010993565,-0.0020179322,-0.0020803087,-0.001233608,0.0002955415,0.0020529816,0.0034934357,0.0041498705,surprised,03-01-08-02-02-01-06.wav
-559.1688,26.109644,-33.18177,2.905165,-6.3301897,-26.76463,-15.503424,-19.772926,-11.748393,8.572304,-16.754896,-2.2517078,-0.80227554,0.0024393017,0.0028719518,0.0013353195,-0.0007153215,-0.0029034985,-0.005138748,-0.007560852,-0.010271884,-0.01310423,-0.015638217,-0.01746421,-0.018466216,-0.018882718,0.0039963447,0.0045808456,0.0035779038,0.0041505,0.004371242,0.003618435,0.0027276364,0.0023167133,0.0027403308,0.0025983993,0.0012400198,0.0009970546,0.00207039,sad,03-01-04-02-02-02-06.wav
-606.1093,49.37549,-14.719982,1.4098039,-2.9827194,-14.225357,-15.782128,-6.491744,-5.2139487,-2.1775255,-10.718266,-0.45512393,-6.772619,0.11435831,0.09768602,-0.0021818972,-0.019709883,0.002283571,-0.028576117,-0.07454525,-0.05081429,0.0054704733,0.0010022898,-0.04536886,-0.04346895,0.0039711217,0.012922139,0.011757807,0.002719003,0.0038487788,0.008353817,0.0044607418,-0.0025194965,-0.00086899905,0.00585826,0.005910084,0.00032004062,-0.00040578772,0.004136365,disgust,03-01-07-02-02-01-06.wav
-683.0766,57.195293,-6.289338,4.3516936,-4.7204523,-8.9980345,-15.196865,-11.978428,-6.7321157,-2.780249,-5.804217,-4.6868186,-9.094305,0.40538964,0.24106881,0.015893431,0.0031838196,-0.007601378,-0.008821462,0.006647464,-0.014549905,-0.00022993656,-0.007476668,-0.028304446,-0.044059724,-0.02723733,0.022487313,0.0089242,0.0025030083,0.0056019877,0.008363781,0.0067202626,0.012596952,0.009138251,0.014473806,0.0087739155,0.007861599,0.0032981525,0.0021631245,disgust,03-01-07-01-01-01-06.wav
-727.0622,55.815666,-10.316249,15.540366,4.3620553,-10.232832,-12.886127,-10.294194,-2.2895532,0.4342896,-7.1445436,-4.9117246,-2.1864586,0.14672597,0.36826652,0.04026046,-0.10043268,0.17397605,-0.12269783,0.032845557,0.092707366,-0.097729154,0.13386166,-0.02497387,-0.07750389,0.046300508,0.016665624,-0.036635187,-0.012951444,0.0127315335,-0.04051709,0.0024983883,-0.018184045,-0.022079924,0.018114947,-0.015994402,-0.0014243161,-0.003783226,-0.018608222,sad,03-01-04-01-01-02-06.wav
-376.2241,5.6681514,-49.888973,-12.137797,-16.2629,-22.261307,-18.829643,-3.7612329,-4.001686,20.48812,11.183813,6.042255,1.8064857,-0.05496646,0.021874141,0.08242651,0.0072526564,-0.0015717897,0.007392125,-0.0014776939,0.00047679283,-0.0585845,-0.06459221,0.027717443,0.03216889,-0.011224111,-0.0174747,-0.016710123,-0.0063703917,-0.007462853,-0.0077698966,0.0037044226,0.013450155,0.010539087,0.0026724155,-0.00057541864,0.0037482518,0.0042163143,-0.00423964,fearful,03-01-06-02-01-02-06.wav
-351.48755,23.282288,-43.678757,-9.904858,-13.166671,-19.746656,-8.774983,-12.824528,-8.449241,4.692501,-1.1871109,10.387512,10.245672,-0.0007153527,-0.0010129206,-0.0010126836,-0.0010123388,-0.0010117784,-0.0010111103,-0.0010102644,-0.0010092568,-0.0010081254,-0.0010068538,-0.0010053775,-0.0010038042,-0.0010020585,-0.0001700827,-0.00024040136,-0.00024035556,-0.00024026127,-0.00024013802,-0.00023997166,-0.00023977231,-0.00023953793,-0.00023926383,-0.00023896007,-0.00023861794,-0.0002382369,-0.00023782186,angry,03-01-05-02-01-01-06.wav
-578.7339,40.61902,-20.754139,3.0516412,-8.271964,-19.116573,-9.644246,-15.119929,-8.276416,0.9033618,-7.93471,-3.8601081,-6.7311926,-0.009204906,-0.013122978,-0.013305056,-0.013287785,-0.012900751,-0.012243816,-0.011618032,-0.011279242,-0.011224422,-0.011195667,-0.010900555,-0.010261326,-0.00948208,-0.00037558525,-0.00044151978,-0.00022552662,1.847089e-06,0.00015719513,0.000253156,0.000379453,0.0006185108,0.0009686953,0.0013413711,0.001633373,0.0018116209,0.0019362234,angry,03-01-05-01-02-01-06.wav
-653.5617,43.752323,-9.844876,4.859367,4.134323,-12.52491,-12.1888275,-11.209746,-4.371469,0.49919933,-8.905047,-5.6650763,-6.4481635,0.087732784,0.10729099,0.052363824,0.0066622803,-0.0072948886,-0.0048511582,-0.0012908708,-0.0026246633,-0.008637308,-0.012393181,-0.005846756,-0.0041063856,-0.015424539,0.0020756058,-0.006249984,-0.002791973,0.006156641,0.00023002419,-0.0069059236,-0.00512191,-0.0073142573,0.002774961,0.006399544,0.0009155929,0.00082242605,0.007989195,fearful,03-01-06-01-02-02-06.wav
-679.55316,56.328686,-4.6923127,5.250986,2.0243838,-13.309534,-14.036066,-11.633525,-0.39404118,1.5602883,-7.808323,-3.0974853,-2.354555,0.22120555,0.2604613,0.16847639,0.096232004,0.06804279,0.06611967,0.07262791,0.05988187,0.022589207,0.005549999,0.02290002,0.025479198,0.023703197,0.0009060765,0.007208684,0.010341294,0.0064061405,0.0052584023,0.009302191,0.009690283,0.0016680991,-0.006959256,-0.006062456,0.0018307777,0.0010412037,-0.0023409163,surprised,03-01-08-01-02-02-06.wav
-575.6946,34.114697,-29.312384,-5.3724422,-10.295927,-16.176697,-10.862702,-14.728642,-7.9254837,0.1857715,-8.294897,-3.6197731,-3.544848,-0.005484594,-0.006986461,-0.0052124965,-0.0036095756,-0.0030659714,-0.0035254597,-0.0041328454,-0.004028856,-0.0030978215,-0.0020306339,-0.0016662421,-0.002204686,-0.0029895469,-0.00337546,-0.0045952797,-0.0042069205,-0.0039272243,-0.0039859707,-0.0043398296,-0.00471538,-0.0048377016,-0.004647993,-0.0043282853,-0.004120095,-0.004100597,-0.0041144905,surprised,03-01-08-02-01-02-06.wav
-656.6925,41.39602,-22.571152,0.587408,-11.324267,-15.276663,-12.021711,-9.284982,-6.619114,-1.6740931,-7.480578,-1.4004424,-9.116852,-0.00048128015,3.2761516e-05,8.809707e-05,-0.002060071,-0.0029186585,0.0005206613,0.0050376668,0.00616636,0.00503052,0.0052399803,0.0067370078,0.0076036802,0.008336112,-0.00660291,-0.008941544,-0.008006267,-0.0070240814,-0.005917176,-0.0040677013,-0.0017670982,-0.00013475628,0.00075238734,0.0015795694,0.0020969643,0.0018727576,0.0015891552,disgust,03-01-07-02-01-02-06.wav
-507.7749,14.442532,-37.94605,4.3505526,-2.1588025,-20.19325,-3.3520055,-12.81709,-8.309454,6.7694063,-11.516565,2.6811316,5.7689323,0.00818894,0.011576086,0.011561111,0.011536367,0.011501962,0.011458177,0.01140561,0.011344522,0.011275433,0.011199005,0.011115808,0.011026448,0.010931707,-0.0029748664,-0.0042065172,-0.0042049885,-0.004202384,-0.0041986816,-0.0041938154,-0.0041876985,-0.0041802507,-0.0041713454,-0.004160897,-0.0041487557,-0.0041347984,-0.0041189,sad,03-01-04-02-01-01-06.wav
-714.11346,49.50808,-4.2954392,1.1246487,-1.2677304,-10.522167,-12.540991,-13.639496,-6.916058,-2.0840197,-7.024113,-3.2841487,-5.498889,0.00012247721,0.0037425233,0.01124443,0.016947556,0.018313134,0.015889918,0.010320351,0.0028886287,-0.0029012808,-0.0045351284,-0.0046374705,-0.007815778,-0.013344625,-0.015846895,-0.018333994,-0.009691355,-0.00281402,0.00013447205,0.0012768859,0.0020048365,0.0014121159,-0.00048727592,-0.001590135,-0.00094530743,-0.000359778,-0.0010736171,sad,03-01-04-01-02-01-06.wav
-723.3554,42.344654,0.50679713,-1.9785972,-0.20297493,-7.216157,-17.553532,-10.01415,-2.8476121,-4.103619,-10.0384245,-0.99445945,-5.883447,0.21683241,0.19937405,0.057511263,0.00062282785,0.047542684,0.034418084,0.0060522975,0.01648531,0.019417286,0.012560126,0.0062493943,0.02606688,0.029675573,-0.026878644,-0.0016291253,-0.0030676385,-0.0028952823,0.0025184588,-0.0021293836,-0.0026340035,0.00024019685,0.0048918445,0.0026330703,0.0024981233,-0.0005009211,-0.002529206,disgust,03-01-07-01-02-02-06.wav
-379.7553,19.31459,-36.0883,-6.242817,-11.75388,-18.160234,-3.849696,-13.729935,-11.142831,0.019438116,-10.4465475,-0.6033965,7.2613397,-0.03215766,-0.030389914,-0.006481744,-0.00073927053,-0.0026711824,0.008289594,0.02059435,0.012051192,-0.008575202,-0.016345942,-0.009906779,-0.005766785,-0.006804926,0.0031674735,0.0022309506,-0.00081254536,-0.00030148338,0.0011693962,-0.000455125,-0.002973867,-0.0022539315,0.00022675058,0.00047476613,-0.0010838592,-0.0014536838,-0.00069307693,angry,03-01-05-02-02-02-06.wav
-394.1578,8.820122,-45.1075,-12.44744,-13.336454,-24.763163,-22.584335,-11.099389,-10.843487,13.573784,0.3286639,6.8428206,13.275074,-0.16361156,-0.089785725,0.031816803,-0.025167631,-0.0386827,0.0076845298,0.07708132,0.08513927,-0.032211196,-0.054105867,0.07233355,0.071838215,-0.035346806,0.039839584,-0.024463441,-0.021727484,-0.00123943,-0.0024321426,0.0017703364,-0.00040568179,0.00095603877,0.0070280335,0.021775762,-0.0031659869,-0.013741554,0.0040839575,fearful,03-01-06-02-02-01-06.wav
-677.82074,46.53548,-11.327108,3.4127252,3.1690521,-9.58525,-8.924841,-9.855503,-3.4450173,0.9050079,-7.7689342,-4.1752715,-5.2429214,-0.5964841,-0.012184095,0.35258588,-0.112327926,-0.058918376,0.13436182,0.0070629455,0.026664846,-0.08480615,-0.16917256,0.009071235,0.083455496,-0.020724388,-0.074970715,0.008176221,0.014503927,-0.01072661,-0.0002912021,0.0066126836,-0.005080895,0.006411579,-0.007828125,-0.008539082,-0.0013906583,-0.0036840355,-0.0018964558,fearful,03-01-06-01-01-01-06.wav
-613.15173,53.818966,-9.01834,14.973305,-1.4467235,-9.699907,-7.290907,-9.399537,-5.9128346,2.2141192,-3.7553644,-1.4445121,-4.1356792,0.31245565,0.36499384,0.19793239,0.049513314,-0.035652116,-0.06614311,-0.05705443,-0.030670077,-0.008437096,0.00675289,0.020282667,0.0362733,0.0494043,0.016596146,0.020210965,0.008550871,-0.0066269888,-0.013738263,-0.0139131155,-0.013386663,-0.010215769,-0.004819388,-0.0019695468,-0.0019602007,0.0001065634,0.0042644097,angry,03-01-05-01-01-02-06.wav
-736.0868,50.89171,-18.464659,8.632231,0.63062984,-10.233562,-8.63306,-9.96855,-7.245039,0.26921886,-6.277717,-3.4392781,-7.3254495,0.16328451,0.12840618,-0.018291341,-0.024549045,-0.01072167,-0.03081788,-0.0390438,-0.042084005,-0.0600674,-0.06603968,-0.0583581,-0.0646781,-0.043049864,-0.0021567675,-0.007354597,-0.011978679,-0.008651803,-0.0004846636,-0.0023522957,-0.0088498825,-0.008300336,-0.009272836,-0.012280852,-0.0066847596,-0.0024093888,-0.0015867949,neutral,03-01-01-01-01-01-06.wav
-646.7023,44.627403,-31.921175,7.449851,-4.3590527,-18.030128,-13.933757,-16.59844,-6.4042544,0.65238833,-14.55373,-2.6133525,-5.1299877,1.1915804,0.21197718,-0.24904403,0.07428373,0.09261157,-0.031731516,-0.15341078,-0.07813681,0.030676536,-0.09390254,-0.07293391,-0.049001157,-0.060955796,0.13149402,0.039241746,-0.032690845,0.0018427301,0.02276286,-0.0060980543,-0.022283517,-0.008554986,-0.0051721176,-0.0076456545,0.005993317,0.0056378716,-0.006614488,happy,03-01-03-01-02-01-06.wav
-427.75732,15.81041,-52.225025,-4.7078943,-3.9109015,-18.926865,-24.123533,-9.719073,-15.200921,11.464634,0.27211878,14.480455,18.660755,0.027693186,0.049589057,0.010596572,-0.003240339,0.027801083,0.03164117,0.0043063383,-0.0074738003,0.030353697,0.034947738,0.029188914,-0.010024418,-0.00607032,-0.024716144,-0.008608219,0.014635254,0.0064379857,-0.0070110615,-0.005016438,0.010132662,0.016417885,0.005791133,-0.006658546,0.0057545947,0.008314861,0.0021977946,happy,03-01-03-02-01-01-06.wav
-578.7569,34.27308,-22.334126,-8.80502,-4.363685,-17.305048,-11.619077,-18.277882,-6.7500787,1.9375818,-11.027574,-7.6978354,-3.639272,0.011438342,0.015911752,0.015191023,0.014170135,0.012978018,0.011638696,0.010095734,0.008314907,0.006373074,0.0044521596,0.0027421592,0.0013334855,0.00019103894,0.00050249306,0.00076700293,0.0008651692,0.00085394626,0.0006368376,0.00026080228,-0.00011790555,-0.00036133025,-0.00046054003,-0.0005336274,-0.00071316696,-0.0010213437,-0.0013416263,surprised,03-01-08-02-02-02-06.wav
-706.4529,48.765984,-13.521224,0.9787988,-3.0387871,-11.408022,-9.769102,-13.9277115,-5.20407,-1.6517853,-9.948383,-2.892572,-6.7896767,0.32479554,0.35217232,0.17571607,0.10679441,0.112170465,0.09792887,0.06655598,0.06127273,0.07524151,0.06244861,0.03245182,0.024813488,0.028902667,0.04040223,0.041266624,0.017428547,0.012103471,0.016144296,0.014216771,0.010194223,0.012173537,0.015816212,0.011903122,0.0050696135,0.0031471644,0.0031383326,surprised,03-01-08-01-01-02-06.wav
-645.6575,47.710827,-17.030174,0.0078018983,-1.6296839,-18.35951,-14.062272,-17.951765,-7.7520547,0.24635121,-12.008512,-5.609642,-7.3993425,0.2962936,0.20857814,0.036502555,0.07473093,-0.005394078,-0.08541043,-0.118858695,-0.122184,-0.017120374,0.029189197,-0.042586945,-0.025479874,0.06142687,-0.06632225,-0.00238339,0.030498326,-0.03526828,0.00040637635,0.016278747,0.011401244,0.04368736,0.004827535,-0.032975648,0.013742439,0.01484863,-0.030028857,fearful,03-01-06-01-02-01-06.wav
-541.34985,32.2259,-14.75288,2.2268865,-6.732497,-14.901286,-8.139105,-9.951652,-9.554412,0.89807606,-6.519437,-3.8885076,-4.998639,1.0834643e-06,6.771652e-08,4.5144347e-08,0.0,1.692913e-08,-4.5144347e-08,5.6430434e-09,-2.2572173e-08,1.1286087e-08,0.0,-2.2572173e-08,0.0,5.6430434e-09,-2.8215217e-09,-5.6430434e-09,8.464565e-09,-2.8215217e-09,-1.4107608e-09,1.4107608e-09,0.0,1.4107608e-09,1.0580706e-09,1.4107608e-09,-7.053804e-10,-7.053804e-10,0.0,angry,03-01-05-01-02-02-06.wav
-364.66458,21.62511,-41.659554,-7.0726643,-12.074263,-18.58011,-9.203848,-10.314622,-8.039837,1.8346367,-1.5252851,9.233312,9.738051,-0.20758274,-0.09368048,0.07439861,-0.012284772,-0.013064929,0.062689416,0.095233046,0.051939283,-0.057442088,-0.054310206,0.029800111,0.005154096,-0.013789564,0.016627993,0.0063373726,-0.0055211205,0.002863664,0.00014205162,-0.0044730627,-0.00535935,-0.006190579,0.0012819456,0.005816861,-7.553972e-05,-0.002491406,-0.0012103214,angry,03-01-05-02-01-02-06.wav
-375.76205,10.333246,-55.78422,-11.231371,-15.705115,-18.73719,-25.929207,-9.953243,-6.811568,17.336304,6.977476,12.280225,15.012843,0.1907164,0.02944967,0.055600744,-0.011255276,-0.07756037,-0.047200803,-0.038555965,-0.025576452,-0.18265945,0.06754272,-0.026303066,-0.012622202,0.024301236,-0.07046,-0.032308284,0.0018426264,0.015817575,0.02963046,0.009981319,0.03278149,-0.000641917,0.0015433563,0.013865264,-0.019566482,0.013263849,0.012561064,fearful,03-01-06-02-01-01-06.wav
-748.2751,52.651924,-1.3787141,11.587991,3.9418025,-4.429444,-11.34843,-8.3197565,-3.8007777,0.7020112,-2.975342,-3.0051806,-3.7229745,0.18290254,0.17762277,0.09725276,0.046775024,0.011715511,0.021703413,-0.0013128318,-0.006530474,0.0014984662,0.0022605131,-0.0031456824,-0.023868248,-0.028179305,-0.096718326,-0.04934588,-0.0058806343,-0.028434444,-0.039983634,-0.03769425,-0.024363115,-0.016953405,-0.016693844,-0.013730585,-0.012733405,-0.0066589303,-0.009747386,sad,03-01-04-01-01-01-06.wav
-714.337,45.342445,-3.3032212,11.051666,-2.1978219,-3.373647,-10.406924,-8.678525,-2.6209805,2.3993404,-6.4439855,-1.8327467,-3.3744745,0.26938114,0.13474034,-0.10717927,-0.009180424,0.0073652165,-0.04742243,-0.10366353,-0.12104699,-0.06144076,-0.022708224,-0.048363343,-0.058502782,-0.022738893,-0.052579857,0.0011052735,0.024455097,0.007887076,0.008843664,0.008233104,0.00838547,-0.00225343,-0.0023779345,0.0023728756,0.012463748,0.014625169,0.00591488,disgust,03-01-07-01-01-02-06.wav
-646.13,49.39429,2.1531959,3.3594522,-1.6527969,-6.200443,-7.691569,-0.9645867,-1.6215777,3.0812683,0.24373591,4.6002965,0.16949108,0.22569683,0.27973446,0.1810746,0.06789855,-0.019824544,-0.066348255,-0.07757252,-0.06639247,-0.04243652,-0.011840477,0.018900555,0.041865736,0.050453994,0.03390982,0.042154428,0.027867856,0.011998007,0.00033645853,-0.005311309,-0.0063588507,-0.004997803,-0.0025626698,0.00057370786,0.004215626,0.007606724,0.009501775,disgust,03-01-07-02-02-02-06.wav
-514.46185,27.29788,-20.663517,-2.7806127,-8.103601,-16.992455,-7.1249876,-13.565977,-7.092171,0.29886493,-13.811729,-5.5656724,2.603139,1.0734826e-06,8.6261997e-07,7.8594263e-07,7.76358e-07,6.829075e-07,6.1341865e-07,5.367413e-07,4.60064e-07,3.8338666e-07,2.8754e-07,1.7731632e-07,6.9488834e-08,-2.3961666e-08,7.009267e-05,9.91342e-05,9.911624e-05,9.908868e-05,9.906472e-05,9.9021585e-05,9.897726e-05,9.892005e-05,9.885296e-05,9.877508e-05,9.8682525e-05,9.85756e-05,9.845489e-05,sad,03-01-04-02-02-01-06.wav
-455.86865,9.776974,-50.191082,-5.843604,-7.6837373,-23.714895,-17.726625,-14.577716,-12.85008,3.2743857,-10.852058,6.9530416,15.088049,-0.0047686687,-0.0067430222,-0.006740223,-0.006735591,-0.006729126,-0.006720803,-0.0067105354,-0.0066984845,-0.0066846376,-0.006668995,-0.006651544,-0.006632223,-0.0066112294,0.0005300014,0.0007494022,0.0007489045,0.00074810255,0.0007469778,0.0007455542,0.00074384274,0.00074184407,0.0007395961,0.00073710975,0.00073439424,0.0007314891,0.00072839664,happy,03-01-03-02-02-01-06.wav
-614.2468,61.173622,-40.498077,15.648337,1.4935443,-23.826866,-16.221947,-13.577771,-4.0955453,0.41511545,-13.927419,-3.7257197,-2.6977549,0.107715085,0.08550322,0.0059925155,0.017503645,0.051347345,0.02144457,-0.019814622,-0.012130226,0.022995964,0.025715323,-0.02360137,-0.01714186,0.024108563,-0.08390864,-0.046169356,0.025973042,-0.0012622129,-0.014249674,0.007996094,0.0170861,0.016334316,0.006250532,-0.005789076,0.008487113,0.010114825,-0.011756335,happy,03-01-03-01-01-01-06.wav
-704.21606,50.68633,-11.04975,9.263934,0.47050372,-8.964568,-10.850555,-9.529205,-5.8366356,1.5158615,-6.5852017,-1.3031588,-3.9353359,0.6310568,0.34052268,0.08896227,0.06078671,0.0488372,0.032799467,0.04526071,0.06473932,-0.0013293182,0.045548353,0.013841434,-0.008543965,-0.020077763,0.05784076,0.0063209827,-0.0059582554,0.0070791584,0.0046036197,0.006890437,0.0043125767,0.007791296,0.0037222335,0.010331075,0.0044731647,0.000934492,-0.0016533145,neutral,03-01-01-01-02-01-06.wav
-459.32068,13.444444,-49.441086,-5.7993717,-7.7323895,-18.312616,-18.151405,-11.156025,-17.534197,2.9471266,-10.917785,4.1851597,15.275692,1.566569e-05,2.1438598e-05,2.0039877e-05,1.7786026e-05,1.4724731e-05,1.1062622e-05,6.891886e-06,2.4414062e-06,-2.1362305e-06,-6.6248576e-06,-1.0801951e-05,-1.4540355e-05,-1.7611186e-05,-5.3075153e-05,-7.335504e-05,-6.8543755e-05,-6.0771305e-05,-5.035639e-05,-3.7754377e-05,-2.3519198e-05,-8.265972e-06,7.34965e-06,2.2644997e-05,3.695806e-05,4.9666563e-05,6.022771e-05,happy,03-01-03-02-01-02-06.wav
-614.3838,41.683403,-29.96724,7.4777093,0.20265761,-19.117033,-10.926557,-15.603345,-6.837148,3.4588442,-11.017519,-3.9077263,-2.4843004,-0.00030579022,-0.00058602967,-0.0010152471,-0.0016445442,-0.002378446,-0.0031270278,-0.0038182752,-0.0043958114,-0.0048159915,-0.0050537633,-0.0051170965,-0.005055922,-0.0049540373,0.0005659193,0.0001129336,-0.0004300627,0.00011955012,0.00035705662,-5.0655148e-05,-0.00040001998,-0.0002708663,0.00034091537,0.00038784504,-0.00017977961,0.00019541483,0.001031634,happy,03-01-03-01-02-02-06.wav
-697.0333,52.721966,-18.3946,13.298957,-0.079964176,-12.791262,-9.582618,-9.804232,-3.5838494,1.7724874,-5.053646,-0.69905794,-6.310236,0.052839816,0.06034856,0.034276474,0.014972088,-0.001236665,-0.0155571895,-0.02167765,-0.022230228,-0.02650401,-0.027524691,-0.011514101,0.0052985963,0.0026162588,-0.03171341,-0.029301729,-0.0054247747,0.0020224452,-0.0004087549,-0.0026533098,-0.0033145978,-0.0030345581,-0.0026305884,-0.0006963962,0.0036629294,0.008108754,0.007905138,neutral,03-01-01-01-01-02-06.wav
-685.1561,58.81702,-14.848517,9.240658,-0.76014656,-15.956421,-12.699199,-11.794307,0.7118609,-1.8172218,-9.429703,-4.685001,-6.398555,-0.1966156,-0.084622845,0.030217417,-0.08861825,-0.075106755,-0.023807893,-0.04305106,-0.06713312,-0.07981101,-0.04409448,-0.016699273,-0.043389484,-0.031664353,0.043173596,-0.003587195,-0.01475655,0.02137867,0.007789435,0.010847273,0.00144056,0.005826829,0.01681073,0.0010159442,-0.008145145,-0.004081732,-0.004992974,surprised,03-01-08-02-01-01-06.wav
-685.8698,45.726303,-9.697616,-2.562843,-3.474418,-12.54176,-12.430642,-12.73432,-4.1051908,-0.95997465,-9.583192,-3.0270195,-7.542216,0.08744414,0.11519269,0.09374902,0.06798235,0.045257736,0.028449127,0.016409833,0.0066949595,-0.0015781582,-0.0069757546,-0.007772501,-0.0045694406,-0.00015021062,-0.0043062596,-0.0047719097,-0.0023242563,-0.0015123375,-0.003311698,-0.0060693976,-0.0074358247,-0.006612032,-0.0044863382,-0.002285608,-0.0008251503,-0.00042805378,-0.0007270091,surprised,03-01-08-01-02-01-06.wav
-620.1191,40.45414,-18.601866,7.925743,-3.843255,-11.310838,-9.179123,-10.090404,-5.70887,-0.4043786,-7.405224,-3.9531586,-3.3518887,0.004183342,0.0045634313,0.0014683893,-0.0012885252,-0.0022545913,-0.0017918546,-0.0017014574,-0.00361614,-0.0075434353,-0.01180719,-0.014431053,-0.014775622,-0.014027045,0.0022361674,0.0028302444,0.0021167006,0.0016327548,0.001804879,0.0025205233,0.003228736,0.0034058401,0.0029883385,0.0024077257,0.0022039923,0.0025532923,0.003115281,angry,03-01-05-01-01-01-06.wav
-652.2811,49.77189,-22.734543,10.348046,3.9551575,-12.011139,-9.543407,-14.920105,-3.1872115,4.6055555,-9.837167,-6.9655604,-0.2858975,0.13419153,0.124111995,0.15432361,-0.036765564,-0.032202214,0.022587296,-0.055216335,0.020105816,0.021566775,-0.0771122,0.02010627,0.068236664,-0.051180232,-0.15696949,-0.01299635,0.050183855,-0.02541851,-0.004180907,0.02921469,0.017805211,0.017667819,-0.006427347,-0.023359163,0.008252145,-0.0015922481,-0.015599494,fearful,03-01-06-01-01-02-06.wav
-334.81918,10.201432,-48.19265,-20.430021,-12.76998,-20.476168,-17.76642,-0.37109214,-0.29349646,24.083012,6.11078,-2.6768675,5.962263,0.36074847,-0.024562906,-0.06182771,0.016207172,0.029152628,-0.017874582,-0.13171242,-0.031053834,0.0010163533,0.06331708,-0.01907806,-0.1102456,0.09170441,-0.10160568,0.036121503,0.013288601,-0.016789379,-0.0018481245,-0.0077841743,0.0380713,-0.001106052,0.0051530297,-0.0106125325,0.0014986236,0.027915783,-0.04334569,fearful,03-01-06-02-02-02-06.wav
-370.06357,20.48599,-34.419662,-11.536446,-12.797208,-21.496017,-6.0878196,-12.96151,-10.379996,1.70296,-9.984507,-1.2272652,1.6437942,-0.0034241676,-0.0048427978,-0.0048416853,-0.004839907,-0.004837369,-0.004834056,-0.0048300647,-0.004825344,-0.00481988,-0.004813701,-0.004806772,-0.0047991276,-0.004790783,0.00042650104,0.00060299784,0.0006028612,0.0006026377,0.00060231733,0.0006019107,0.00060141087,0.0006008204,0.0006001424,0.0005993694,0.00059850764,0.0005975564,0.0005965152,angry,03-01-05-02-02-01-06.wav
-760.7073,43.23903,7.3998494,-2.150902,-2.9714215,-2.1468842,-16.688158,-7.573629,-4.6196613,-1.7917435,-6.4482355,-1.5103688,-5.909223,0.44240403,0.29235795,0.0954642,0.009594674,0.061668407,0.100254074,0.04558998,0.025616374,0.035828713,0.056238484,0.03938079,0.024349036,0.04981035,0.04949358,0.016381772,-0.0014394736,-0.010853448,-0.0047151833,0.0035761439,0.0051400973,0.0025480413,0.0026378436,0.006803465,0.006044338,0.007652954,0.015156725,disgust,03-01-07-01-02-01-06.wav
-743.1232,53.72402,-2.6473987,2.6727574,1.937209,-8.898521,-13.272689,-11.373473,-5.6751847,-0.24744411,-6.451387,-3.0061588,-4.756922,0.44309372,0.35050115,0.14284092,0.103443466,0.11000632,0.04250825,0.040421583,0.026475215,0.039323524,0.0516301,0.04324931,0.028540416,0.014481794,0.0033497587,-0.0015406673,0.0064902706,0.011207499,0.0023954154,-0.005909415,0.00038813904,-0.0024722207,-0.0055011357,-0.005695799,-0.0015008226,0.00045973962,-0.008500149,sad,03-01-04-01-02-02-06.wav
-696.2595,35.222622,-15.295753,4.25272,-4.7829657,-15.927985,-9.556318,-14.188618,-5.7147374,5.33301,-6.501,-0.23208636,0.92420673,-0.25086105,-0.32689264,-0.182381,-0.07634167,-0.12928657,-0.085545644,-0.0071173524,-0.07219111,-0.08676067,-0.040064678,-0.043762192,-0.019316569,-0.01927285,-0.0001356009,0.030636951,0.025739778,-0.011455837,0.014246696,0.013599649,-0.010213282,0.01227671,0.00230866,-0.021469662,0.0014961124,0.0028959105,-0.008892119,sad,03-01-04-02-01-02-06.wav
-557.968,28.739578,-19.281618,2.699189,-11.6604185,-18.24449,-11.898902,-8.231114,-8.804026,-1.2721541,-7.936022,-6.79675,-8.188657,-0.026614528,-0.012806595,0.01466164,0.007536642,0.001803757,0.014143072,0.02819133,0.029780688,0.012430222,0.003329677,0.020893293,0.02526232,0.0035119723,-0.004496549,-0.004573063,0.00018623055,0.0010187139,-0.0021226816,0.0017107822,0.008217464,0.0065869726,0.0012266985,-0.00015496567,0.0030402003,0.0045732358,-0.00071699196,disgust,03-01-07-02-01-01-06.wav
-592.51135,45.14188,-4.394385,7.735556,0.5503257,-4.1455994,-6.748184,-9.417959,-14.750461,-2.5515637,-2.767845,-5.6659083,-0.9816044,1.6168253e-06,-2.5262896e-08,0.0,0.0,7.894655e-09,0.0,-1.2631448e-08,0.0,1.2631448e-08,9.473586e-09,0.0,0.0,-6.315724e-09,-6.315724e-09,6.315724e-09,0.0,7.1051893e-09,-3.157862e-09,0.0,-1.578931e-09,3.9473275e-10,-3.157862e-09,-7.894655e-10,-3.9473275e-10,0.0,-1.578931e-09,surprised,03-01-08-02-02-01-01.wav
-660.50183,52.980663,-0.44145453,8.232829,4.5118365,-2.5249932,-6.031237,-6.6184072,-9.726553,-5.8924103,-0.2597242,-5.319383,-0.80951935,0.0,0.0,-6.4875803e-09,1.29751605e-08,0.0,1.29751605e-08,-1.29751605e-08,0.0,-1.29751605e-08,0.0,1.29751605e-08,8.109476e-09,-3.2437901e-09,3.2437903e-08,0.0,-6.4875803e-09,6.4875803e-09,0.0,2.4328426e-09,0.0,1.6218951e-09,0.0,-3.2437901e-09,-3.2437901e-09,-4.865685e-09,-4.0547377e-10,surprised,03-01-08-01-01-01-01.wav
-570.9829,45.415054,-1.5627903,11.880344,-0.43858063,-1.7890209,-5.26024,-6.6141477,-13.445087,-4.125199,-3.681512,-4.405502,-1.0022496,-0.0052712546,-0.005965454,-0.002536799,0.0011757351,0.004887194,0.00901274,0.012724485,0.0142586,0.013134559,0.010669961,0.008000993,0.0049127457,0.0012490102,0.0022119211,0.0028878332,0.00236769,0.0018685164,0.0013862303,0.00077196775,0.00015209605,-0.00013592228,-7.821234e-06,0.0002731594,0.00052141986,0.00085693004,0.001374013,angry,03-01-05-01-02-01-01.wav
-624.02625,60.417793,-3.3307755,15.390852,6.7717643,-0.058078457,-3.9153352,-10.592283,-10.528063,-0.66487473,-0.9012802,-1.2349017,0.28941727,0.0071584703,0.010094213,0.010005211,0.009857821,0.009653354,0.009394449,0.009085035,0.008730793,0.008339047,0.007918889,0.00748046,0.0070346235,0.0065922053,-0.005285457,-0.0075419783,-0.0076493146,-0.007648669,-0.0075375377,-0.007429838,-0.0073544844,-0.007193045,-0.006845777,-0.0063719926,-0.00590536,-0.005485066,-0.005047149,fearful,03-01-06-01-02-02-01.wav
-404.05585,42.662426,-17.537214,-3.2199833,1.9150127,-0.23162158,-11.389852,-15.012191,-17.22242,-7.2708745,-4.490682,-9.206505,-6.413215,0.04198635,0.016577007,-0.040672157,-0.024830315,0.028719094,0.033035316,-0.02015684,-0.050940536,-0.014226822,0.02334579,0.00013589078,-0.039075986,-0.032589942,0.024000652,0.016549187,-0.0058904295,-0.004272213,0.007658507,0.010570948,-0.0010760573,-0.010589319,-0.0019995205,0.007022116,0.002298771,-0.003393179,-0.0033073016,fearful,03-01-06-02-01-02-01.wav
-349.08368,29.868893,-20.021608,0.8248058,-11.387679,-4.3352494,-12.862408,-13.475211,-13.617985,-8.423021,-5.636474,-4.970494,-7.1078973,0.0062535172,-0.09432694,-0.07887882,-0.040945202,-0.05620669,-0.033578053,-0.01882454,-0.007807446,-0.024278544,-0.04462312,-0.022732427,0.00724744,0.023328306,-0.106550016,-0.004732194,0.03083563,-0.00798815,0.009518241,-0.0064979764,0.011097684,0.015761968,0.0076821498,0.003004277,-0.008049604,-0.00022828343,-0.0044066245,angry,03-01-05-02-01-01-01.wav
-647.6113,63.878666,-3.1636646,11.068919,3.8989284,0.49626222,-7.210091,-7.3021765,-13.785376,-4.531086,-0.6824673,-7.298968,-1.648921,0.1328125,0.10668909,-0.023787584,-0.062464286,-0.038762625,-0.030136554,-0.043604404,-0.057790454,-0.054708242,-0.03023047,-0.008091873,-0.010743329,-0.027736258,-0.011810831,-0.045778234,-0.039222017,-0.019458251,-0.025293311,-0.01936842,-0.013990853,-0.006251628,-0.0001396469,-0.0037912051,-0.01138877,-0.009163138,-0.006480848,disgust,03-01-07-01-01-01-01.wav
-699.10425,65.49692,-1.0995513,16.531912,8.523047,-0.46712247,0.1738202,-7.589049,-10.304403,-5.5254693,-1.7454497,-2.0158567,-1.7528474,0.05244426,0.05910898,0.027426707,0.0040567573,-0.000634503,0.0043729437,0.0070973556,0.0052336534,0.0033120117,0.004455133,0.007397868,0.008745503,0.006886036,-0.07310928,-0.09081506,-0.062096607,-0.034814913,-0.018457461,-0.009756869,-0.0020636762,0.0056187697,0.0097947465,0.008985987,0.0061351783,0.004905297,0.0053529693,sad,03-01-04-01-01-02-01.wav
-605.889,50.817352,-4.1009364,13.333532,2.3143537,-3.1249647,-6.993569,-8.871109,-15.973222,-3.851796,-1.3603265,-6.091595,0.43329066,3.7910036e-07,-9.477509e-08,0.0,2.3693772e-08,0.0,5.923443e-09,0.0,0.0,0.0,0.0,5.923443e-09,0.0,8.885165e-09,0.0,-5.923443e-09,-5.923443e-09,5.1830127e-09,0.0,5.923443e-09,-1.2957532e-09,5.923443e-09,-5.923443e-09,0.0,0.0,-7.404304e-10,0.0,sad,03-01-04-02-02-02-01.wav
-520.7532,43.31225,9.500733,-0.62784654,-7.1643276,0.42984307,-12.050826,-15.976675,-5.460499,-8.713773,-8.803649,-2.977452,-7.663945,1.0523303e-06,0.0,0.0,-8.22133e-09,-1.0961774e-08,1.0961774e-08,-2.1923547e-08,1.0961774e-08,-2.0553326e-09,-5.480887e-09,-5.480887e-09,2.7404434e-09,-1.0961774e-08,1.0961774e-08,1.0961774e-08,-5.480887e-09,-1.3702217e-09,2.0553326e-09,-1.3702217e-09,2.7404434e-09,-2.7404434e-09,-6.8511086e-10,-2.7404434e-09,-2.7404434e-09,-5.1383314e-10,0.0,disgust,03-01-07-02-02-01-01.wav
-539.19855,49.672794,-8.996246,6.914048,-1.1240028,-3.3295467,-9.793234,-9.628174,-17.208342,-7.140059,-1.7678518,-7.01247,-0.2807721,-0.0003148696,-0.0005722046,-0.0007369322,-0.00067315943,-0.00053056265,-0.0006157482,-0.00083857146,-0.0008353065,-0.0005898588,-0.0004889544,-0.0006773444,-0.00079175725,-0.0005600368,7.960656e-05,0.000104073915,9.206323e-05,9.7637625e-05,0.00011734822,0.00012796065,0.0001193285,0.00010693634,0.00010770349,0.00011637456,0.00011509938,9.9434576e-05,8.360779e-05,happy,03-01-03-02-02-02-01.wav
-631.407,62.999477,-5.81921,15.460053,6.5266376,-1.5888863,-6.5974183,-4.806329,-13.677246,-1.3645005,0.13336559,-6.366864,3.4054472,-0.0071610515,-0.010116272,-0.010078214,-0.010014992,-0.009926913,-0.009814402,-0.009678008,-0.009518394,-0.009336344,-0.009132703,-0.008908418,-0.0086646015,-0.008402379,0.001507136,0.0021286504,0.0021204853,0.0021069273,0.0020880254,0.002063902,0.0020346546,0.0020004432,0.0019614347,0.0019178041,0.0018697865,0.0018176046,0.0017615088,happy,03-01-03-01-01-02-01.wav
-685.10547,55.87942,2.7832625,13.252022,6.9896693,2.9812741,-1.5860293,-6.96166,-10.34849,-3.2707682,1.1761646,-1.4986562,0.55154985,-0.074469574,-0.054432053,0.017542923,0.016333336,-0.022307068,-0.018985387,0.03656244,0.070206605,0.031476766,-0.011677046,0.0035598157,0.028404757,0.014085032,-0.00079563237,-0.0021242714,-0.0035399834,-0.0019063371,0.0012752992,0.00017956748,-0.002869211,-0.0015070012,0.0016817811,0.0011050714,-0.003133391,-0.006592661,-0.00469873,neutral,03-01-01-01-02-02-01.wav
-596.5581,49.15078,-5.986514,5.6085687,-1.2716347,-1.206762,-12.037279,-8.814259,-11.101424,-8.968306,-0.68170965,-7.0525794,-1.9013778,1.9193445e-07,-4.798361e-08,-4.798361e-08,0.0,-2.3991806e-08,2.3991806e-08,-1.1995903e-08,5.9979515e-09,1.1995903e-08,0.0,5.9979515e-09,4.498464e-09,-1.1995903e-08,0.006583661,0.004418013,-0.00052670564,-0.00026947746,0.00055443717,0.00084475824,0.0021875624,-0.00063255295,-0.004348543,-0.0030744623,0.0011332226,0.0015124534,0.001396938,happy,03-01-03-02-01-01-01.wav
-656.2289,62.20653,-2.3432083,12.916072,1.8241268,-0.17071217,-5.6699915,-7.286774,-13.776977,-3.312201,2.361758,-7.0014305,1.9307778,0.0005379471,0.00075949874,0.0007571399,0.00075324066,0.00074780534,0.0007408335,0.0007323471,0.00072243635,0.00071109197,0.0006983389,0.0006842582,0.00066889345,0.0006523413,0.0004818689,0.00068084867,0.0006792156,0.0006765353,0.0006727767,0.0006679647,0.0006621102,0.0006552311,0.0006473454,0.000638467,0.0006286217,0.00061784696,0.0006061586,happy,03-01-03-01-02-01-01.wav
-697.7926,54.89004,0.6634658,12.435786,7.7339525,0.5307495,-3.2166302,-3.1593947,-10.977551,-2.8487103,0.8152966,-3.037066,1.9554468,-0.0025370137,-0.0035840014,-0.003572664,-0.0035540846,-0.0035279547,-0.003494663,-0.0034540682,-0.0034064446,-0.0033518383,-0.0032905098,-0.0032226022,-0.0031483222,-0.0030678536,-0.00023395699,-0.00033429786,-0.00034412887,-0.00036010542,-0.00038159976,-0.00040781833,-0.00043774483,-0.00047027148,-0.00050417456,-0.0005382103,-0.0005711242,-0.00060173555,-0.0006289628,neutral,03-01-01-01-01-01-01.wav
-553.19366,41.932564,-5.2114596,7.3127418,0.06964441,-3.3563766,-6.6405888,-7.5790653,-11.458306,-6.6911635,-1.2373774,-6.6593413,-1.9200144,1.3871627e-06,0.0,0.0,2.4770761e-08,-2.4770761e-08,-9.289035e-09,6.1926904e-09,0.0,-1.857807e-08,-3.715614e-08,-1.3933553e-08,4.6445177e-09,0.0,3.0963452e-09,-6.1926904e-09,0.0,-1.5481726e-09,3.0963452e-09,-1.5481726e-09,-1.5481726e-09,-1.5481726e-09,-3.8704315e-10,-1.1611294e-09,0.0,1.5481726e-09,-3.0963452e-09,surprised,03-01-08-02-01-02-01.wav
-666.4035,49.284126,-1.8099357,8.19951,-0.46807018,-3.9114852,-4.3231125,-7.2129054,-9.476639,-5.4546947,-0.9426419,-6.583641,-0.9509841,2.1643672e-07,-4.0581885e-08,-1.3527295e-08,-2.705459e-08,-1.0145471e-08,-6.7636474e-09,-1.3527295e-08,2.705459e-08,0.0,0.0,0.0,-1.3527295e-08,1.3527295e-08,-1.690912e-08,6.7636474e-09,0.0,1.6909119e-09,3.3818237e-09,6.7636474e-09,1.6909119e-09,-2.1136398e-10,-1.6909119e-09,1.2681839e-09,-8.454559e-10,0.0,-1.2681839e-09,surprised,03-01-08-01-02-02-01.wav
-595.331,57.99092,2.2590292,14.343322,8.518201,-2.4230087,-4.1882496,-8.528271,-12.255306,-1.4047105,-2.2603824,0.5045401,3.646284,0.0682947,0.07691025,0.035353985,0.0026927355,-0.011954398,-0.023060326,-0.039998457,-0.051612973,-0.044085845,-0.022764457,-0.0061861705,-0.0030275066,-0.0047358177,-0.017966144,-0.023216598,-0.01833268,-0.013839019,-0.010712498,-0.0073941625,-0.0031417287,-0.00022910301,-0.0011860961,-0.0048664077,-0.007520119,-0.0075411056,-0.006928122,fearful,03-01-06-01-01-01-01.wav
-526.2785,40.100624,-5.4062862,8.0860615,-3.384434,-3.6563706,-7.031596,-8.578679,-13.111328,-6.5697446,-4.4982853,-6.6619687,-3.4727762,-0.0013991412,-0.0018411524,-0.0014465388,-0.00085413316,-0.0001507703,0.0005619947,0.0011833751,0.0016288813,0.0018422295,0.00180245,0.0015253712,0.0010589767,0.00047471104,0.00023471047,0.00030998062,0.00024767764,0.0001532218,3.9302602e-05,-7.8926365e-05,-0.00018587954,-0.0002677041,-0.00031411034,-0.0003196492,-0.00028434853,-0.00021349682,-0.00011684334,angry,03-01-05-01-01-02-01.wav
-303.9083,22.274927,-20.232628,-3.0112534,-10.557668,-6.588677,-16.995611,-11.742131,-16.091635,-9.435908,-2.4795759,-8.391646,-6.020057,0.044962723,0.026309272,-0.028783342,-0.029412815,0.01149112,0.033836305,0.0011107126,-0.04737656,-0.042198565,0.003863871,0.026589135,0.010571033,-0.016136652,-0.003224651,-0.0027609766,0.00027075535,0.0004308565,-0.0026237343,-0.0045906156,-0.0019708239,0.0032299114,0.005831331,0.004041581,0.0017658956,0.0030064061,0.0059103197,angry,03-01-05-02-02-02-01.wav
-369.5954,39.190083,-15.472043,-0.9504297,-5.7813563,-1.2099698,-10.114829,-18.26914,-17.822475,-9.481161,-3.801051,-7.896282,-7.8260264,-0.88355076,-0.6743326,-0.019087104,0.020441556,-0.03392224,-0.04980881,0.025029028,0.15636976,0.15706472,0.08358848,0.038731836,0.06831871,0.10067281,-0.0008365498,0.019335175,0.020733261,0.0073896046,-0.002853417,-0.026266638,-0.013303097,0.016047757,0.011350919,-0.013527016,-0.021939004,-0.016096173,-0.010903344,fearful,03-01-06-02-02-01-01.wav
-735.524,60.409447,-3.4439847,14.033258,6.590172,-1.7684742,-1.7315738,-7.56915,-10.976077,-3.8221767,-0.9965823,-1.3543683,-1.2844809,-2.0210317e-07,0.0,1.8947173e-08,0.0,-2.5262896e-08,0.0,0.0,1.2631448e-08,-2.5262896e-08,-4.736793e-09,-1.2631448e-08,6.315724e-09,0.0,-1.8947173e-08,6.315724e-09,0.0,0.0,0.0,3.157862e-09,0.0,-3.157862e-09,-3.9473274e-09,1.578931e-09,0.0,7.894655e-10,0.0,sad,03-01-04-01-02-01-01.wav
-669.2902,54.79244,-0.9016668,10.5557,-0.1613753,3.6259089,-5.3917437,-10.095323,-7.446642,-1.4052045,0.10079613,-3.9632685,-0.50473076,0.002798425,0.0039502797,0.0039315857,0.0039008153,0.0038581756,0.0038042988,0.003739874,0.0036657057,0.003582667,0.003491834,0.0033942303,0.0032910497,0.0031834568,-0.0021711602,-0.0030656147,-0.0030517168,-0.0030286543,-0.0029966522,-0.002956007,-0.0029070664,-0.0028502638,-0.0027860915,-0.0027150777,-0.00263783,-0.0025549761,-0.002467177,disgust,03-01-07-01-02-02-01.wav
-491.2605,35.171394,-9.034343,1.8999572,-8.664879,-6.350328,-18.34103,-15.881721,-9.584091,-5.861492,-4.5087137,-5.8916154,-6.898972,-0.7302951,-0.3329378,0.035874538,-0.0036996799,0.14435934,0.043075416,0.07913573,0.054870162,-0.0014861532,0.10795308,-0.0035181206,-0.01577887,0.039986536,0.10008994,0.044236835,-0.00024976165,0.0007760565,-0.021133304,-0.01005358,-0.0024313347,0.0033934345,0.00915292,-0.015659532,-0.003061812,-0.0018679247,-0.009816999,disgust,03-01-07-02-01-02-01.wav
-669.9195,62.426224,0.9023565,16.833582,7.8117785,-1.847559,-0.9106542,-7.485837,-9.419271,-1.5074193,-2.4400957,-2.624329,-0.14111437,-0.088943854,-0.120077275,-0.106256545,-0.09117278,-0.079366125,-0.07057468,-0.062591396,-0.055396453,-0.051582895,-0.053015605,-0.058161333,-0.06331175,-0.065919176,0.0041493964,0.005032312,0.0030079628,0.0008105403,-0.000844339,-0.001916003,-0.0026678299,-0.0031040283,-0.0029028342,-0.0018647375,-0.00027202832,0.0012852884,0.0023793492,sad,03-01-04-02-01-01-01.wav
-691.5879,58.024662,0.1594637,13.62465,5.374111,1.1623366,-2.0833597,-5.382585,-10.332823,-3.6620817,0.5606018,-2.8382275,1.8347863,-0.017163215,-0.02399193,-0.023196742,-0.021980314,-0.020431327,-0.018588513,-0.01644984,-0.01402767,-0.011400169,-0.008716826,-0.0061487914,-0.0038219613,-0.0017841691,0.01044596,0.014666151,0.014355034,0.013865906,0.013228826,0.012468896,0.01160575,0.010660559,0.009662939,0.008650405,0.0076599917,0.0067168805,0.005829995,neutral,03-01-01-01-02-01-01.wav
-645.9547,63.116707,-4.388942,12.588353,4.2411594,-2.9022603,-5.6718736,-6.623362,-11.532382,-2.3804128,-1.2910128,-6.8026524,1.1827936,0.003980713,0.0056201173,0.005593084,0.0055483244,0.005486261,0.0054075243,0.0053127366,0.005202885,0.005078907,0.0049418765,0.0047929254,0.0046332614,0.0044641336,0.0011537393,0.0016295445,0.0016228545,0.0016117732,0.0015963491,0.0015768004,0.0015532383,0.0015258598,0.0014949051,0.0014605861,0.0014231872,0.0013829629,0.0013401977,happy,03-01-03-01-01-01-01.wav
-517.75696,48.02012,-10.221419,7.8318195,-0.1721484,-2.173067,-10.422513,-9.233612,-17.878963,-4.9133816,0.0017018935,-9.143923,0.11875633,-0.0036073572,-0.0036755675,-0.0014513942,-0.001618778,-0.0038943514,-0.004964127,-0.0032833323,-0.0012583844,-0.001722908,-0.0038878329,-0.0045699794,-0.0027854582,-0.0010581044,-0.0009976331,-0.0009520699,-0.00023140627,-0.00027644844,-0.0010169394,-0.0013934219,-0.0008749092,-0.00020410454,-0.0003218819,-0.0010331061,-0.0013097345,-0.0007603659,-0.00016021694,happy,03-01-03-02-02-01-01.wav
-683.8254,52.923653,-3.502081,10.541915,6.7804646,-2.0829623,-6.373839,-6.0263705,-9.960137,-1.5530092,-1.1180862,-5.8361487,-0.47120878,-0.0003519261,-0.0004981291,-0.00049631647,-0.0004935704,-0.00048972864,-0.00048481827,-0.00047882568,-0.00047181852,-0.00046379684,-0.00045480795,-0.0004448451,-0.00043399367,-0.0004222748,2.3300767e-05,3.2604163e-05,3.2499327e-05,3.232009e-05,3.2066455e-05,3.1742642e-05,3.1352043e-05,3.0894862e-05,3.0367299e-05,2.978034e-05,2.9127015e-05,2.8417042e-05,2.7648946e-05,surprised,03-01-08-01-01-02-01.wav
-573.3884,46.84191,-5.5694275,6.1290345,-0.574838,-0.7007692,-8.623765,-9.702099,-11.321594,-5.2469926,-1.4207599,-5.737756,-1.8040377,0.0041068867,0.0057971766,0.0057677547,0.0057187993,0.005650845,0.0055640065,0.005458913,0.0053361123,0.0051963483,0.0050402093,0.004868771,0.0046829465,0.0044836896,0.000786761,0.0011104692,0.0011047776,0.0010952781,0.0010820542,0.0010651933,0.0010447807,0.0010209325,0.0009937828,0.0009634911,0.00093022303,0.0008941627,0.00085551606,surprised,03-01-08-02-02-02-01.wav
-501.00818,42.180492,-0.9575307,-0.44900626,-4.0120096,-1.8501686,-13.47077,-15.385603,-8.4061365,-5.512526,-6.516119,-6.038745,-7.158528,-0.2709454,-0.21531314,0.021470306,0.08953145,0.06407579,0.008918833,0.037824057,0.10977447,0.050117154,-0.01989094,-0.020622334,-0.038172435,0.008428442,0.049106844,0.036559694,-0.008229871,-0.018281545,-0.011346318,-0.0005486601,-0.006424914,-0.019926116,-0.008004623,0.003962286,0.002607391,0.00757365,0.00086042366,disgust,03-01-07-02-02-02-01.wav
-620.26776,54.993256,-5.7295055,13.725475,3.9384515,-2.7418914,-6.81774,-9.286634,-18.480108,-4.8934646,-2.272598,-7.261102,0.36146057,1.3268512e-06,0.0,0.0,0.0,-2.3693772e-08,-1.777033e-08,0.0,2.3693772e-08,0.0,-5.923443e-09,0.0,0.0,-5.923443e-09,-1.777033e-08,-1.1846886e-08,-1.1846886e-08,7.404304e-10,0.0,0.0,-1.4808608e-09,7.404304e-10,2.9617215e-09,-1.1106456e-09,0.0,1.4808608e-09,7.404304e-10,sad,03-01-04-02-02-01-01.wav
-680.84985,60.804207,-1.9560483,14.204766,6.8270864,-2.8811655,-2.4629228,-8.663905,-11.039645,-4.454039,-4.258487,-1.6950513,-0.8582155,1.2868858e-06,9.192041e-08,2.872513e-08,-1.1490052e-08,2.2980103e-08,0.0,0.0,0.0,0.0,0.0,0.0,-1.7235077e-08,-2.872513e-09,-2.872513e-09,5.745026e-09,-2.872513e-09,2.872513e-09,-2.872513e-09,7.181282e-10,0.0,7.181282e-10,0.0,1.4362564e-09,0.0,7.181282e-10,0.0,sad,03-01-04-01-01-01-01.wav
-626.5222,52.807495,0.2726891,4.734687,3.4398108,-0.42759243,-9.445804,-6.7852254,-13.305903,-4.895431,-0.562292,-6.350317,-3.3224087,3.6115478e-07,0.0,0.0,0.0,3.385826e-08,-5.6430434e-09,1.4107608e-09,2.2572173e-08,0.0,4.2322825e-09,0.0,0.0,-5.6430434e-09,-5.6430434e-09,2.8215217e-09,-2.1161413e-09,1.763451e-09,-1.4107608e-09,4.2322825e-09,0.0,5.6430434e-09,1.4107608e-09,1.4107608e-09,1.4107608e-09,5.290353e-10,2.1161413e-09,disgust,03-01-07-01-01-02-01.wav
-368.34802,22.302992,-18.730825,3.212489,-10.238884,-5.3979936,-12.250566,-7.984237,-16.876492,-9.074471,-4.798123,-8.329526,-4.87846,-0.74006265,0.32556522,0.0922992,-0.109891474,0.09269517,-0.02594522,0.035672143,0.14022027,0.020520488,0.039229766,-0.013006559,-0.016819222,0.0034878317,-0.09361543,-0.0056004287,0.002756419,0.012811404,0.030504756,0.007898994,0.0074126655,0.0071879043,0.0019906235,0.011496246,-0.0037772863,3.3579174e-05,0.009231593,angry,03-01-05-02-01-02-01.wav
-439.20685,52.212185,-12.541273,5.1477284,1.791493,5.8628416,-5.597445,-12.138769,-14.728991,-1.9501579,2.1356723,-3.6719656,-0.5904326,-0.014144615,-0.010670397,0.023356924,0.030053042,0.0036712398,-0.01586084,-0.03451926,-0.021713244,0.01495579,0.005511732,-0.013210548,-0.010953824,-0.020022603,-0.023068499,-0.01733565,0.0015821705,0.005401511,0.0037624384,0.0010101221,0.004868568,0.00783778,0.0013035834,0.00313836,0.007961276,-0.0015570229,-0.0052680857,fearful,03-01-06-02-01-01-01.wav
-622.86993,61.635395,7.414828,18.84099,10.033153,3.9887211,-1.035189,-5.580242,-8.488827,0.3211511,0.076060556,0.36447456,2.7944243,0.28104785,0.16780294,0.022195803,0.0636271,0.056639433,0.040878963,0.011896351,-0.0069705015,-0.0072592665,0.010346099,0.017686728,0.0130361,0.003809308,0.1883238,0.15511397,0.03664475,0.018935177,0.01811069,0.017007206,0.022714384,0.030974746,0.02634354,0.014033888,6.594434e-05,-0.007190008,-0.00717432,fearful,03-01-06-01-02-01-01.wav
-530.8293,44.267376,-2.8641326,8.589871,0.015043081,-3.4850922,-4.3523197,-6.5773487,-15.150324,-4.9910283,-2.5813372,-5.7878013,0.28295955,-0.011217011,-0.008775036,0.0060784593,0.015321187,0.010806031,-0.0031125026,-0.013788401,-0.011898129,0.00031388324,0.011537173,0.011955108,0.0019305744,-0.008951536,0.0017107081,0.00012955755,-0.000373479,0.0014552367,-2.1124479e-05,-0.0003274183,0.00030226144,-0.0009923114,-4.629763e-05,0.00052628753,-0.0016426492,-0.0004972612,0.001158822,angry,03-01-05-01-02-02-01.wav
-661.4794,56.338783,-0.10038877,12.948809,3.4572427,-1.098002,-3.9645517,-7.314169,-11.041141,-2.5731146,-0.8059697,-3.7987452,-1.9456606,-0.010816586,-0.0152710555,-0.015192044,-0.015061123,-0.014879426,-0.014648643,-0.014370787,-0.014048271,-0.013683955,-0.0132809775,-0.012842789,-0.012373114,-0.011875888,0.0008103785,0.0011428633,0.0011333344,0.0011175707,0.0010957281,0.0010680279,0.0010347288,0.0009961673,0.0009527253,0.000904818,0.0008529183,0.000797507,0.0007391245,surprised,03-01-08-01-02-01-01.wav
-605.2245,51.048885,-5.42721,8.577295,4.108054,-2.6509154,-8.000927,-6.305148,-11.018701,-4.717957,0.42527136,-7.8209205,0.11580417,4.0963192e-07,0.0,-3.840299e-08,0.0,-9.600748e-09,1.2800998e-08,0.0,3.2002494e-09,-1.2800998e-08,0.0,-1.2800998e-08,0.0,1.6001247e-09,-3.2002494e-09,0.0,-3.2002494e-09,1.6001247e-09,0.0,-4.0003117e-10,-1.6001247e-09,-8.0006235e-10,-1.6001247e-09,8.0006235e-10,-1.6001247e-09,-8.0006235e-10,0.0,surprised,03-01-08-02-01-01-01.wav
-627.47046,50.890545,-4.893386,10.507071,3.7041092,-3.614306,-8.667971,-7.146425,-15.135481,-4.434603,-2.2045414,-6.959076,0.33116063,1.335144e-06,0.0,0.0,-5.9604646e-09,0.0,2.3841858e-08,1.1175871e-09,-2.9802323e-09,1.1920929e-08,0.0,5.9604646e-09,-2.9802323e-09,0.0,5.9604646e-09,0.0,4.4703485e-09,0.0,2.9802323e-09,1.4901161e-09,0.0,1.4901161e-09,-2.2351743e-09,3.7252904e-10,1.4901161e-09,-3.7252904e-10,-7.4505807e-10,sad,03-01-04-02-01-02-01.wav
-489.86877,43.945282,-6.9385076,-5.690658,-9.426027,-1.9371544,-11.578997,-17.378063,-13.903121,-6.911768,-3.5516462,-4.3722677,-7.017699,0.44868535,0.07767323,-0.122391544,-0.034810487,-0.084414326,-0.028365668,-0.03041416,-0.07598689,-0.035802525,-0.0041203345,-0.006827913,-0.022267465,0.0074444585,-0.15158555,-0.042090062,0.044113908,0.015458733,0.035974152,0.014235145,0.011276047,0.03666232,0.017129557,-0.0025698536,0.0005223802,0.006611868,-0.0026393514,disgust,03-01-07-02-01-01-01.wav
-667.50525,71.2468,1.9786962,12.600777,1.8061317,3.438275,-4.8249874,-12.123671,-8.4513235,-2.0306587,-2.5171833,-3.0232697,-0.9917701,-0.08296393,0.016360898,0.049550857,-0.059194148,-0.00998699,0.029107664,0.012156673,0.027828442,0.023108691,0.008458532,0.021368489,0.018224271,-0.0078095715,-0.099238515,-0.07225638,0.020570405,0.0013363587,-0.007765182,0.0010344122,0.0044166874,0.016543431,0.012292761,0.0032016013,0.0034150626,0.004417375,-0.002017196,disgust,03-01-07-01-02-01-01.wav
-711.7862,59.567207,0.7109443,15.603702,6.0233517,-0.16229159,1.2461175,-7.515768,-12.228474,-3.9741051,-2.3960714,-2.4673662,-0.06185333,-0.06238838,-0.08586821,-0.07914705,-0.06907881,-0.057046186,-0.04446775,-0.03250755,-0.021920543,-0.013062295,-0.0060238317,-0.0008060377,0.0025573233,0.0039851763,0.012160301,0.01664276,0.015067594,0.012711297,0.009902541,0.0069794343,0.004220786,0.0018089243,-0.00016899877,-0.0016902799,-0.0027563898,-0.003364296,-0.003502689,sad,03-01-04-01-02-02-01.wav
-427.11377,45.139065,-15.436683,-1.1301705,-0.7227585,1.9657453,-13.529378,-15.487787,-17.104061,-9.546004,2.3383806,-7.4597096,-7.364611,0.2219715,0.18036205,-0.029121004,-0.04493604,0.08296994,0.10103802,-0.04506249,-0.14561959,-0.07497011,0.03934061,0.039459456,-0.045507137,-0.08011733,-0.023631683,-0.020893043,0.0038618506,0.013539944,0.0006646863,-0.0082578575,0.0057347687,0.023437055,0.018466588,-0.003385643,-0.014533383,-0.006263997,0.0012330163,fearful,03-01-06-02-02-02-01.wav
-401.70172,29.973305,-15.743985,4.8785286,-6.717307,-3.9170728,-11.36485,-9.566884,-16.95793,-6.610147,-4.1125803,-8.695933,-3.1835449,-0.017825335,0.5052115,0.06201467,-0.13214433,-0.01915244,0.035699386,-0.0055089155,-0.24076934,-0.18213941,-0.025423966,0.014680804,0.0740739,-0.014931862,0.06748615,0.04297873,-0.014946071,-0.012191019,-0.0099534085,0.0024886504,-0.003842455,-0.016221587,-0.0033691209,0.0068774316,0.013463949,0.007907371,0.0021283769,angry,03-01-05-02-02-01-01.wav
-546.11554,42.51581,-6.0192432,12.6451235,-1.4078629,-2.7939098,-4.3140874,-1.4580283,-12.457061,-4.777245,-0.857797,-4.766825,-0.71025306,1.09644e-06,4.5685e-08,2.28425e-08,-5.710625e-09,1.142125e-08,2.28425e-08,5.710625e-09,1.142125e-08,-1.142125e-08,1.4276562e-09,0.0,4.2829686e-09,0.0,2.28425e-08,5.710625e-09,-2.8553124e-09,0.0,5.710625e-09,0.0,5.710625e-09,0.0,-2.4983984e-09,1.0707422e-09,-7.138281e-10,-1.4276562e-09,8.922851e-10,angry,03-01-05-01-01-01-01.wav
-603.3856,55.155254,-6.0278044,9.1299,4.394856,-4.041097,-8.073682,-12.255181,-16.346151,-4.0777416,-3.449183,-6.1606865,-0.26365253,-0.18417223,-0.1971195,-0.08194378,-0.02936213,-0.035405006,-0.011864219,0.058482017,0.09778646,0.064251915,0.015268071,0.008649997,0.01622335,-0.0129623655,0.032332767,0.032435343,0.008461054,-0.0018562055,0.00076152413,-0.0023688313,-0.015269987,-0.022242658,-0.015061697,-0.0056256144,-0.005245189,-0.007468687,-0.001989562,fearful,03-01-06-01-01-02-01.wav
-692.8558,55.363895,-1.5483198,16.038307,8.8188095,-0.14658615,-1.3733923,-5.293179,-11.623184,-1.3482827,0.8437144,-2.6412783,1.0172504,0.0038583544,0.0054291617,0.0053491197,0.005218837,0.0050427252,0.004826652,0.0045776037,0.004303462,0.0040123994,0.003712899,0.0034127103,0.0031190151,0.0028378633,-0.005761274,-0.00812359,-0.008052046,-0.007934466,-0.007773242,-0.0075717005,-0.007333815,-0.0070642554,-0.0067681223,-0.006450845,-0.006117923,-0.005774838,-0.005426792,neutral,03-01-01-01-01-02-01.wav
-652.70056,57.02253,0.4184397,18.289316,2.630988,0.41835576,-2.5292733,-6.284706,-13.434196,-3.6181443,0.6169871,-4.5894275,2.5763211,-0.09849377,0.0045434474,-0.12623522,-0.015364289,-0.094052576,-0.042892653,-0.05876256,-0.062244784,-0.034570944,-0.06464948,-0.025588358,-0.05266452,-0.025888896,-0.025054669,0.021572566,-0.030650567,0.012960946,-0.019012306,0.0006449878,-0.0067167236,-0.009009851,0.0007793382,-0.012338096,0.0019993507,-0.01011131,-0.0005705014,happy,03-01-03-01-02-02-01.wav
-559.92334,54.875935,-11.518559,5.4953065,2.4158702,-1.8642912,-11.11178,-7.596748,-14.508147,-7.4336433,3.2631516,-7.8864737,-1.6498955,0.008734442,0.0068359375,-0.0025274921,-0.0047887815,-0.0005881437,0.0008845481,-0.002980378,-0.005203466,-0.001532828,0.0028729287,0.0023541783,-0.00045513955,0.00020062999,0.0015210832,0.00088309025,-0.00013662447,0.0007548879,0.00030168454,-0.0017827331,-0.002131541,-0.0008309503,-0.00047272633,-0.0010916488,-0.0009935246,9.2668895e-05,0.0007493872,happy,03-01-03-02-01-02-01.wav
-587.2151,44.827526,2.074004,7.1293173,4.032632,0.64889276,0.96753764,-12.488896,-0.35207784,-0.9613565,-3.3735094,-4.9400454,-3.1461675,0.009915405,0.013943912,0.013710069,0.013323381,0.01278808,0.012110353,0.011297987,0.010360039,0.009307499,0.008152055,0.0069071064,0.005586741,0.004206043,-0.0020345207,-0.0028636265,-0.0028222573,-0.0027539597,-0.002659849,-0.0025413344,-0.0024001782,-0.0022385018,-0.0020586238,-0.0018631432,-0.0016547858,-0.0014364072,-0.0012109162,surprised,03-01-08-01-02-01-08.wav
-553.0785,47.79044,-8.243609,7.8722076,-0.24946925,-0.6615601,-0.024638325,-15.0957985,-2.635334,1.3237264,-4.086614,-6.097185,-0.59512097,1.3977491,0.47393468,-0.11960611,0.03887419,-0.016372478,0.054820016,-0.07157272,-0.1002688,-0.099407285,-0.0042471597,0.034424093,-0.036136713,0.012665335,-0.12212158,0.083176754,0.058013417,0.020000173,0.0341797,0.02993171,0.027859593,0.027042717,0.029813671,0.0072737136,-0.00029633922,-0.0045015747,-0.005856445,surprised,03-01-08-02-01-01-08.wav
-605.901,51.23104,4.720354,12.248282,2.8497114,-0.3528262,-2.1470966,-14.420917,-2.5357294,1.6793126,-0.761944,3.0424306,1.1434363,1.4533936,0.21781678,-0.1247134,0.026327224,-0.4004397,-0.09218157,-0.0058993697,-0.17776184,-0.046543516,0.012288874,0.14067575,0.04852033,0.023945982,0.14270614,-0.032976344,0.00027390366,0.02041345,-0.06806043,-0.011433742,0.016972475,0.0074092527,0.02184511,0.008784286,0.015974008,0.006764659,0.011916551,disgust,03-01-07-02-01-01-08.wav
-631.4387,57.50897,-4.290871,16.429256,8.86519,-2.9710858,-2.071847,-16.997395,-5.9702244,2.6494162,-4.5699363,-3.331047,0.79250884,0.49444517,0.30933583,-0.16841164,0.06761305,0.030704891,-0.01630985,-0.087310255,-0.14613014,-0.04726706,0.04119911,-0.09763097,-0.10925275,0.019755924,-0.23592497,0.04862679,0.0056572407,-0.004030138,0.006543126,-0.005493318,0.0052701235,0.010603075,0.008371417,0.0027345729,-0.0005192301,-0.006917603,0.00092529727,sad,03-01-04-02-01-02-08.wav
-726.46796,71.1644,14.980065,19.136406,12.125372,7.047561,0.29581422,-8.836231,-2.5661685,1.8502314,3.125437,-7.390643,1.9144363,0.081043534,-0.019526739,-0.072351724,-0.00573975,0.04238273,0.012984814,-0.051202446,-0.09577613,-0.029287802,0.039446097,0.03353144,-0.025453348,-0.07393111,0.039555598,0.033598587,0.018096976,0.0071125696,-0.008392771,-0.016146962,-0.0053829583,0.011125092,0.009842616,-0.0045040715,-0.013767193,-0.006048142,0.0002478789,sad,03-01-04-01-02-02-08.wav
-670.4571,61.211514,17.01648,13.151336,7.30024,2.749274,-1.6517869,-9.591499,-3.2634013,2.8366346,-4.0601,-0.44769898,-2.5667326,-0.09528575,-0.1034234,-0.05005906,-0.02108123,0.0015168695,0.03231551,0.040030338,0.019129608,0.007443944,0.011110362,0.0038874683,-0.007114571,-0.0016111038,0.02125459,0.027385946,0.021106979,0.013566791,0.0060433783,0.0015662053,0.002894548,0.006972876,0.007924291,0.0048815063,0.000842323,-0.0034360767,-0.007618303,disgust,03-01-07-01-02-01-08.wav
-491.6879,30.020063,-4.5919576,2.3784633,-8.495287,-6.713245,5.8948903,-11.744558,-4.040739,-5.0566235,-2.9487896,-2.4691963,-2.8058116,-0.017144423,-0.024217214,-0.02413092,-0.023987794,-0.023788795,-0.023535801,-0.023230577,-0.022875639,-0.022473568,-0.022027506,-0.021540618,-0.021016635,-0.020459076,0.0004845766,0.0006850316,0.00068370195,0.00068147975,0.00067845214,0.0006747192,0.00067036273,0.0006655103,0.00066030864,0.00065487815,0.0006494048,0.0006440351,0.0006389488,angry,03-01-05-02-02-01-08.wav
-449.78687,22.528927,-16.186636,2.8675323,-4.9624233,-8.193513,3.6673245,-14.851761,-4.6546545,1.0787375,-4.2966037,-0.858183,-2.158826,0.18842702,0.21372977,0.12091228,0.07811001,0.077776805,0.07271316,0.061040565,0.0568723,0.053923577,0.04799016,0.044550344,0.042445794,0.03878158,0.03875247,0.040709067,0.015891986,0.0044253604,0.0043336195,0.0030419405,5.2775355e-05,-0.00086400646,-0.0013906234,-0.0026842903,-0.0033355572,-0.0036811898,-0.004477922,fearful,03-01-06-02-02-02-08.wav
-548.3757,58.353615,-14.332643,11.300485,4.599408,-1.3779119,5.340996,-12.428349,-2.3947155,1.9606208,-3.2140162,-5.8482656,1.1516383,-0.061107516,-0.033152815,0.034137174,0.021615934,-0.020242931,-0.0369746,-0.035942964,-0.035431497,-0.04483061,-0.048708465,-0.039851062,-0.037692785,-0.027817205,-0.03712218,-0.025839603,0.020186918,0.024806235,-0.006001117,-0.01020913,0.016438408,0.026335044,0.008273515,-0.0068753394,-0.001378558,0.007849968,0.0021926246,fearful,03-01-06-01-01-02-08.wav
-564.77216,52.483612,-5.835359,11.021634,-0.66023433,-2.3122363,5.958792,-7.853401,-1.6240346,-2.5810397,-2.2430701,-3.8750062,-1.9347721,0.2673131,0.10169096,-0.23379593,-0.19561708,-0.0692146,-0.065697834,-0.10791912,-0.10428061,-0.060074944,-0.032142222,-0.074978806,-0.13574491,-0.09314953,0.075729154,0.038652103,-0.043809384,-0.034266252,-0.0045930683,-0.004330367,-0.013789001,-0.013477099,-0.004671484,0.0017182969,-0.0076979445,-0.022454608,-0.013241428,angry,03-01-05-01-01-01-08.wav
-681.0025,67.64851,7.725306,21.931631,6.958629,0.80194235,5.9756565,-7.58668,1.375819,-1.8393384,1.2272732,-2.2131734,0.0073229554,-0.037170023,-0.045974538,-0.02997108,-0.0129828,-0.0026616382,-0.00248321,-0.010663331,-0.020920565,-0.026241418,-0.024016678,-0.01763304,-0.012820116,-0.012574227,0.008082402,0.009835066,0.005818787,0.0011233357,-0.0025659185,-0.004278361,-0.0041024676,-0.003176768,-0.0028364684,-0.0033698454,-0.0037690848,-0.0028140354,-0.00027837686,neutral,03-01-01-01-01-02-08.wav
-628.22565,51.61706,-7.357043,14.238406,8.794811,-3.9522135,-2.728626,-9.708152,-0.5653005,-2.9481304,-1.8146628,-1.7840902,-1.6240797,-0.0008854194,-0.0013827637,-0.0017539159,-0.002309684,-0.002963066,-0.0036070396,-0.004127912,-0.004418264,-0.0043907166,-0.003987946,-0.0031914422,-0.0020238762,-0.0005484715,-0.0044910125,-0.0062317015,-0.005885998,-0.005348417,-0.004672513,-0.0039247684,-0.0031776011,-0.0025013445,-0.0019568645,-0.0015889854,-0.0014221172,-0.0014577664,-0.0016749721,happy,03-01-03-01-02-02-08.wav
-549.22577,46.97469,-20.78857,15.634535,2.782105,-6.6534343,2.9284108,-5.4709077,-0.13389163,-2.1791587,-4.6479335,-2.529001,-1.9027332,0.0024587417,0.0035025692,0.0035808156,0.0037102331,0.0038888017,0.004114162,0.0043831943,0.0046922355,0.0050371047,0.0054132473,0.0058155456,0.0062387343,0.006677323,-0.0052136276,-0.0075880354,-0.0075200307,-0.0072091175,-0.0073266197,-0.0071281316,-0.0067323456,-0.006761737,-0.006448664,-0.005988459,-0.0059474614,-0.0055441293,-0.0050467723,happy,03-01-03-02-01-02-08.wav
-683.53705,63.510326,11.813029,20.220774,6.914349,2.296723,3.1121447,-9.120956,-0.9868928,-2.9859974,0.16973469,-3.3464372,0.8352184,0.015382255,0.022961413,0.02309576,0.016187979,0.0021966486,-0.011040308,-0.016012553,-0.014248742,-0.013441709,-0.016123304,-0.015745463,-0.0059102126,0.010698568,-0.008196497,-0.009937236,-0.005983895,-0.0018905378,0.0008951761,0.002599389,0.0040235682,0.004800309,0.0034621938,-0.00046656333,-0.0049874526,-0.007118644,-0.0059311357,neutral,03-01-01-01-02-01-08.wav
-647.2015,62.15176,-6.9382267,18.696146,7.2755013,0.7033091,1.5012641,-7.2489758,2.031841,-2.1586397,0.32893524,-3.082445,-0.54507554,-0.0008039664,0.03296227,0.072735764,0.04878529,0.0061373427,0.004497402,0.015573628,0.002312616,-0.012384199,-0.0107694715,-0.012348536,-0.017543148,-0.0062071946,-0.0018483346,0.004545169,0.0134472195,0.00964477,0.0017314802,0.0017947251,0.0038842768,0.0008377508,-0.0019836237,-0.001969459,-0.0034634084,-0.004188928,-2.4959741e-05,happy,03-01-03-01-01-01-08.wav
-520.5138,42.83813,-21.192091,10.795836,3.5025375,-10.808697,-3.0215652,-12.516263,-3.5439303,-4.8501873,-9.035115,-3.6025758,-4.5786543,0.005045879,0.030836059,0.051969506,0.04336516,0.043869168,0.044737507,0.035224076,0.034394126,0.02993039,0.016628472,0.011614765,0.012872544,0.018068796,-0.010976466,-0.008574651,0.008705231,0.012885088,-0.0012277222,-0.00031636638,0.013134053,0.008978885,-0.0037572153,-0.0015374623,0.008856271,0.008540652,-0.0043557356,happy,03-01-03-02-02-01-08.wav
-612.85724,50.717537,-0.40947592,9.130422,1.3443317,0.96475804,2.2163398,-12.782492,0.14626549,-1.8606315,-2.7878485,-6.2075953,-0.6543393,0.006023314,0.00849347,0.008419246,0.008285714,0.008080389,0.0077890013,0.0073983436,0.0068995664,0.0062906453,0.0055782967,0.0047796704,0.003921625,0.0030400695,0.007331877,0.010283459,0.010032017,0.009627851,0.009091729,0.008449935,0.0077316985,0.0069667273,0.0061827293,0.005403365,0.0046469467,0.0039257216,0.0032459395,surprised,03-01-08-01-01-02-08.wav
-565.2974,41.74179,1.232112,3.988075,-0.35428312,-0.20929393,1.5510644,-15.275852,-4.7219973,-3.631249,-3.0696664,-7.3220463,-3.9997475,0.0020914592,0.003057537,0.0033506746,0.0038306185,0.004484822,0.0052961246,0.0062438026,0.0073039117,0.008450103,0.009654725,0.010889659,0.012126729,0.0133389,-0.002257333,-0.0032058933,-0.003245515,-0.0033095353,-0.0033950391,-0.0034981202,-0.003614113,-0.0037377637,-0.0038634778,-0.0039855908,-0.0040985867,-0.004197297,-0.0042771366,surprised,03-01-08-02-02-02-08.wav
-664.99304,59.323875,-1.17425,15.879746,9.956027,-0.6131135,1.1434776,-11.942701,-3.5732484,5.290235,-7.269204,-1.5600092,-0.020122312,0.018111126,0.029425543,0.034643028,0.033311687,0.028819649,0.028649287,0.030850476,0.028259277,0.021437699,0.016829263,0.015027964,0.011049042,0.004668458,0.0014408639,-0.007943225,-0.019545088,-0.015665699,-0.0075805485,-0.0057667037,-0.008503845,-0.009133487,-0.0036265745,0.00079459214,-0.0004007824,-0.0010179139,-0.00032615813,sad,03-01-04-02-02-01-08.wav
-628.3875,47.70223,11.173062,12.239256,4.3383555,-4.2949166,-4.679065,-6.9313293,-1.5081728,-0.5647511,-4.1501427,4.7143216,-3.8040574,-0.009184146,-0.011654586,-0.008013626,-0.003043192,0.0019570496,0.005750759,0.0075207786,0.0070884386,0.004929777,0.0019911807,-0.0006311611,-0.0020441352,-0.0018289303,-0.0067547783,-0.0083516715,-0.005078467,-0.0006208877,0.0038396656,0.0071780924,0.008650191,0.008093322,0.0059437086,0.00307069,0.0004843809,-0.0009870372,-0.0009488688,disgust,03-01-07-02-02-02-08.wav
-686.74255,75.62344,8.773573,16.017714,3.886865,4.0736566,-0.623614,-7.881228,-3.1705368,1.5828338,-1.9406798,-2.2362413,-1.0605372,-0.0659195,-0.05669252,-0.0308098,-0.028834648,-0.010945398,-0.006562407,-0.0011606036,-0.0068366094,0.002890149,0.045618452,0.044372894,0.00033312623,-0.03897085,0.042079,0.043254163,0.025915472,0.017343707,0.0041640615,-0.00034718544,-0.0020167814,-0.008315077,-0.006478488,0.0034307805,0.0052073,-0.0047786874,-0.013060918,disgust,03-01-07-01-01-02-08.wav
-724.1231,61.615753,16.32777,18.997255,14.1883745,6.534617,3.955596,-4.259204,-0.1389006,-1.0910386,0.87509793,-7.1221695,2.6659062,-0.1590204,-0.12805663,-0.0031526377,0.01491968,0.010411115,0.023552297,0.027970586,0.021109728,0.00457356,0.00719383,0.030334944,0.020654773,-0.00828793,0.02627115,0.03637978,0.028581556,0.010022779,-0.005043783,-0.008200819,-0.0020504417,0.004158872,-0.0012671807,-0.0055388617,0.004892957,0.01066433,0.0022674499,sad,03-01-04-01-01-01-08.wav
-436.11075,21.274632,-19.265514,7.2966857,-4.880798,-7.4644704,0.24345739,-10.680866,-3.7917843,-0.51699775,-3.096009,-1.9080232,-2.0956619,0.052019697,0.0723908,0.069042385,0.06401387,0.05798678,0.051670473,0.045649495,0.040284656,0.035690647,0.031787183,0.028398458,0.025358876,0.022590326,0.008543935,0.011374584,0.009763629,0.008137836,0.0067361924,0.005177725,0.0033784893,0.0018995869,0.0011807957,0.00083381875,0.000109762645,-0.0010927784,-0.0021316847,fearful,03-01-06-02-01-01-08.wav
-378.92734,28.565544,-19.603758,5.2932644,-11.753315,-9.839315,5.232433,-6.434094,-5.0678616,-3.4087467,-3.957411,-3.4845777,-5.2584505,0.0014759836,0.0021423153,0.0023028045,0.0025449647,0.0028346067,0.003130743,0.003391339,0.003579286,0.0036674219,0.0036425092,0.0035069003,0.0032782832,0.0029871068,-0.0010229474,-0.0014874628,-0.0015231437,-0.0014268401,-0.0012301668,-0.0010911028,-0.0010764868,-0.0010807909,-0.0009995853,-0.00089702284,-0.00091601844,-0.0010642278,-0.0011949013,angry,03-01-05-02-01-02-08.wav
-587.09485,45.588444,8.846893,11.511248,-0.85139376,-2.6782138,6.7477264,-6.3693213,-5.092102,-3.7030845,-3.21491,-3.534084,-2.28528,0.08738372,0.085969456,0.0147427395,-0.020859087,-0.009649822,0.0028613696,-0.013014291,-0.03486066,-0.029168885,-0.0010945952,0.017231606,0.015602956,0.018205766,0.026365392,0.027200947,0.007921442,-0.0022846817,-0.00045713046,0.0014506981,-0.0042961976,-0.011683203,-0.011789082,-0.005896148,-0.002396261,-0.003914779,-0.0040379767,angry,03-01-05-01-02-02-08.wav
-529.3427,54.106487,-17.317263,0.114644244,3.1434221,-5.4924145,-4.354841,-21.533918,-3.6902716,1.0265123,-7.7923126,-6.5045753,-3.134654,0.297643,0.2586178,-0.32107452,-0.08876667,0.050938014,-0.10770355,-0.102010906,-0.27905905,-0.071108386,-0.015206647,-0.109758295,-0.16415735,-0.06784135,-0.0703742,0.018070703,0.0072991657,-0.023374014,-0.00092616916,-0.009184678,0.018315416,-0.00482937,0.0045820773,0.018257126,0.012482427,-0.0016000662,0.00014582514,fearful,03-01-06-01-02-01-08.wav
-538.9624,49.61706,-21.386724,8.598838,2.7186365,-9.611737,-0.2121458,-11.348082,-1.3408452,-2.927066,-6.714442,-4.4597893,-1.9994805,0.8590601,0.34244236,-0.3823809,-0.06288664,-0.060829334,-0.0711873,-0.055855792,-0.27233303,-0.06482744,0.081882454,-0.14376262,-0.054201517,0.07376363,0.02276721,0.0052504977,-0.0064121988,0.006362199,-0.007647605,0.0010423514,0.016925516,0.002693712,5.4463286e-05,-0.0016941515,-0.005132671,0.013492061,0.013455765,happy,03-01-03-02-01-01-08.wav
-657.29095,58.617462,0.9372658,18.93901,9.581891,-1.2384709,1.5025828,-7.45251,0.8871638,-1.8683711,-1.391957,-2.4920309,-2.0525734,0.0320874,0.04221156,0.032960992,0.02177742,0.012990952,0.005944061,0.0014425532,0.0003046926,0.00042809805,0.0017343394,0.0031013996,0.0028299459,0.0036499659,0.009416834,0.012499389,0.010696802,0.008533427,0.0063905064,0.0050340653,0.0043528606,0.004031342,0.0042151585,0.0043210564,0.0040498017,0.0037362513,0.0031681887,happy,03-01-03-01-02-01-08.wav
-688.7475,63.248642,8.932154,21.843252,7.3047523,2.143417,5.89738,-9.047279,2.7432456,-1.7892537,2.2842977,-3.9707355,0.73977464,-0.0071059475,-0.0075596687,-0.0011535543,0.0058446466,0.008897945,0.0054552443,-0.0027449527,-0.011509561,-0.018162847,-0.02293367,-0.027030472,-0.030770624,-0.0334683,0.0053643296,0.00650484,0.0031505767,-0.0019102223,-0.0066839615,-0.009187644,-0.00916763,-0.007613787,-0.005274274,-0.0024695555,0.00033661467,0.0027069603,0.0045637065,neutral,03-01-01-01-01-01-08.wav
-552.36725,49.291687,-4.5664263,6.259777,-1.4917266,-1.6722691,1.8266449,-15.208136,-2.1378624,-0.3670005,-3.8519378,-5.717832,-1.8953485,1.2785041,0.4008906,-0.25387907,-0.08105935,-0.052976526,0.030953348,-0.15022412,-0.22256842,-0.17929094,0.013138497,0.02077577,-0.023404693,0.004165375,0.17897853,0.031023398,-0.03257391,-0.006391564,-0.016479291,0.0012164146,-0.019385625,-0.0274609,-0.028478418,-0.0071954667,0.0034043132,0.0010545492,-0.0032165193,surprised,03-01-08-02-01-02-08.wav
-625.64185,51.851006,8.459842,11.891867,3.4923725,-0.49105248,3.9098077,-10.505785,-1.954372,-1.794172,-2.0190666,-5.9957337,-2.7320368,-0.022012549,-0.031071432,-0.030890571,-0.030576494,-0.030111725,-0.029474296,-0.028640164,-0.027586794,-0.026296342,-0.02475988,-0.022980273,-0.020975297,-0.01877933,-0.0036605387,-0.0052150902,-0.0053269803,-0.005504411,-0.0057340395,-0.0059979404,-0.0062742513,-0.0065384707,-0.0067649106,-0.0069287983,-0.0070079495,-0.006985327,-0.006850619,surprised,03-01-08-01-02-02-08.wav
-539.91254,46.299046,-0.2552052,12.372512,-6.6713953,-3.348407,7.26141,-4.7181077,-3.3497431,-4.3196115,-0.9478499,-2.2409625,-0.922998,1.8211377,0.14305827,-0.20974883,0.04733985,-0.22737312,0.0029906402,0.09400484,0.008728868,-0.09365298,0.040278252,0.09353306,0.04623286,0.06472888,0.047059193,-0.00821407,-0.0073726666,0.023985991,0.013707888,0.042323377,0.022604275,0.01913344,0.021696616,0.012456057,0.01458926,0.009689132,0.0054389117,angry,03-01-05-01-01-02-08.wav
-532.724,45.157578,-22.207266,6.548306,1.3575135,-8.294934,-1.9152793,-17.845953,-3.9103386,-4.1628075,-7.9907823,-7.333286,-3.0371659,0.0877973,0.073164344,-0.03217194,-0.05395198,0.002472556,-0.014544198,-0.08467827,-0.10274774,-0.064018525,-0.04354694,-0.06740552,-0.07768861,-0.04333554,-0.023525737,-0.00605753,0.017871436,0.0023878368,-0.00549381,0.0033680936,0.01010699,0.010743115,0.003963019,-0.00051691366,0.0032158396,0.0043119662,0.0055273646,fearful,03-01-06-01-01-01-08.wav
-465.8665,24.876696,-16.959997,-2.0052416,-7.156404,-7.661454,-0.8298382,-13.5636,-8.59836,-1.9535643,-4.937593,-1.8185548,-0.4514622,0.008506729,0.013735051,0.016595965,0.017399725,0.016959656,0.018566154,0.022418264,0.024981778,0.02433247,0.022964329,0.023605734,0.024768926,0.023158798,0.0018525037,0.0024981585,0.002364758,0.0025411716,0.0029139498,0.003093761,0.003006798,0.0029799703,0.0031883263,0.0033488802,0.0031523753,0.0027498684,0.0025222916,fearful,03-01-06-02-02-01-08.wav
-474.42636,34.59176,-7.443823,6.1437035,-8.397312,-8.857314,6.848206,-11.996029,-5.288773,-5.9530125,-4.036293,-3.0560193,-2.6933255,-0.0019146379,-0.0026670322,-0.0025495603,-0.0023719156,-0.0021580132,-0.0019355579,-0.0017317268,-0.0015679378,-0.0014569106,-0.0013997023,-0.0013853061,-0.0013924617,-0.001392413,-0.0004392976,-0.0006157426,-0.00060035015,-0.0005771704,-0.0005496915,-0.0005222278,-0.00049958413,-0.0004864764,-0.00048705158,-0.0005043474,-0.00054001826,-0.0005939865,-0.0006643936,angry,03-01-05-02-02-02-08.wav
-688.6667,55.18444,16.206078,13.996451,9.766482,1.7994399,2.8688517,-6.56754,-3.0976882,2.4578817,-0.48433998,2.278536,-1.4785757,-0.012523972,-0.017239675,-0.015509789,-0.012009724,-0.006790341,-0.0007056271,0.0051842025,0.010415342,0.015266338,0.02010435,0.024672657,0.028112601,0.029691512,0.0061701764,0.008552252,0.007911533,0.0066134958,0.0047153537,0.0026212486,0.00082166796,-0.00047150435,-0.0014066616,-0.0022066287,-0.0028451448,-0.0030588827,-0.0026782895,disgust,03-01-07-01-02-02-08.wav
-728.816,60.276264,16.257631,18.891876,11.993579,6.8478956,4.2477207,-8.179351,-1.8014897,1.130511,0.4124462,-2.2331886,-0.14897564,0.04597711,0.059869617,0.059613526,0.057200618,0.043410078,0.024064373,0.0049253316,-0.0070867664,-0.016616128,-0.028011594,-0.034906957,-0.034401733,-0.026334824,-0.004203456,-0.004706618,-0.0032226793,-0.0026429892,-0.003332494,-0.004482561,-0.005256204,-0.004574566,-0.0028064637,-0.0029168925,-0.003187514,-0.0012514691,0.0013839719,sad,03-01-04-01-02-01-08.wav
-634.7532,61.119343,-8.01882,16.063856,10.380354,-4.2609963,-4.9648194,-17.897352,-1.9438621,3.0691907,-7.43021,-4.757815,-0.31620544,0.4085087,0.19314887,-0.2795925,-0.072914794,0.013117199,-0.053613532,-0.13604334,-0.23970361,-0.057034872,0.027329989,-0.112493284,-0.087016016,-0.009769475,-0.062499046,0.042103007,0.041148514,0.012218575,0.033943843,0.008351209,0.0019387899,0.0016068915,0.0097929025,0.0062542357,-0.0042613796,-0.002082748,-0.0033620866,sad,03-01-04-02-01-01-08.wav
-646.5699,73.4607,4.792177,15.5126295,4.20093,-5.265331,-6.212434,-6.456671,-1.3430327,-2.1746762,-2.4798188,1.0448539,-2.9184477,0.103667274,0.19510752,0.16604386,0.07616069,0.065954685,-0.005340108,-0.08220374,-0.07459888,-0.061575744,-0.054551553,-0.06330999,-0.045537774,0.0038581567,-0.07216534,-0.038930196,0.02987817,0.015298372,-0.0050387704,-0.0028246713,0.0037737156,0.00339046,-0.0034662946,0.006153716,0.02208736,0.021299932,0.013655247,disgust,03-01-07-02-01-02-08.wav
-574.44965,44.27155,-2.4598055,1.9899764,-3.507821,-2.1248877,4.1538033,-12.103497,-3.7432556,-2.8954732,-0.51866543,-4.9242563,-2.7819557,0.014785953,0.020817222,0.020539632,0.02008194,0.01945092,0.018656358,0.01771018,0.01662652,0.015421297,0.014111891,0.012716793,0.011255171,0.009746645,0.0017877207,0.0025214625,0.0025009557,0.0024672195,0.002420888,0.002362824,0.0022940882,0.0022159088,0.0021296595,0.0020367575,0.0019386861,0.0018369432,0.0017329578,surprised,03-01-08-02-02-01-08.wav
-614.439,49.789852,1.6896662,10.976289,5.4921765,3.1345334,1.565676,-12.791474,0.9273574,2.0464518,-1.0531112,-4.54634,1.5782506,0.22951126,0.19980466,0.020812988,0.00022767783,0.048990168,0.021237988,-0.08780555,-0.1599946,-0.10481639,-0.015936125,-0.016294245,-0.05332478,-0.044380207,0.042998023,0.033408206,-0.004527268,-0.006169307,0.00679282,0.002637002,-0.018388841,-0.031197825,-0.017586453,0.0008775741,-0.0016799897,-0.011274278,-0.010400469,surprised,03-01-08-01-01-01-08.wav
-573.11676,45.579872,-7.8476753,5.7146673,4.9645796,-4.498846,3.530361,-15.04197,-3.7200432,-0.029788706,-8.739076,-2.871035,-3.3553505,0.002860975,0.003771728,0.0030019989,0.0018935504,0.0006623388,-0.00046565698,-0.0013035348,-0.0017355433,-0.0017274341,-0.001314679,-0.00057729083,0.00038822342,0.0014881158,0.005216521,0.007191604,0.0066950214,0.006005437,0.0051976247,0.0042978143,0.0033594798,0.0024870313,0.0017637007,0.0011896165,0.0007217305,0.00035117858,0.000102740414,fearful,03-01-06-01-02-02-08.wav
-600.3098,46.620052,8.670779,11.184936,-0.25506523,-0.07119043,7.7700768,-6.2322464,-3.7074118,-3.2773302,-1.4970169,-1.7484095,-0.7225975,0.42285237,0.3423841,-0.088488095,-0.22539309,-0.111668795,-0.046786264,-0.10655863,-0.1624639,-0.13225308,-0.058271844,-0.004492666,-0.0016840306,-0.035171334,0.033567354,0.029647766,-0.0005922598,-0.01052891,-0.0023261714,0.0058397828,0.007412158,0.005120505,0.002662694,0.0029641232,0.009313725,0.016743047,0.016360078,angry,03-01-05-01-02-01-08.wav
-471.00104,46.070404,-14.330334,3.5532634,-12.781026,-7.592484,7.563658,-9.318291,-6.320538,-2.7234612,-1.6259358,-1.652699,-2.655707,-0.08128073,-0.075129665,-0.0046857344,0.031198684,0.02547843,-0.00063465914,-0.019489333,-0.019523188,-0.019735713,-0.026898451,-0.029688627,-0.023415288,-0.008231281,0.011865122,-0.009463923,-0.0072572343,0.018778777,0.010292752,0.0046427893,0.0024012744,-0.0013120022,-0.0004896511,0.0015444908,0.00029952097,0.0026830214,0.007643927,angry,03-01-05-02-01-01-08.wav
-453.49353,22.487139,-22.800457,6.96649,-5.845938,-10.839303,0.9920982,-14.236735,-2.1949444,1.8442582,-4.294574,-2.9436202,-2.2168527,-0.009885528,-0.013445747,-0.012957624,-0.011902623,-0.010948085,-0.010024844,-0.008961486,-0.008593351,-0.008096164,-0.008389862,-0.008371754,-0.008740379,-0.00918455,-0.005015345,-0.0067208814,-0.006116115,-0.005301278,-0.0045717293,-0.0038455985,-0.0031087364,-0.0028184706,-0.0027630513,-0.003085773,-0.0032126987,-0.0033894558,-0.0036577536,fearful,03-01-06-02-01-02-08.wav
-732.97144,70.690636,12.370751,23.33701,8.536957,4.214551,5.381937,-4.337357,1.6690915,-2.723185,0.81383455,-2.6697466,1.8576578,0.0393039,0.04280339,-0.017561404,-0.051391866,-0.025722092,0.015781607,0.035341103,0.05182399,0.025612956,0.019089464,0.0029419167,-0.01211758,0.0041223513,-0.006786198,-0.0011709293,-0.009137331,-0.0065019354,0.007992734,0.008627487,0.0018118784,-0.0009814079,-0.0018613888,-0.0064634397,-0.0024055368,0.0055818185,0.012469437,sad,03-01-04-01-01-02-08.wav
-678.87915,63.43524,12.022701,16.18584,6.9171805,4.9027853,4.0748096,-5.598109,-0.9252303,2.6199732,1.2893741,-2.528783,0.4918537,0.38895124,0.2367526,-0.07357856,-0.04874894,0.060835846,0.11699767,-0.08198116,-0.11790574,0.065071635,0.104035825,0.07245039,-0.045196906,-0.05851843,0.041319493,0.029838884,-0.003521956,-0.0031258678,0.0108048,0.015788063,-0.0031399855,-0.010839097,0.0053229607,0.013050776,0.0050452533,-0.008295888,-0.006451027,disgust,03-01-07-01-01-01-08.wav
-656.734,54.82424,13.394762,14.272485,6.5328007,-1.7580159,-2.6833086,-8.367075,-2.693293,-3.3946953,-5.4851656,3.7687485,-3.7640805,0.017191442,0.022729151,0.020319879,0.015320582,0.009723593,0.0029083157,-0.0040024114,-0.0106410505,-0.016745644,-0.021360906,-0.025036136,-0.026331913,-0.02673405,0.0036672421,0.00499768,0.0041893567,0.0030935358,0.0015909941,1.5405394e-05,-0.0016213844,-0.0031085452,-0.0043063625,-0.0052124225,-0.00559322,-0.0056459066,-0.005115001,disgust,03-01-07-02-02-01-08.wav
-634.454,67.64768,-2.2503846,16.505367,9.835844,0.6854527,-3.0895743,-21.957302,-6.570021,7.766305,-7.6364913,-4.9931,0.3519135,1.0623382,0.2615517,-0.3530248,0.16126814,0.017899102,-0.008614468,-0.0356401,-0.12230165,-0.050839543,0.07167735,-0.00010364056,-0.03109157,0.07852374,0.120429456,0.044409085,-0.042841148,-0.00650838,-0.010218733,-0.025777832,-0.015160168,-0.022725966,-0.009298335,0.0039412277,-0.013807192,-0.010482602,-0.008008857,sad,03-01-04-02-02-02-08.wav
-542.6259,49.68073,-22.962772,9.118456,1.5387205,-11.664795,-3.7595575,-13.144971,-4.376732,-2.83953,-9.663784,-5.5426097,-5.6598406,-0.055924717,0.044830658,0.0466121,0.0006098579,-0.003407021,-0.022520358,0.011785889,-0.015936548,-0.0113255,-0.04111023,-0.0087603405,-0.007985034,-0.029958343,-0.05354179,-0.007895924,0.017195903,0.025315078,0.007938179,-0.008509745,0.024267586,0.006593316,0.011193204,-0.014108935,0.009870625,0.021765154,-0.006457545,happy,03-01-03-02-02-02-08.wav
-639.61835,55.00042,-7.707785,21.592333,6.0045304,-2.4040432,1.7003609,-5.8812757,0.6941272,-0.6263421,0.054404445,-3.249483,-0.27127084,0.03181386,0.007860529,-0.03938954,-0.027600987,-0.004566705,-0.023975078,-0.04628623,-0.039189614,-0.03983979,-0.057229497,-0.04740552,-0.012875141,-0.003133492,0.008164604,0.006902554,0.00060752896,0.0015423346,0.0051302253,0.004179164,0.00084494665,-0.00082432566,-0.0019590487,-0.0030584016,-0.0016223849,0.0013626298,0.0013844575,happy,03-01-03-01-01-02-08.wav
-674.523,64.75183,9.010929,20.544434,5.876039,3.8808322,3.67931,-7.319492,-1.1293484,-0.3363309,2.1020334,-2.088136,1.999523,-0.095842175,-0.12352066,-0.09414153,-0.06228395,-0.040156424,-0.030180495,-0.026791427,-0.023582255,-0.018200148,-0.01168774,-0.005430209,0.00018274547,0.0052748863,0.010739178,0.012395202,0.0059111197,-0.00018853383,-0.0028691608,-0.0019862005,0.0004892318,0.0025021287,0.003187268,0.0027666786,0.0018246932,0.00076386076,-0.000395718,neutral,03-01-01-01-02-02-08.wav
